ISO-10303-21;
HEADER;
/* Generated by software containing ST-Developer
 * from STEP Tools, Inc. (www.steptools.com) 
 */

FILE_DESCRIPTION(
/* description */ (''),
/* implementation_level */ '2;1');

FILE_NAME(
/* name */ 'Rotary Motor Mount v0.step',
/* time_stamp */ '2025-08-14T14:50:00-07:00',
/* author */ (''),
/* organization */ (''),
/* preprocessor_version */ 'ST-DEVELOPER v20.1',
/* originating_system */ 'Autodesk Translation Framework v14.10.0.0',
/* authorisation */ '');

FILE_SCHEMA (('AUTOMOTIVE_DESIGN { 1 0 10303 214 3 1 1 }'));
ENDSEC;

DATA;
#10=MECHANICAL_DESIGN_GEOMETRIC_PRESENTATION_REPRESENTATION('',(#13,#14,
#15,#16),#6744);
#11=SHAPE_REPRESENTATION_RELATIONSHIP('SRR','None',#6751,#12);
#12=ADVANCED_BREP_SHAPE_REPRESENTATION('',(#17,#18,#19,#20),#6743);
#13=STYLED_ITEM('',(#6760),#17);
#14=STYLED_ITEM('',(#6760),#18);
#15=STYLED_ITEM('',(#6760),#19);
#16=STYLED_ITEM('',(#6760),#20);
#17=MANIFOLD_SOLID_BREP('Body2',#4281);
#18=MANIFOLD_SOLID_BREP('Body3',#4282);
#19=MANIFOLD_SOLID_BREP('Body4',#4283);
#20=MANIFOLD_SOLID_BREP('Body6',#4284);
#21=FACE_BOUND('',#299,.T.);
#22=FACE_BOUND('',#300,.T.);
#23=FACE_BOUND('',#302,.T.);
#24=FACE_BOUND('',#303,.T.);
#25=FACE_BOUND('',#338,.T.);
#26=FACE_BOUND('',#353,.T.);
#27=FACE_BOUND('',#449,.T.);
#28=FACE_BOUND('',#450,.T.);
#29=FACE_BOUND('',#453,.T.);
#30=FACE_BOUND('',#458,.T.);
#31=FACE_OUTER_BOUND('',#241,.T.);
#32=FACE_OUTER_BOUND('',#242,.T.);
#33=FACE_OUTER_BOUND('',#243,.T.);
#34=FACE_OUTER_BOUND('',#244,.T.);
#35=FACE_OUTER_BOUND('',#245,.T.);
#36=FACE_OUTER_BOUND('',#246,.T.);
#37=FACE_OUTER_BOUND('',#247,.T.);
#38=FACE_OUTER_BOUND('',#248,.T.);
#39=FACE_OUTER_BOUND('',#249,.T.);
#40=FACE_OUTER_BOUND('',#250,.T.);
#41=FACE_OUTER_BOUND('',#251,.T.);
#42=FACE_OUTER_BOUND('',#252,.T.);
#43=FACE_OUTER_BOUND('',#253,.T.);
#44=FACE_OUTER_BOUND('',#254,.T.);
#45=FACE_OUTER_BOUND('',#255,.T.);
#46=FACE_OUTER_BOUND('',#256,.T.);
#47=FACE_OUTER_BOUND('',#257,.T.);
#48=FACE_OUTER_BOUND('',#258,.T.);
#49=FACE_OUTER_BOUND('',#259,.T.);
#50=FACE_OUTER_BOUND('',#260,.T.);
#51=FACE_OUTER_BOUND('',#261,.T.);
#52=FACE_OUTER_BOUND('',#262,.T.);
#53=FACE_OUTER_BOUND('',#263,.T.);
#54=FACE_OUTER_BOUND('',#264,.T.);
#55=FACE_OUTER_BOUND('',#265,.T.);
#56=FACE_OUTER_BOUND('',#266,.T.);
#57=FACE_OUTER_BOUND('',#267,.T.);
#58=FACE_OUTER_BOUND('',#268,.T.);
#59=FACE_OUTER_BOUND('',#269,.T.);
#60=FACE_OUTER_BOUND('',#270,.T.);
#61=FACE_OUTER_BOUND('',#271,.T.);
#62=FACE_OUTER_BOUND('',#272,.T.);
#63=FACE_OUTER_BOUND('',#273,.T.);
#64=FACE_OUTER_BOUND('',#274,.T.);
#65=FACE_OUTER_BOUND('',#275,.T.);
#66=FACE_OUTER_BOUND('',#276,.T.);
#67=FACE_OUTER_BOUND('',#277,.T.);
#68=FACE_OUTER_BOUND('',#278,.T.);
#69=FACE_OUTER_BOUND('',#279,.T.);
#70=FACE_OUTER_BOUND('',#280,.T.);
#71=FACE_OUTER_BOUND('',#281,.T.);
#72=FACE_OUTER_BOUND('',#282,.T.);
#73=FACE_OUTER_BOUND('',#283,.T.);
#74=FACE_OUTER_BOUND('',#284,.T.);
#75=FACE_OUTER_BOUND('',#285,.T.);
#76=FACE_OUTER_BOUND('',#286,.T.);
#77=FACE_OUTER_BOUND('',#287,.T.);
#78=FACE_OUTER_BOUND('',#288,.T.);
#79=FACE_OUTER_BOUND('',#289,.T.);
#80=FACE_OUTER_BOUND('',#290,.T.);
#81=FACE_OUTER_BOUND('',#291,.T.);
#82=FACE_OUTER_BOUND('',#292,.T.);
#83=FACE_OUTER_BOUND('',#293,.T.);
#84=FACE_OUTER_BOUND('',#294,.T.);
#85=FACE_OUTER_BOUND('',#295,.T.);
#86=FACE_OUTER_BOUND('',#296,.T.);
#87=FACE_OUTER_BOUND('',#297,.T.);
#88=FACE_OUTER_BOUND('',#298,.T.);
#89=FACE_OUTER_BOUND('',#301,.T.);
#90=FACE_OUTER_BOUND('',#304,.T.);
#91=FACE_OUTER_BOUND('',#305,.T.);
#92=FACE_OUTER_BOUND('',#306,.T.);
#93=FACE_OUTER_BOUND('',#307,.T.);
#94=FACE_OUTER_BOUND('',#308,.T.);
#95=FACE_OUTER_BOUND('',#309,.T.);
#96=FACE_OUTER_BOUND('',#310,.T.);
#97=FACE_OUTER_BOUND('',#311,.T.);
#98=FACE_OUTER_BOUND('',#312,.T.);
#99=FACE_OUTER_BOUND('',#313,.T.);
#100=FACE_OUTER_BOUND('',#314,.T.);
#101=FACE_OUTER_BOUND('',#315,.T.);
#102=FACE_OUTER_BOUND('',#316,.T.);
#103=FACE_OUTER_BOUND('',#317,.T.);
#104=FACE_OUTER_BOUND('',#318,.T.);
#105=FACE_OUTER_BOUND('',#319,.T.);
#106=FACE_OUTER_BOUND('',#320,.T.);
#107=FACE_OUTER_BOUND('',#321,.T.);
#108=FACE_OUTER_BOUND('',#322,.T.);
#109=FACE_OUTER_BOUND('',#323,.T.);
#110=FACE_OUTER_BOUND('',#324,.T.);
#111=FACE_OUTER_BOUND('',#325,.T.);
#112=FACE_OUTER_BOUND('',#326,.T.);
#113=FACE_OUTER_BOUND('',#327,.T.);
#114=FACE_OUTER_BOUND('',#328,.T.);
#115=FACE_OUTER_BOUND('',#329,.T.);
#116=FACE_OUTER_BOUND('',#330,.T.);
#117=FACE_OUTER_BOUND('',#331,.T.);
#118=FACE_OUTER_BOUND('',#332,.T.);
#119=FACE_OUTER_BOUND('',#333,.T.);
#120=FACE_OUTER_BOUND('',#334,.T.);
#121=FACE_OUTER_BOUND('',#335,.T.);
#122=FACE_OUTER_BOUND('',#336,.T.);
#123=FACE_OUTER_BOUND('',#337,.T.);
#124=FACE_OUTER_BOUND('',#339,.T.);
#125=FACE_OUTER_BOUND('',#340,.T.);
#126=FACE_OUTER_BOUND('',#341,.T.);
#127=FACE_OUTER_BOUND('',#342,.T.);
#128=FACE_OUTER_BOUND('',#343,.T.);
#129=FACE_OUTER_BOUND('',#344,.T.);
#130=FACE_OUTER_BOUND('',#345,.T.);
#131=FACE_OUTER_BOUND('',#346,.T.);
#132=FACE_OUTER_BOUND('',#347,.T.);
#133=FACE_OUTER_BOUND('',#348,.T.);
#134=FACE_OUTER_BOUND('',#349,.T.);
#135=FACE_OUTER_BOUND('',#350,.T.);
#136=FACE_OUTER_BOUND('',#351,.T.);
#137=FACE_OUTER_BOUND('',#352,.T.);
#138=FACE_OUTER_BOUND('',#354,.T.);
#139=FACE_OUTER_BOUND('',#355,.T.);
#140=FACE_OUTER_BOUND('',#356,.T.);
#141=FACE_OUTER_BOUND('',#357,.T.);
#142=FACE_OUTER_BOUND('',#358,.T.);
#143=FACE_OUTER_BOUND('',#359,.T.);
#144=FACE_OUTER_BOUND('',#360,.T.);
#145=FACE_OUTER_BOUND('',#361,.T.);
#146=FACE_OUTER_BOUND('',#362,.T.);
#147=FACE_OUTER_BOUND('',#363,.T.);
#148=FACE_OUTER_BOUND('',#364,.T.);
#149=FACE_OUTER_BOUND('',#365,.T.);
#150=FACE_OUTER_BOUND('',#366,.T.);
#151=FACE_OUTER_BOUND('',#367,.T.);
#152=FACE_OUTER_BOUND('',#368,.T.);
#153=FACE_OUTER_BOUND('',#369,.T.);
#154=FACE_OUTER_BOUND('',#370,.T.);
#155=FACE_OUTER_BOUND('',#371,.T.);
#156=FACE_OUTER_BOUND('',#372,.T.);
#157=FACE_OUTER_BOUND('',#373,.T.);
#158=FACE_OUTER_BOUND('',#374,.T.);
#159=FACE_OUTER_BOUND('',#375,.T.);
#160=FACE_OUTER_BOUND('',#376,.T.);
#161=FACE_OUTER_BOUND('',#377,.T.);
#162=FACE_OUTER_BOUND('',#378,.T.);
#163=FACE_OUTER_BOUND('',#379,.T.);
#164=FACE_OUTER_BOUND('',#380,.T.);
#165=FACE_OUTER_BOUND('',#381,.T.);
#166=FACE_OUTER_BOUND('',#382,.T.);
#167=FACE_OUTER_BOUND('',#383,.T.);
#168=FACE_OUTER_BOUND('',#384,.T.);
#169=FACE_OUTER_BOUND('',#385,.T.);
#170=FACE_OUTER_BOUND('',#386,.T.);
#171=FACE_OUTER_BOUND('',#387,.T.);
#172=FACE_OUTER_BOUND('',#388,.T.);
#173=FACE_OUTER_BOUND('',#389,.T.);
#174=FACE_OUTER_BOUND('',#390,.T.);
#175=FACE_OUTER_BOUND('',#391,.T.);
#176=FACE_OUTER_BOUND('',#392,.T.);
#177=FACE_OUTER_BOUND('',#393,.T.);
#178=FACE_OUTER_BOUND('',#394,.T.);
#179=FACE_OUTER_BOUND('',#395,.T.);
#180=FACE_OUTER_BOUND('',#396,.T.);
#181=FACE_OUTER_BOUND('',#397,.T.);
#182=FACE_OUTER_BOUND('',#398,.T.);
#183=FACE_OUTER_BOUND('',#399,.T.);
#184=FACE_OUTER_BOUND('',#400,.T.);
#185=FACE_OUTER_BOUND('',#401,.T.);
#186=FACE_OUTER_BOUND('',#402,.T.);
#187=FACE_OUTER_BOUND('',#403,.T.);
#188=FACE_OUTER_BOUND('',#404,.T.);
#189=FACE_OUTER_BOUND('',#405,.T.);
#190=FACE_OUTER_BOUND('',#406,.T.);
#191=FACE_OUTER_BOUND('',#407,.T.);
#192=FACE_OUTER_BOUND('',#408,.T.);
#193=FACE_OUTER_BOUND('',#409,.T.);
#194=FACE_OUTER_BOUND('',#410,.T.);
#195=FACE_OUTER_BOUND('',#411,.T.);
#196=FACE_OUTER_BOUND('',#412,.T.);
#197=FACE_OUTER_BOUND('',#413,.T.);
#198=FACE_OUTER_BOUND('',#414,.T.);
#199=FACE_OUTER_BOUND('',#415,.T.);
#200=FACE_OUTER_BOUND('',#416,.T.);
#201=FACE_OUTER_BOUND('',#417,.T.);
#202=FACE_OUTER_BOUND('',#418,.T.);
#203=FACE_OUTER_BOUND('',#419,.T.);
#204=FACE_OUTER_BOUND('',#420,.T.);
#205=FACE_OUTER_BOUND('',#421,.T.);
#206=FACE_OUTER_BOUND('',#422,.T.);
#207=FACE_OUTER_BOUND('',#423,.T.);
#208=FACE_OUTER_BOUND('',#424,.T.);
#209=FACE_OUTER_BOUND('',#425,.T.);
#210=FACE_OUTER_BOUND('',#426,.T.);
#211=FACE_OUTER_BOUND('',#427,.T.);
#212=FACE_OUTER_BOUND('',#428,.T.);
#213=FACE_OUTER_BOUND('',#429,.T.);
#214=FACE_OUTER_BOUND('',#430,.T.);
#215=FACE_OUTER_BOUND('',#431,.T.);
#216=FACE_OUTER_BOUND('',#432,.T.);
#217=FACE_OUTER_BOUND('',#433,.T.);
#218=FACE_OUTER_BOUND('',#434,.T.);
#219=FACE_OUTER_BOUND('',#435,.T.);
#220=FACE_OUTER_BOUND('',#436,.T.);
#221=FACE_OUTER_BOUND('',#437,.T.);
#222=FACE_OUTER_BOUND('',#438,.T.);
#223=FACE_OUTER_BOUND('',#439,.T.);
#224=FACE_OUTER_BOUND('',#440,.T.);
#225=FACE_OUTER_BOUND('',#441,.T.);
#226=FACE_OUTER_BOUND('',#442,.T.);
#227=FACE_OUTER_BOUND('',#443,.T.);
#228=FACE_OUTER_BOUND('',#444,.T.);
#229=FACE_OUTER_BOUND('',#445,.T.);
#230=FACE_OUTER_BOUND('',#446,.T.);
#231=FACE_OUTER_BOUND('',#447,.T.);
#232=FACE_OUTER_BOUND('',#448,.T.);
#233=FACE_OUTER_BOUND('',#451,.T.);
#234=FACE_OUTER_BOUND('',#452,.T.);
#235=FACE_OUTER_BOUND('',#454,.T.);
#236=FACE_OUTER_BOUND('',#455,.T.);
#237=FACE_OUTER_BOUND('',#456,.T.);
#238=FACE_OUTER_BOUND('',#457,.T.);
#239=FACE_OUTER_BOUND('',#459,.T.);
#240=FACE_OUTER_BOUND('',#460,.T.);
#241=EDGE_LOOP('',(#2661,#2662,#2663,#2664));
#242=EDGE_LOOP('',(#2665,#2666,#2667,#2668));
#243=EDGE_LOOP('',(#2669,#2670,#2671,#2672));
#244=EDGE_LOOP('',(#2673,#2674,#2675,#2676));
#245=EDGE_LOOP('',(#2677,#2678,#2679,#2680));
#246=EDGE_LOOP('',(#2681,#2682,#2683,#2684));
#247=EDGE_LOOP('',(#2685,#2686,#2687,#2688));
#248=EDGE_LOOP('',(#2689,#2690,#2691,#2692));
#249=EDGE_LOOP('',(#2693,#2694,#2695,#2696));
#250=EDGE_LOOP('',(#2697,#2698,#2699,#2700));
#251=EDGE_LOOP('',(#2701,#2702,#2703,#2704));
#252=EDGE_LOOP('',(#2705,#2706,#2707,#2708));
#253=EDGE_LOOP('',(#2709,#2710,#2711,#2712));
#254=EDGE_LOOP('',(#2713,#2714,#2715,#2716));
#255=EDGE_LOOP('',(#2717,#2718,#2719,#2720));
#256=EDGE_LOOP('',(#2721,#2722,#2723,#2724));
#257=EDGE_LOOP('',(#2725,#2726,#2727,#2728));
#258=EDGE_LOOP('',(#2729,#2730,#2731,#2732));
#259=EDGE_LOOP('',(#2733,#2734,#2735,#2736));
#260=EDGE_LOOP('',(#2737,#2738,#2739,#2740));
#261=EDGE_LOOP('',(#2741,#2742,#2743,#2744));
#262=EDGE_LOOP('',(#2745,#2746,#2747,#2748));
#263=EDGE_LOOP('',(#2749,#2750,#2751,#2752));
#264=EDGE_LOOP('',(#2753,#2754,#2755,#2756));
#265=EDGE_LOOP('',(#2757,#2758,#2759,#2760));
#266=EDGE_LOOP('',(#2761,#2762,#2763,#2764));
#267=EDGE_LOOP('',(#2765,#2766,#2767,#2768));
#268=EDGE_LOOP('',(#2769,#2770,#2771,#2772));
#269=EDGE_LOOP('',(#2773,#2774,#2775,#2776));
#270=EDGE_LOOP('',(#2777,#2778,#2779,#2780));
#271=EDGE_LOOP('',(#2781,#2782,#2783,#2784));
#272=EDGE_LOOP('',(#2785,#2786,#2787,#2788));
#273=EDGE_LOOP('',(#2789,#2790,#2791,#2792));
#274=EDGE_LOOP('',(#2793,#2794,#2795,#2796));
#275=EDGE_LOOP('',(#2797,#2798,#2799,#2800));
#276=EDGE_LOOP('',(#2801,#2802,#2803,#2804));
#277=EDGE_LOOP('',(#2805,#2806,#2807,#2808));
#278=EDGE_LOOP('',(#2809,#2810,#2811,#2812));
#279=EDGE_LOOP('',(#2813,#2814,#2815,#2816));
#280=EDGE_LOOP('',(#2817,#2818,#2819,#2820));
#281=EDGE_LOOP('',(#2821,#2822,#2823,#2824));
#282=EDGE_LOOP('',(#2825,#2826,#2827,#2828));
#283=EDGE_LOOP('',(#2829,#2830,#2831,#2832));
#284=EDGE_LOOP('',(#2833,#2834,#2835,#2836));
#285=EDGE_LOOP('',(#2837,#2838,#2839,#2840));
#286=EDGE_LOOP('',(#2841,#2842,#2843,#2844));
#287=EDGE_LOOP('',(#2845,#2846,#2847,#2848));
#288=EDGE_LOOP('',(#2849,#2850,#2851,#2852));
#289=EDGE_LOOP('',(#2853,#2854,#2855,#2856));
#290=EDGE_LOOP('',(#2857,#2858,#2859,#2860));
#291=EDGE_LOOP('',(#2861,#2862,#2863,#2864));
#292=EDGE_LOOP('',(#2865,#2866,#2867,#2868));
#293=EDGE_LOOP('',(#2869,#2870,#2871,#2872));
#294=EDGE_LOOP('',(#2873,#2874,#2875,#2876));
#295=EDGE_LOOP('',(#2877,#2878,#2879,#2880));
#296=EDGE_LOOP('',(#2881,#2882,#2883,#2884));
#297=EDGE_LOOP('',(#2885,#2886,#2887,#2888));
#298=EDGE_LOOP('',(#2889,#2890,#2891,#2892,#2893));
#299=EDGE_LOOP('',(#2894,#2895,#2896,#2897,#2898,#2899,#2900,#2901,#2902,
#2903,#2904,#2905,#2906,#2907,#2908,#2909,#2910,#2911,#2912,#2913,#2914,
#2915,#2916,#2917,#2918,#2919));
#300=EDGE_LOOP('',(#2920,#2921,#2922,#2923,#2924,#2925,#2926,#2927,#2928,
#2929,#2930,#2931,#2932,#2933,#2934,#2935,#2936,#2937,#2938,#2939,#2940,
#2941,#2942,#2943,#2944,#2945));
#301=EDGE_LOOP('',(#2946,#2947,#2948,#2949,#2950));
#302=EDGE_LOOP('',(#2951,#2952,#2953,#2954,#2955,#2956,#2957,#2958,#2959,
#2960,#2961,#2962,#2963,#2964,#2965,#2966,#2967,#2968,#2969,#2970,#2971,
#2972,#2973,#2974,#2975,#2976));
#303=EDGE_LOOP('',(#2977,#2978,#2979,#2980,#2981,#2982,#2983,#2984,#2985,
#2986,#2987,#2988,#2989,#2990,#2991,#2992,#2993,#2994,#2995,#2996,#2997,
#2998,#2999,#3000,#3001,#3002));
#304=EDGE_LOOP('',(#3003,#3004,#3005,#3006));
#305=EDGE_LOOP('',(#3007,#3008,#3009,#3010));
#306=EDGE_LOOP('',(#3011,#3012,#3013,#3014));
#307=EDGE_LOOP('',(#3015,#3016,#3017,#3018));
#308=EDGE_LOOP('',(#3019,#3020,#3021,#3022));
#309=EDGE_LOOP('',(#3023,#3024,#3025,#3026));
#310=EDGE_LOOP('',(#3027,#3028,#3029,#3030,#3031));
#311=EDGE_LOOP('',(#3032,#3033,#3034,#3035,#3036,#3037,#3038,#3039));
#312=EDGE_LOOP('',(#3040,#3041,#3042,#3043,#3044,#3045,#3046,#3047,#3048,
#3049));
#313=EDGE_LOOP('',(#3050,#3051,#3052,#3053,#3054,#3055));
#314=EDGE_LOOP('',(#3056,#3057,#3058,#3059));
#315=EDGE_LOOP('',(#3060,#3061,#3062,#3063));
#316=EDGE_LOOP('',(#3064,#3065,#3066,#3067));
#317=EDGE_LOOP('',(#3068,#3069,#3070,#3071));
#318=EDGE_LOOP('',(#3072,#3073,#3074,#3075,#3076,#3077));
#319=EDGE_LOOP('',(#3078,#3079,#3080,#3081,#3082,#3083,#3084,#3085,#3086));
#320=EDGE_LOOP('',(#3087,#3088,#3089,#3090));
#321=EDGE_LOOP('',(#3091,#3092,#3093,#3094));
#322=EDGE_LOOP('',(#3095,#3096,#3097,#3098));
#323=EDGE_LOOP('',(#3099,#3100,#3101,#3102));
#324=EDGE_LOOP('',(#3103,#3104,#3105,#3106));
#325=EDGE_LOOP('',(#3107,#3108,#3109,#3110));
#326=EDGE_LOOP('',(#3111,#3112,#3113,#3114,#3115));
#327=EDGE_LOOP('',(#3116,#3117,#3118,#3119));
#328=EDGE_LOOP('',(#3120,#3121,#3122,#3123,#3124,#3125,#3126,#3127,#3128));
#329=EDGE_LOOP('',(#3129,#3130,#3131,#3132,#3133,#3134,#3135,#3136,#3137,
#3138,#3139));
#330=EDGE_LOOP('',(#3140,#3141,#3142,#3143,#3144,#3145));
#331=EDGE_LOOP('',(#3146,#3147,#3148,#3149));
#332=EDGE_LOOP('',(#3150,#3151,#3152,#3153));
#333=EDGE_LOOP('',(#3154,#3155,#3156,#3157));
#334=EDGE_LOOP('',(#3158,#3159,#3160,#3161));
#335=EDGE_LOOP('',(#3162,#3163,#3164,#3165,#3166,#3167,#3168,#3169,#3170));
#336=EDGE_LOOP('',(#3171,#3172,#3173,#3174,#3175,#3176));
#337=EDGE_LOOP('',(#3177,#3178,#3179,#3180,#3181,#3182,#3183,#3184,#3185,
#3186,#3187,#3188,#3189,#3190,#3191,#3192,#3193,#3194,#3195,#3196,#3197,
#3198,#3199,#3200,#3201,#3202));
#338=EDGE_LOOP('',(#3203,#3204,#3205,#3206,#3207,#3208,#3209,#3210,#3211,
#3212,#3213,#3214,#3215,#3216,#3217,#3218,#3219,#3220,#3221,#3222,#3223,
#3224,#3225,#3226,#3227,#3228));
#339=EDGE_LOOP('',(#3229,#3230,#3231,#3232));
#340=EDGE_LOOP('',(#3233,#3234,#3235,#3236));
#341=EDGE_LOOP('',(#3237,#3238,#3239,#3240));
#342=EDGE_LOOP('',(#3241,#3242,#3243,#3244));
#343=EDGE_LOOP('',(#3245,#3246,#3247,#3248));
#344=EDGE_LOOP('',(#3249,#3250,#3251,#3252));
#345=EDGE_LOOP('',(#3253,#3254,#3255,#3256));
#346=EDGE_LOOP('',(#3257,#3258,#3259,#3260));
#347=EDGE_LOOP('',(#3261,#3262,#3263,#3264));
#348=EDGE_LOOP('',(#3265,#3266,#3267,#3268));
#349=EDGE_LOOP('',(#3269,#3270,#3271,#3272));
#350=EDGE_LOOP('',(#3273,#3274,#3275,#3276));
#351=EDGE_LOOP('',(#3277,#3278,#3279,#3280));
#352=EDGE_LOOP('',(#3281,#3282,#3283,#3284,#3285,#3286,#3287,#3288,#3289,
#3290,#3291,#3292,#3293,#3294,#3295,#3296,#3297,#3298,#3299,#3300,#3301,
#3302,#3303,#3304,#3305,#3306,#3307));
#353=EDGE_LOOP('',(#3308,#3309,#3310,#3311,#3312,#3313,#3314,#3315,#3316,
#3317,#3318,#3319,#3320,#3321,#3322,#3323,#3324,#3325,#3326,#3327,#3328,
#3329,#3330,#3331,#3332,#3333,#3334));
#354=EDGE_LOOP('',(#3335,#3336,#3337,#3338));
#355=EDGE_LOOP('',(#3339,#3340,#3341,#3342));
#356=EDGE_LOOP('',(#3343,#3344,#3345,#3346));
#357=EDGE_LOOP('',(#3347,#3348,#3349,#3350));
#358=EDGE_LOOP('',(#3351,#3352,#3353,#3354));
#359=EDGE_LOOP('',(#3355,#3356,#3357,#3358));
#360=EDGE_LOOP('',(#3359,#3360,#3361,#3362));
#361=EDGE_LOOP('',(#3363,#3364,#3365,#3366));
#362=EDGE_LOOP('',(#3367,#3368,#3369,#3370));
#363=EDGE_LOOP('',(#3371,#3372,#3373,#3374));
#364=EDGE_LOOP('',(#3375,#3376,#3377,#3378));
#365=EDGE_LOOP('',(#3379,#3380,#3381,#3382));
#366=EDGE_LOOP('',(#3383,#3384,#3385,#3386));
#367=EDGE_LOOP('',(#3387,#3388,#3389,#3390));
#368=EDGE_LOOP('',(#3391,#3392,#3393,#3394));
#369=EDGE_LOOP('',(#3395,#3396,#3397,#3398));
#370=EDGE_LOOP('',(#3399,#3400,#3401,#3402));
#371=EDGE_LOOP('',(#3403,#3404,#3405,#3406));
#372=EDGE_LOOP('',(#3407,#3408,#3409,#3410));
#373=EDGE_LOOP('',(#3411,#3412,#3413,#3414));
#374=EDGE_LOOP('',(#3415,#3416,#3417,#3418));
#375=EDGE_LOOP('',(#3419,#3420,#3421,#3422));
#376=EDGE_LOOP('',(#3423,#3424,#3425,#3426));
#377=EDGE_LOOP('',(#3427,#3428,#3429,#3430));
#378=EDGE_LOOP('',(#3431,#3432,#3433,#3434));
#379=EDGE_LOOP('',(#3435,#3436,#3437,#3438));
#380=EDGE_LOOP('',(#3439,#3440,#3441,#3442));
#381=EDGE_LOOP('',(#3443,#3444,#3445,#3446));
#382=EDGE_LOOP('',(#3447,#3448,#3449,#3450));
#383=EDGE_LOOP('',(#3451,#3452,#3453,#3454));
#384=EDGE_LOOP('',(#3455,#3456,#3457,#3458));
#385=EDGE_LOOP('',(#3459,#3460,#3461,#3462));
#386=EDGE_LOOP('',(#3463,#3464,#3465,#3466));
#387=EDGE_LOOP('',(#3467,#3468,#3469,#3470));
#388=EDGE_LOOP('',(#3471,#3472,#3473,#3474));
#389=EDGE_LOOP('',(#3475,#3476,#3477,#3478));
#390=EDGE_LOOP('',(#3479,#3480,#3481,#3482));
#391=EDGE_LOOP('',(#3483,#3484,#3485,#3486));
#392=EDGE_LOOP('',(#3487,#3488,#3489,#3490));
#393=EDGE_LOOP('',(#3491,#3492,#3493,#3494));
#394=EDGE_LOOP('',(#3495,#3496,#3497,#3498));
#395=EDGE_LOOP('',(#3499,#3500,#3501,#3502));
#396=EDGE_LOOP('',(#3503,#3504,#3505,#3506));
#397=EDGE_LOOP('',(#3507,#3508,#3509,#3510));
#398=EDGE_LOOP('',(#3511,#3512,#3513,#3514));
#399=EDGE_LOOP('',(#3515,#3516,#3517,#3518));
#400=EDGE_LOOP('',(#3519,#3520,#3521,#3522));
#401=EDGE_LOOP('',(#3523,#3524,#3525,#3526));
#402=EDGE_LOOP('',(#3527,#3528,#3529,#3530));
#403=EDGE_LOOP('',(#3531,#3532,#3533,#3534));
#404=EDGE_LOOP('',(#3535,#3536,#3537,#3538));
#405=EDGE_LOOP('',(#3539,#3540,#3541,#3542));
#406=EDGE_LOOP('',(#3543,#3544,#3545,#3546));
#407=EDGE_LOOP('',(#3547,#3548,#3549,#3550));
#408=EDGE_LOOP('',(#3551,#3552,#3553,#3554));
#409=EDGE_LOOP('',(#3555,#3556,#3557,#3558));
#410=EDGE_LOOP('',(#3559,#3560,#3561,#3562));
#411=EDGE_LOOP('',(#3563,#3564,#3565,#3566));
#412=EDGE_LOOP('',(#3567,#3568,#3569,#3570));
#413=EDGE_LOOP('',(#3571,#3572,#3573,#3574));
#414=EDGE_LOOP('',(#3575,#3576,#3577,#3578));
#415=EDGE_LOOP('',(#3579,#3580,#3581,#3582));
#416=EDGE_LOOP('',(#3583,#3584,#3585,#3586));
#417=EDGE_LOOP('',(#3587,#3588,#3589,#3590));
#418=EDGE_LOOP('',(#3591,#3592,#3593,#3594));
#419=EDGE_LOOP('',(#3595,#3596,#3597,#3598));
#420=EDGE_LOOP('',(#3599,#3600,#3601,#3602));
#421=EDGE_LOOP('',(#3603,#3604,#3605,#3606));
#422=EDGE_LOOP('',(#3607,#3608,#3609,#3610));
#423=EDGE_LOOP('',(#3611,#3612,#3613,#3614));
#424=EDGE_LOOP('',(#3615,#3616,#3617,#3618));
#425=EDGE_LOOP('',(#3619,#3620,#3621,#3622));
#426=EDGE_LOOP('',(#3623,#3624,#3625,#3626));
#427=EDGE_LOOP('',(#3627,#3628,#3629,#3630));
#428=EDGE_LOOP('',(#3631,#3632,#3633,#3634));
#429=EDGE_LOOP('',(#3635,#3636,#3637,#3638));
#430=EDGE_LOOP('',(#3639,#3640,#3641,#3642));
#431=EDGE_LOOP('',(#3643,#3644,#3645,#3646));
#432=EDGE_LOOP('',(#3647,#3648,#3649,#3650));
#433=EDGE_LOOP('',(#3651,#3652,#3653,#3654));
#434=EDGE_LOOP('',(#3655,#3656,#3657,#3658));
#435=EDGE_LOOP('',(#3659,#3660,#3661,#3662));
#436=EDGE_LOOP('',(#3663,#3664,#3665,#3666));
#437=EDGE_LOOP('',(#3667,#3668,#3669,#3670));
#438=EDGE_LOOP('',(#3671,#3672,#3673,#3674));
#439=EDGE_LOOP('',(#3675,#3676,#3677,#3678));
#440=EDGE_LOOP('',(#3679,#3680,#3681,#3682));
#441=EDGE_LOOP('',(#3683,#3684,#3685,#3686));
#442=EDGE_LOOP('',(#3687,#3688,#3689,#3690));
#443=EDGE_LOOP('',(#3691,#3692,#3693,#3694));
#444=EDGE_LOOP('',(#3695,#3696,#3697,#3698));
#445=EDGE_LOOP('',(#3699,#3700,#3701,#3702));
#446=EDGE_LOOP('',(#3703,#3704,#3705,#3706));
#447=EDGE_LOOP('',(#3707,#3708,#3709,#3710));
#448=EDGE_LOOP('',(#3711,#3712,#3713,#3714));
#449=EDGE_LOOP('',(#3715,#3716,#3717,#3718,#3719,#3720,#3721,#3722,#3723,
#3724,#3725,#3726,#3727,#3728,#3729,#3730,#3731,#3732,#3733,#3734,#3735,
#3736,#3737,#3738,#3739,#3740));
#450=EDGE_LOOP('',(#3741,#3742,#3743,#3744,#3745,#3746,#3747,#3748,#3749,
#3750,#3751,#3752,#3753,#3754,#3755,#3756,#3757,#3758,#3759,#3760,#3761,
#3762,#3763,#3764,#3765,#3766,#3767));
#451=EDGE_LOOP('',(#3768,#3769,#3770,#3771));
#452=EDGE_LOOP('',(#3772,#3773,#3774,#3775));
#453=EDGE_LOOP('',(#3776,#3777,#3778,#3779,#3780,#3781,#3782,#3783,#3784,
#3785,#3786,#3787,#3788,#3789,#3790,#3791,#3792,#3793,#3794,#3795,#3796,
#3797,#3798,#3799,#3800,#3801));
#454=EDGE_LOOP('',(#3802,#3803,#3804,#3805));
#455=EDGE_LOOP('',(#3806,#3807,#3808,#3809));
#456=EDGE_LOOP('',(#3810,#3811,#3812,#3813));
#457=EDGE_LOOP('',(#3814,#3815,#3816,#3817));
#458=EDGE_LOOP('',(#3818,#3819,#3820,#3821,#3822,#3823,#3824,#3825,#3826,
#3827,#3828,#3829,#3830,#3831,#3832,#3833,#3834,#3835,#3836,#3837,#3838,
#3839,#3840,#3841,#3842,#3843,#3844));
#459=EDGE_LOOP('',(#3845,#3846,#3847,#3848,#3849,#3850,#3851,#3852));
#460=EDGE_LOOP('',(#3853,#3854,#3855,#3856,#3857,#3858,#3859,#3860));
#461=LINE('',#5534,#1061);
#462=LINE('',#5536,#1062);
#463=LINE('',#5538,#1063);
#464=LINE('',#5539,#1064);
#465=LINE('',#5542,#1065);
#466=LINE('',#5544,#1066);
#467=LINE('',#5545,#1067);
#468=LINE('',#5548,#1068);
#469=LINE('',#5550,#1069);
#470=LINE('',#5551,#1070);
#471=LINE('',#5554,#1071);
#472=LINE('',#5556,#1072);
#473=LINE('',#5557,#1073);
#474=LINE('',#5560,#1074);
#475=LINE('',#5562,#1075);
#476=LINE('',#5563,#1076);
#477=LINE('',#5566,#1077);
#478=LINE('',#5568,#1078);
#479=LINE('',#5569,#1079);
#480=LINE('',#5572,#1080);
#481=LINE('',#5574,#1081);
#482=LINE('',#5575,#1082);
#483=LINE('',#5578,#1083);
#484=LINE('',#5580,#1084);
#485=LINE('',#5581,#1085);
#486=LINE('',#5584,#1086);
#487=LINE('',#5586,#1087);
#488=LINE('',#5587,#1088);
#489=LINE('',#5590,#1089);
#490=LINE('',#5592,#1090);
#491=LINE('',#5593,#1091);
#492=LINE('',#5596,#1092);
#493=LINE('',#5598,#1093);
#494=LINE('',#5599,#1094);
#495=LINE('',#5602,#1095);
#496=LINE('',#5604,#1096);
#497=LINE('',#5605,#1097);
#498=LINE('',#5608,#1098);
#499=LINE('',#5610,#1099);
#500=LINE('',#5611,#1100);
#501=LINE('',#5614,#1101);
#502=LINE('',#5616,#1102);
#503=LINE('',#5617,#1103);
#504=LINE('',#5620,#1104);
#505=LINE('',#5622,#1105);
#506=LINE('',#5623,#1106);
#507=LINE('',#5626,#1107);
#508=LINE('',#5628,#1108);
#509=LINE('',#5629,#1109);
#510=LINE('',#5632,#1110);
#511=LINE('',#5634,#1111);
#512=LINE('',#5635,#1112);
#513=LINE('',#5638,#1113);
#514=LINE('',#5640,#1114);
#515=LINE('',#5641,#1115);
#516=LINE('',#5644,#1116);
#517=LINE('',#5646,#1117);
#518=LINE('',#5647,#1118);
#519=LINE('',#5650,#1119);
#520=LINE('',#5652,#1120);
#521=LINE('',#5653,#1121);
#522=LINE('',#5656,#1122);
#523=LINE('',#5658,#1123);
#524=LINE('',#5659,#1124);
#525=LINE('',#5662,#1125);
#526=LINE('',#5664,#1126);
#527=LINE('',#5665,#1127);
#528=LINE('',#5668,#1128);
#529=LINE('',#5670,#1129);
#530=LINE('',#5671,#1130);
#531=LINE('',#5674,#1131);
#532=LINE('',#5676,#1132);
#533=LINE('',#5677,#1133);
#534=LINE('',#5680,#1134);
#535=LINE('',#5682,#1135);
#536=LINE('',#5683,#1136);
#537=LINE('',#5685,#1137);
#538=LINE('',#5686,#1138);
#539=LINE('',#5690,#1139);
#540=LINE('',#5692,#1140);
#541=LINE('',#5694,#1141);
#542=LINE('',#5695,#1142);
#543=LINE('',#5698,#1143);
#544=LINE('',#5700,#1144);
#545=LINE('',#5701,#1145);
#546=LINE('',#5704,#1146);
#547=LINE('',#5706,#1147);
#548=LINE('',#5707,#1148);
#549=LINE('',#5710,#1149);
#550=LINE('',#5712,#1150);
#551=LINE('',#5713,#1151);
#552=LINE('',#5716,#1152);
#553=LINE('',#5718,#1153);
#554=LINE('',#5719,#1154);
#555=LINE('',#5722,#1155);
#556=LINE('',#5724,#1156);
#557=LINE('',#5725,#1157);
#558=LINE('',#5728,#1158);
#559=LINE('',#5730,#1159);
#560=LINE('',#5731,#1160);
#561=LINE('',#5734,#1161);
#562=LINE('',#5736,#1162);
#563=LINE('',#5737,#1163);
#564=LINE('',#5740,#1164);
#565=LINE('',#5742,#1165);
#566=LINE('',#5743,#1166);
#567=LINE('',#5746,#1167);
#568=LINE('',#5748,#1168);
#569=LINE('',#5749,#1169);
#570=LINE('',#5752,#1170);
#571=LINE('',#5754,#1171);
#572=LINE('',#5755,#1172);
#573=LINE('',#5758,#1173);
#574=LINE('',#5760,#1174);
#575=LINE('',#5761,#1175);
#576=LINE('',#5764,#1176);
#577=LINE('',#5766,#1177);
#578=LINE('',#5767,#1178);
#579=LINE('',#5770,#1179);
#580=LINE('',#5772,#1180);
#581=LINE('',#5773,#1181);
#582=LINE('',#5776,#1182);
#583=LINE('',#5778,#1183);
#584=LINE('',#5779,#1184);
#585=LINE('',#5782,#1185);
#586=LINE('',#5784,#1186);
#587=LINE('',#5785,#1187);
#588=LINE('',#5788,#1188);
#589=LINE('',#5790,#1189);
#590=LINE('',#5791,#1190);
#591=LINE('',#5794,#1191);
#592=LINE('',#5796,#1192);
#593=LINE('',#5797,#1193);
#594=LINE('',#5800,#1194);
#595=LINE('',#5802,#1195);
#596=LINE('',#5803,#1196);
#597=LINE('',#5806,#1197);
#598=LINE('',#5808,#1198);
#599=LINE('',#5809,#1199);
#600=LINE('',#5812,#1200);
#601=LINE('',#5814,#1201);
#602=LINE('',#5815,#1202);
#603=LINE('',#5818,#1203);
#604=LINE('',#5820,#1204);
#605=LINE('',#5821,#1205);
#606=LINE('',#5824,#1206);
#607=LINE('',#5826,#1207);
#608=LINE('',#5827,#1208);
#609=LINE('',#5830,#1209);
#610=LINE('',#5832,#1210);
#611=LINE('',#5833,#1211);
#612=LINE('',#5836,#1212);
#613=LINE('',#5838,#1213);
#614=LINE('',#5839,#1214);
#615=LINE('',#5841,#1215);
#616=LINE('',#5842,#1216);
#617=LINE('',#5846,#1217);
#618=LINE('',#5848,#1218);
#619=LINE('',#5850,#1219);
#620=LINE('',#5851,#1220);
#621=LINE('',#5854,#1221);
#622=LINE('',#5856,#1222);
#623=LINE('',#5857,#1223);
#624=LINE('',#5860,#1224);
#625=LINE('',#5862,#1225);
#626=LINE('',#5863,#1226);
#627=LINE('',#5866,#1227);
#628=LINE('',#5868,#1228);
#629=LINE('',#5869,#1229);
#630=LINE('',#5871,#1230);
#631=LINE('',#5872,#1231);
#632=LINE('',#5878,#1232);
#633=LINE('',#5880,#1233);
#634=LINE('',#5882,#1234);
#635=LINE('',#5883,#1235);
#636=LINE('',#5886,#1236);
#637=LINE('',#5888,#1237);
#638=LINE('',#5889,#1238);
#639=LINE('',#5892,#1239);
#640=LINE('',#5894,#1240);
#641=LINE('',#5895,#1241);
#642=LINE('',#5898,#1242);
#643=LINE('',#5900,#1243);
#644=LINE('',#5901,#1244);
#645=LINE('',#5904,#1245);
#646=LINE('',#5906,#1246);
#647=LINE('',#5907,#1247);
#648=LINE('',#5911,#1248);
#649=LINE('',#5913,#1249);
#650=LINE('',#5915,#1250);
#651=LINE('',#5916,#1251);
#652=LINE('',#5919,#1252);
#653=LINE('',#5920,#1253);
#654=LINE('',#5921,#1254);
#655=LINE('',#5923,#1255);
#656=LINE('',#5926,#1256);
#657=LINE('',#5928,#1257);
#658=LINE('',#5930,#1258);
#659=LINE('',#5931,#1259);
#660=LINE('',#5934,#1260);
#661=LINE('',#5936,#1261);
#662=LINE('',#5937,#1262);
#663=LINE('',#5940,#1263);
#664=LINE('',#5942,#1264);
#665=LINE('',#5943,#1265);
#666=LINE('',#5946,#1266);
#667=LINE('',#5948,#1267);
#668=LINE('',#5949,#1268);
#669=LINE('',#5952,#1269);
#670=LINE('',#5954,#1270);
#671=LINE('',#5955,#1271);
#672=LINE('',#5957,#1272);
#673=LINE('',#5958,#1273);
#674=LINE('',#5964,#1274);
#675=LINE('',#5966,#1275);
#676=LINE('',#5968,#1276);
#677=LINE('',#5969,#1277);
#678=LINE('',#5972,#1278);
#679=LINE('',#5974,#1279);
#680=LINE('',#5975,#1280);
#681=LINE('',#5978,#1281);
#682=LINE('',#5980,#1282);
#683=LINE('',#5981,#1283);
#684=LINE('',#5984,#1284);
#685=LINE('',#5986,#1285);
#686=LINE('',#5987,#1286);
#687=LINE('',#5990,#1287);
#688=LINE('',#5992,#1288);
#689=LINE('',#5993,#1289);
#690=LINE('',#5997,#1290);
#691=LINE('',#5998,#1291);
#692=LINE('',#5999,#1292);
#693=LINE('',#6002,#1293);
#694=LINE('',#6004,#1294);
#695=LINE('',#6006,#1295);
#696=LINE('',#6007,#1296);
#697=LINE('',#6010,#1297);
#698=LINE('',#6012,#1298);
#699=LINE('',#6013,#1299);
#700=LINE('',#6015,#1300);
#701=LINE('',#6018,#1301);
#702=LINE('',#6020,#1302);
#703=LINE('',#6022,#1303);
#704=LINE('',#6023,#1304);
#705=LINE('',#6026,#1305);
#706=LINE('',#6028,#1306);
#707=LINE('',#6029,#1307);
#708=LINE('',#6032,#1308);
#709=LINE('',#6034,#1309);
#710=LINE('',#6035,#1310);
#711=LINE('',#6038,#1311);
#712=LINE('',#6040,#1312);
#713=LINE('',#6041,#1313);
#714=LINE('',#6044,#1314);
#715=LINE('',#6046,#1315);
#716=LINE('',#6047,#1316);
#717=LINE('',#6049,#1317);
#718=LINE('',#6050,#1318);
#719=LINE('',#6056,#1319);
#720=LINE('',#6058,#1320);
#721=LINE('',#6060,#1321);
#722=LINE('',#6062,#1322);
#723=LINE('',#6064,#1323);
#724=LINE('',#6066,#1324);
#725=LINE('',#6068,#1325);
#726=LINE('',#6070,#1326);
#727=LINE('',#6072,#1327);
#728=LINE('',#6074,#1328);
#729=LINE('',#6076,#1329);
#730=LINE('',#6078,#1330);
#731=LINE('',#6080,#1331);
#732=LINE('',#6082,#1332);
#733=LINE('',#6084,#1333);
#734=LINE('',#6086,#1334);
#735=LINE('',#6088,#1335);
#736=LINE('',#6090,#1336);
#737=LINE('',#6092,#1337);
#738=LINE('',#6094,#1338);
#739=LINE('',#6096,#1339);
#740=LINE('',#6098,#1340);
#741=LINE('',#6100,#1341);
#742=LINE('',#6102,#1342);
#743=LINE('',#6104,#1343);
#744=LINE('',#6105,#1344);
#745=LINE('',#6108,#1345);
#746=LINE('',#6110,#1346);
#747=LINE('',#6112,#1347);
#748=LINE('',#6114,#1348);
#749=LINE('',#6116,#1349);
#750=LINE('',#6118,#1350);
#751=LINE('',#6120,#1351);
#752=LINE('',#6122,#1352);
#753=LINE('',#6124,#1353);
#754=LINE('',#6126,#1354);
#755=LINE('',#6128,#1355);
#756=LINE('',#6130,#1356);
#757=LINE('',#6132,#1357);
#758=LINE('',#6134,#1358);
#759=LINE('',#6136,#1359);
#760=LINE('',#6138,#1360);
#761=LINE('',#6140,#1361);
#762=LINE('',#6142,#1362);
#763=LINE('',#6144,#1363);
#764=LINE('',#6146,#1364);
#765=LINE('',#6148,#1365);
#766=LINE('',#6150,#1366);
#767=LINE('',#6152,#1367);
#768=LINE('',#6154,#1368);
#769=LINE('',#6156,#1369);
#770=LINE('',#6157,#1370);
#771=LINE('',#6160,#1371);
#772=LINE('',#6162,#1372);
#773=LINE('',#6163,#1373);
#774=LINE('',#6166,#1374);
#775=LINE('',#6167,#1375);
#776=LINE('',#6170,#1376);
#777=LINE('',#6171,#1377);
#778=LINE('',#6174,#1378);
#779=LINE('',#6175,#1379);
#780=LINE('',#6178,#1380);
#781=LINE('',#6179,#1381);
#782=LINE('',#6182,#1382);
#783=LINE('',#6183,#1383);
#784=LINE('',#6186,#1384);
#785=LINE('',#6187,#1385);
#786=LINE('',#6190,#1386);
#787=LINE('',#6191,#1387);
#788=LINE('',#6194,#1388);
#789=LINE('',#6195,#1389);
#790=LINE('',#6198,#1390);
#791=LINE('',#6199,#1391);
#792=LINE('',#6202,#1392);
#793=LINE('',#6203,#1393);
#794=LINE('',#6206,#1394);
#795=LINE('',#6207,#1395);
#796=LINE('',#6210,#1396);
#797=LINE('',#6211,#1397);
#798=LINE('',#6215,#1398);
#799=LINE('',#6217,#1399);
#800=LINE('',#6219,#1400);
#801=LINE('',#6221,#1401);
#802=LINE('',#6223,#1402);
#803=LINE('',#6225,#1403);
#804=LINE('',#6227,#1404);
#805=LINE('',#6229,#1405);
#806=LINE('',#6231,#1406);
#807=LINE('',#6233,#1407);
#808=LINE('',#6235,#1408);
#809=LINE('',#6237,#1409);
#810=LINE('',#6239,#1410);
#811=LINE('',#6241,#1411);
#812=LINE('',#6243,#1412);
#813=LINE('',#6245,#1413);
#814=LINE('',#6247,#1414);
#815=LINE('',#6249,#1415);
#816=LINE('',#6251,#1416);
#817=LINE('',#6253,#1417);
#818=LINE('',#6255,#1418);
#819=LINE('',#6257,#1419);
#820=LINE('',#6259,#1420);
#821=LINE('',#6261,#1421);
#822=LINE('',#6263,#1422);
#823=LINE('',#6265,#1423);
#824=LINE('',#6266,#1424);
#825=LINE('',#6269,#1425);
#826=LINE('',#6271,#1426);
#827=LINE('',#6273,#1427);
#828=LINE('',#6275,#1428);
#829=LINE('',#6277,#1429);
#830=LINE('',#6279,#1430);
#831=LINE('',#6281,#1431);
#832=LINE('',#6283,#1432);
#833=LINE('',#6285,#1433);
#834=LINE('',#6287,#1434);
#835=LINE('',#6289,#1435);
#836=LINE('',#6291,#1436);
#837=LINE('',#6293,#1437);
#838=LINE('',#6295,#1438);
#839=LINE('',#6297,#1439);
#840=LINE('',#6299,#1440);
#841=LINE('',#6301,#1441);
#842=LINE('',#6303,#1442);
#843=LINE('',#6305,#1443);
#844=LINE('',#6307,#1444);
#845=LINE('',#6309,#1445);
#846=LINE('',#6311,#1446);
#847=LINE('',#6313,#1447);
#848=LINE('',#6315,#1448);
#849=LINE('',#6317,#1449);
#850=LINE('',#6319,#1450);
#851=LINE('',#6320,#1451);
#852=LINE('',#6323,#1452);
#853=LINE('',#6325,#1453);
#854=LINE('',#6326,#1454);
#855=LINE('',#6329,#1455);
#856=LINE('',#6330,#1456);
#857=LINE('',#6333,#1457);
#858=LINE('',#6334,#1458);
#859=LINE('',#6337,#1459);
#860=LINE('',#6338,#1460);
#861=LINE('',#6341,#1461);
#862=LINE('',#6342,#1462);
#863=LINE('',#6345,#1463);
#864=LINE('',#6346,#1464);
#865=LINE('',#6349,#1465);
#866=LINE('',#6350,#1466);
#867=LINE('',#6353,#1467);
#868=LINE('',#6354,#1468);
#869=LINE('',#6357,#1469);
#870=LINE('',#6358,#1470);
#871=LINE('',#6361,#1471);
#872=LINE('',#6362,#1472);
#873=LINE('',#6365,#1473);
#874=LINE('',#6366,#1474);
#875=LINE('',#6369,#1475);
#876=LINE('',#6370,#1476);
#877=LINE('',#6373,#1477);
#878=LINE('',#6374,#1478);
#879=LINE('',#6377,#1479);
#880=LINE('',#6378,#1480);
#881=LINE('',#6381,#1481);
#882=LINE('',#6382,#1482);
#883=LINE('',#6385,#1483);
#884=LINE('',#6386,#1484);
#885=LINE('',#6389,#1485);
#886=LINE('',#6390,#1486);
#887=LINE('',#6393,#1487);
#888=LINE('',#6394,#1488);
#889=LINE('',#6397,#1489);
#890=LINE('',#6398,#1490);
#891=LINE('',#6401,#1491);
#892=LINE('',#6402,#1492);
#893=LINE('',#6405,#1493);
#894=LINE('',#6406,#1494);
#895=LINE('',#6409,#1495);
#896=LINE('',#6410,#1496);
#897=LINE('',#6413,#1497);
#898=LINE('',#6414,#1498);
#899=LINE('',#6417,#1499);
#900=LINE('',#6418,#1500);
#901=LINE('',#6421,#1501);
#902=LINE('',#6422,#1502);
#903=LINE('',#6425,#1503);
#904=LINE('',#6426,#1504);
#905=LINE('',#6428,#1505);
#906=LINE('',#6431,#1506);
#907=LINE('',#6432,#1507);
#908=LINE('',#6435,#1508);
#909=LINE('',#6436,#1509);
#910=LINE('',#6439,#1510);
#911=LINE('',#6440,#1511);
#912=LINE('',#6443,#1512);
#913=LINE('',#6444,#1513);
#914=LINE('',#6447,#1514);
#915=LINE('',#6448,#1515);
#916=LINE('',#6451,#1516);
#917=LINE('',#6452,#1517);
#918=LINE('',#6455,#1518);
#919=LINE('',#6456,#1519);
#920=LINE('',#6459,#1520);
#921=LINE('',#6460,#1521);
#922=LINE('',#6463,#1522);
#923=LINE('',#6464,#1523);
#924=LINE('',#6467,#1524);
#925=LINE('',#6468,#1525);
#926=LINE('',#6471,#1526);
#927=LINE('',#6472,#1527);
#928=LINE('',#6475,#1528);
#929=LINE('',#6476,#1529);
#930=LINE('',#6478,#1530);
#931=LINE('',#6481,#1531);
#932=LINE('',#6483,#1532);
#933=LINE('',#6484,#1533);
#934=LINE('',#6487,#1534);
#935=LINE('',#6488,#1535);
#936=LINE('',#6491,#1536);
#937=LINE('',#6492,#1537);
#938=LINE('',#6495,#1538);
#939=LINE('',#6496,#1539);
#940=LINE('',#6499,#1540);
#941=LINE('',#6500,#1541);
#942=LINE('',#6503,#1542);
#943=LINE('',#6504,#1543);
#944=LINE('',#6507,#1544);
#945=LINE('',#6508,#1545);
#946=LINE('',#6511,#1546);
#947=LINE('',#6512,#1547);
#948=LINE('',#6515,#1548);
#949=LINE('',#6516,#1549);
#950=LINE('',#6519,#1550);
#951=LINE('',#6520,#1551);
#952=LINE('',#6523,#1552);
#953=LINE('',#6524,#1553);
#954=LINE('',#6527,#1554);
#955=LINE('',#6528,#1555);
#956=LINE('',#6531,#1556);
#957=LINE('',#6532,#1557);
#958=LINE('',#6535,#1558);
#959=LINE('',#6537,#1559);
#960=LINE('',#6538,#1560);
#961=LINE('',#6541,#1561);
#962=LINE('',#6542,#1562);
#963=LINE('',#6545,#1563);
#964=LINE('',#6546,#1564);
#965=LINE('',#6549,#1565);
#966=LINE('',#6550,#1566);
#967=LINE('',#6553,#1567);
#968=LINE('',#6554,#1568);
#969=LINE('',#6557,#1569);
#970=LINE('',#6558,#1570);
#971=LINE('',#6561,#1571);
#972=LINE('',#6562,#1572);
#973=LINE('',#6565,#1573);
#974=LINE('',#6566,#1574);
#975=LINE('',#6569,#1575);
#976=LINE('',#6570,#1576);
#977=LINE('',#6573,#1577);
#978=LINE('',#6574,#1578);
#979=LINE('',#6577,#1579);
#980=LINE('',#6578,#1580);
#981=LINE('',#6581,#1581);
#982=LINE('',#6582,#1582);
#983=LINE('',#6585,#1583);
#984=LINE('',#6586,#1584);
#985=LINE('',#6589,#1585);
#986=LINE('',#6590,#1586);
#987=LINE('',#6593,#1587);
#988=LINE('',#6594,#1588);
#989=LINE('',#6597,#1589);
#990=LINE('',#6598,#1590);
#991=LINE('',#6601,#1591);
#992=LINE('',#6602,#1592);
#993=LINE('',#6605,#1593);
#994=LINE('',#6606,#1594);
#995=LINE('',#6609,#1595);
#996=LINE('',#6610,#1596);
#997=LINE('',#6613,#1597);
#998=LINE('',#6614,#1598);
#999=LINE('',#6617,#1599);
#1000=LINE('',#6618,#1600);
#1001=LINE('',#6621,#1601);
#1002=LINE('',#6622,#1602);
#1003=LINE('',#6625,#1603);
#1004=LINE('',#6626,#1604);
#1005=LINE('',#6629,#1605);
#1006=LINE('',#6630,#1606);
#1007=LINE('',#6633,#1607);
#1008=LINE('',#6634,#1608);
#1009=LINE('',#6637,#1609);
#1010=LINE('',#6638,#1610);
#1011=LINE('',#6640,#1611);
#1012=LINE('',#6643,#1612);
#1013=LINE('',#6644,#1613);
#1014=LINE('',#6647,#1614);
#1015=LINE('',#6648,#1615);
#1016=LINE('',#6651,#1616);
#1017=LINE('',#6652,#1617);
#1018=LINE('',#6655,#1618);
#1019=LINE('',#6656,#1619);
#1020=LINE('',#6659,#1620);
#1021=LINE('',#6660,#1621);
#1022=LINE('',#6663,#1622);
#1023=LINE('',#6664,#1623);
#1024=LINE('',#6667,#1624);
#1025=LINE('',#6668,#1625);
#1026=LINE('',#6671,#1626);
#1027=LINE('',#6672,#1627);
#1028=LINE('',#6675,#1628);
#1029=LINE('',#6676,#1629);
#1030=LINE('',#6679,#1630);
#1031=LINE('',#6680,#1631);
#1032=LINE('',#6683,#1632);
#1033=LINE('',#6684,#1633);
#1034=LINE('',#6687,#1634);
#1035=LINE('',#6688,#1635);
#1036=LINE('',#6690,#1636);
#1037=LINE('',#6694,#1637);
#1038=LINE('',#6696,#1638);
#1039=LINE('',#6698,#1639);
#1040=LINE('',#6699,#1640);
#1041=LINE('',#6702,#1641);
#1042=LINE('',#6704,#1642);
#1043=LINE('',#6705,#1643);
#1044=LINE('',#6708,#1644);
#1045=LINE('',#6710,#1645);
#1046=LINE('',#6711,#1646);
#1047=LINE('',#6714,#1647);
#1048=LINE('',#6716,#1648);
#1049=LINE('',#6717,#1649);
#1050=LINE('',#6720,#1650);
#1051=LINE('',#6722,#1651);
#1052=LINE('',#6723,#1652);
#1053=LINE('',#6726,#1653);
#1054=LINE('',#6728,#1654);
#1055=LINE('',#6729,#1655);
#1056=LINE('',#6732,#1656);
#1057=LINE('',#6734,#1657);
#1058=LINE('',#6735,#1658);
#1059=LINE('',#6737,#1659);
#1060=LINE('',#6738,#1660);
#1061=VECTOR('',#4512,10.);
#1062=VECTOR('',#4513,10.);
#1063=VECTOR('',#4514,10.);
#1064=VECTOR('',#4515,10.);
#1065=VECTOR('',#4518,10.);
#1066=VECTOR('',#4519,10.);
#1067=VECTOR('',#4520,10.);
#1068=VECTOR('',#4523,10.);
#1069=VECTOR('',#4524,10.);
#1070=VECTOR('',#4525,10.);
#1071=VECTOR('',#4528,10.);
#1072=VECTOR('',#4529,10.);
#1073=VECTOR('',#4530,10.);
#1074=VECTOR('',#4533,10.);
#1075=VECTOR('',#4534,10.);
#1076=VECTOR('',#4535,10.);
#1077=VECTOR('',#4538,10.);
#1078=VECTOR('',#4539,10.);
#1079=VECTOR('',#4540,10.);
#1080=VECTOR('',#4543,10.);
#1081=VECTOR('',#4544,10.);
#1082=VECTOR('',#4545,10.);
#1083=VECTOR('',#4548,10.);
#1084=VECTOR('',#4549,10.);
#1085=VECTOR('',#4550,10.);
#1086=VECTOR('',#4553,10.);
#1087=VECTOR('',#4554,10.);
#1088=VECTOR('',#4555,10.);
#1089=VECTOR('',#4558,10.);
#1090=VECTOR('',#4559,10.);
#1091=VECTOR('',#4560,10.);
#1092=VECTOR('',#4563,10.);
#1093=VECTOR('',#4564,10.);
#1094=VECTOR('',#4565,10.);
#1095=VECTOR('',#4568,10.);
#1096=VECTOR('',#4569,10.);
#1097=VECTOR('',#4570,10.);
#1098=VECTOR('',#4573,10.);
#1099=VECTOR('',#4574,10.);
#1100=VECTOR('',#4575,10.);
#1101=VECTOR('',#4578,10.);
#1102=VECTOR('',#4579,10.);
#1103=VECTOR('',#4580,10.);
#1104=VECTOR('',#4583,10.);
#1105=VECTOR('',#4584,10.);
#1106=VECTOR('',#4585,10.);
#1107=VECTOR('',#4588,10.);
#1108=VECTOR('',#4589,10.);
#1109=VECTOR('',#4590,10.);
#1110=VECTOR('',#4593,10.);
#1111=VECTOR('',#4594,10.);
#1112=VECTOR('',#4595,10.);
#1113=VECTOR('',#4598,10.);
#1114=VECTOR('',#4599,10.);
#1115=VECTOR('',#4600,10.);
#1116=VECTOR('',#4603,10.);
#1117=VECTOR('',#4604,10.);
#1118=VECTOR('',#4605,10.);
#1119=VECTOR('',#4608,10.);
#1120=VECTOR('',#4609,10.);
#1121=VECTOR('',#4610,10.);
#1122=VECTOR('',#4613,10.);
#1123=VECTOR('',#4614,10.);
#1124=VECTOR('',#4615,10.);
#1125=VECTOR('',#4618,10.);
#1126=VECTOR('',#4619,10.);
#1127=VECTOR('',#4620,10.);
#1128=VECTOR('',#4623,10.);
#1129=VECTOR('',#4624,10.);
#1130=VECTOR('',#4625,10.);
#1131=VECTOR('',#4628,10.);
#1132=VECTOR('',#4629,10.);
#1133=VECTOR('',#4630,10.);
#1134=VECTOR('',#4633,10.);
#1135=VECTOR('',#4634,10.);
#1136=VECTOR('',#4635,10.);
#1137=VECTOR('',#4638,10.);
#1138=VECTOR('',#4639,10.);
#1139=VECTOR('',#4642,10.);
#1140=VECTOR('',#4643,10.);
#1141=VECTOR('',#4644,10.);
#1142=VECTOR('',#4645,10.);
#1143=VECTOR('',#4648,10.);
#1144=VECTOR('',#4649,10.);
#1145=VECTOR('',#4650,10.);
#1146=VECTOR('',#4653,10.);
#1147=VECTOR('',#4654,10.);
#1148=VECTOR('',#4655,10.);
#1149=VECTOR('',#4658,10.);
#1150=VECTOR('',#4659,10.);
#1151=VECTOR('',#4660,10.);
#1152=VECTOR('',#4663,10.);
#1153=VECTOR('',#4664,10.);
#1154=VECTOR('',#4665,10.);
#1155=VECTOR('',#4668,10.);
#1156=VECTOR('',#4669,10.);
#1157=VECTOR('',#4670,10.);
#1158=VECTOR('',#4673,10.);
#1159=VECTOR('',#4674,10.);
#1160=VECTOR('',#4675,10.);
#1161=VECTOR('',#4678,10.);
#1162=VECTOR('',#4679,10.);
#1163=VECTOR('',#4680,10.);
#1164=VECTOR('',#4683,10.);
#1165=VECTOR('',#4684,10.);
#1166=VECTOR('',#4685,10.);
#1167=VECTOR('',#4688,10.);
#1168=VECTOR('',#4689,10.);
#1169=VECTOR('',#4690,10.);
#1170=VECTOR('',#4693,10.);
#1171=VECTOR('',#4694,10.);
#1172=VECTOR('',#4695,10.);
#1173=VECTOR('',#4698,10.);
#1174=VECTOR('',#4699,10.);
#1175=VECTOR('',#4700,10.);
#1176=VECTOR('',#4703,10.);
#1177=VECTOR('',#4704,10.);
#1178=VECTOR('',#4705,10.);
#1179=VECTOR('',#4708,10.);
#1180=VECTOR('',#4709,10.);
#1181=VECTOR('',#4710,10.);
#1182=VECTOR('',#4713,10.);
#1183=VECTOR('',#4714,10.);
#1184=VECTOR('',#4715,10.);
#1185=VECTOR('',#4718,10.);
#1186=VECTOR('',#4719,10.);
#1187=VECTOR('',#4720,10.);
#1188=VECTOR('',#4723,10.);
#1189=VECTOR('',#4724,10.);
#1190=VECTOR('',#4725,10.);
#1191=VECTOR('',#4728,10.);
#1192=VECTOR('',#4729,10.);
#1193=VECTOR('',#4730,10.);
#1194=VECTOR('',#4733,10.);
#1195=VECTOR('',#4734,10.);
#1196=VECTOR('',#4735,10.);
#1197=VECTOR('',#4738,10.);
#1198=VECTOR('',#4739,10.);
#1199=VECTOR('',#4740,10.);
#1200=VECTOR('',#4743,10.);
#1201=VECTOR('',#4744,10.);
#1202=VECTOR('',#4745,10.);
#1203=VECTOR('',#4748,10.);
#1204=VECTOR('',#4749,10.);
#1205=VECTOR('',#4750,10.);
#1206=VECTOR('',#4753,10.);
#1207=VECTOR('',#4754,10.);
#1208=VECTOR('',#4755,10.);
#1209=VECTOR('',#4758,10.);
#1210=VECTOR('',#4759,10.);
#1211=VECTOR('',#4760,10.);
#1212=VECTOR('',#4763,10.);
#1213=VECTOR('',#4764,10.);
#1214=VECTOR('',#4765,10.);
#1215=VECTOR('',#4768,10.);
#1216=VECTOR('',#4769,10.);
#1217=VECTOR('',#4772,10.);
#1218=VECTOR('',#4773,10.);
#1219=VECTOR('',#4774,10.);
#1220=VECTOR('',#4775,10.);
#1221=VECTOR('',#4778,10.);
#1222=VECTOR('',#4779,10.);
#1223=VECTOR('',#4780,10.);
#1224=VECTOR('',#4783,10.);
#1225=VECTOR('',#4784,10.);
#1226=VECTOR('',#4785,10.);
#1227=VECTOR('',#4788,10.);
#1228=VECTOR('',#4789,10.);
#1229=VECTOR('',#4790,10.);
#1230=VECTOR('',#4793,10.);
#1231=VECTOR('',#4794,10.);
#1232=VECTOR('',#4801,10.);
#1233=VECTOR('',#4802,10.);
#1234=VECTOR('',#4803,10.);
#1235=VECTOR('',#4804,10.);
#1236=VECTOR('',#4807,10.);
#1237=VECTOR('',#4808,10.);
#1238=VECTOR('',#4809,10.);
#1239=VECTOR('',#4812,10.);
#1240=VECTOR('',#4813,10.);
#1241=VECTOR('',#4814,10.);
#1242=VECTOR('',#4817,10.);
#1243=VECTOR('',#4818,10.);
#1244=VECTOR('',#4819,10.);
#1245=VECTOR('',#4822,10.);
#1246=VECTOR('',#4823,10.);
#1247=VECTOR('',#4824,10.);
#1248=VECTOR('',#4827,10.);
#1249=VECTOR('',#4828,10.);
#1250=VECTOR('',#4829,10.);
#1251=VECTOR('',#4830,10.);
#1252=VECTOR('',#4833,10.);
#1253=VECTOR('',#4834,10.);
#1254=VECTOR('',#4835,10.);
#1255=VECTOR('',#4838,10.);
#1256=VECTOR('',#4841,10.);
#1257=VECTOR('',#4842,10.);
#1258=VECTOR('',#4843,10.);
#1259=VECTOR('',#4844,10.);
#1260=VECTOR('',#4847,10.);
#1261=VECTOR('',#4848,10.);
#1262=VECTOR('',#4849,10.);
#1263=VECTOR('',#4852,10.);
#1264=VECTOR('',#4853,10.);
#1265=VECTOR('',#4854,10.);
#1266=VECTOR('',#4857,10.);
#1267=VECTOR('',#4858,10.);
#1268=VECTOR('',#4859,10.);
#1269=VECTOR('',#4862,10.);
#1270=VECTOR('',#4863,10.);
#1271=VECTOR('',#4864,10.);
#1272=VECTOR('',#4867,10.);
#1273=VECTOR('',#4868,10.);
#1274=VECTOR('',#4875,10.);
#1275=VECTOR('',#4876,10.);
#1276=VECTOR('',#4877,10.);
#1277=VECTOR('',#4878,10.);
#1278=VECTOR('',#4881,10.);
#1279=VECTOR('',#4882,10.);
#1280=VECTOR('',#4883,10.);
#1281=VECTOR('',#4886,10.);
#1282=VECTOR('',#4887,10.);
#1283=VECTOR('',#4888,10.);
#1284=VECTOR('',#4891,10.);
#1285=VECTOR('',#4892,10.);
#1286=VECTOR('',#4893,10.);
#1287=VECTOR('',#4896,10.);
#1288=VECTOR('',#4897,10.);
#1289=VECTOR('',#4898,10.);
#1290=VECTOR('',#4901,10.);
#1291=VECTOR('',#4902,10.);
#1292=VECTOR('',#4903,10.);
#1293=VECTOR('',#4906,10.);
#1294=VECTOR('',#4907,10.);
#1295=VECTOR('',#4908,10.);
#1296=VECTOR('',#4909,10.);
#1297=VECTOR('',#4912,10.);
#1298=VECTOR('',#4913,10.);
#1299=VECTOR('',#4914,10.);
#1300=VECTOR('',#4917,10.);
#1301=VECTOR('',#4920,10.);
#1302=VECTOR('',#4921,10.);
#1303=VECTOR('',#4922,10.);
#1304=VECTOR('',#4923,10.);
#1305=VECTOR('',#4926,10.);
#1306=VECTOR('',#4927,10.);
#1307=VECTOR('',#4928,10.);
#1308=VECTOR('',#4931,10.);
#1309=VECTOR('',#4932,10.);
#1310=VECTOR('',#4933,10.);
#1311=VECTOR('',#4936,10.);
#1312=VECTOR('',#4937,10.);
#1313=VECTOR('',#4938,10.);
#1314=VECTOR('',#4941,10.);
#1315=VECTOR('',#4942,10.);
#1316=VECTOR('',#4943,10.);
#1317=VECTOR('',#4946,10.);
#1318=VECTOR('',#4947,10.);
#1319=VECTOR('',#4954,10.);
#1320=VECTOR('',#4955,10.);
#1321=VECTOR('',#4956,10.);
#1322=VECTOR('',#4957,10.);
#1323=VECTOR('',#4958,10.);
#1324=VECTOR('',#4959,10.);
#1325=VECTOR('',#4960,10.);
#1326=VECTOR('',#4961,10.);
#1327=VECTOR('',#4962,10.);
#1328=VECTOR('',#4963,10.);
#1329=VECTOR('',#4964,10.);
#1330=VECTOR('',#4965,10.);
#1331=VECTOR('',#4966,10.);
#1332=VECTOR('',#4967,10.);
#1333=VECTOR('',#4968,10.);
#1334=VECTOR('',#4969,10.);
#1335=VECTOR('',#4970,10.);
#1336=VECTOR('',#4971,10.);
#1337=VECTOR('',#4972,10.);
#1338=VECTOR('',#4973,10.);
#1339=VECTOR('',#4974,10.);
#1340=VECTOR('',#4975,10.);
#1341=VECTOR('',#4976,10.);
#1342=VECTOR('',#4977,10.);
#1343=VECTOR('',#4978,10.);
#1344=VECTOR('',#4979,10.);
#1345=VECTOR('',#4980,10.);
#1346=VECTOR('',#4981,10.);
#1347=VECTOR('',#4982,10.);
#1348=VECTOR('',#4983,10.);
#1349=VECTOR('',#4984,10.);
#1350=VECTOR('',#4985,10.);
#1351=VECTOR('',#4986,10.);
#1352=VECTOR('',#4987,10.);
#1353=VECTOR('',#4988,10.);
#1354=VECTOR('',#4989,10.);
#1355=VECTOR('',#4990,10.);
#1356=VECTOR('',#4991,10.);
#1357=VECTOR('',#4992,10.);
#1358=VECTOR('',#4993,10.);
#1359=VECTOR('',#4994,10.);
#1360=VECTOR('',#4995,10.);
#1361=VECTOR('',#4996,10.);
#1362=VECTOR('',#4997,10.);
#1363=VECTOR('',#4998,10.);
#1364=VECTOR('',#4999,10.);
#1365=VECTOR('',#5000,10.);
#1366=VECTOR('',#5001,10.);
#1367=VECTOR('',#5002,10.);
#1368=VECTOR('',#5003,10.);
#1369=VECTOR('',#5004,10.);
#1370=VECTOR('',#5005,10.);
#1371=VECTOR('',#5008,10.);
#1372=VECTOR('',#5009,10.);
#1373=VECTOR('',#5010,10.);
#1374=VECTOR('',#5013,10.);
#1375=VECTOR('',#5014,10.);
#1376=VECTOR('',#5017,10.);
#1377=VECTOR('',#5018,10.);
#1378=VECTOR('',#5021,10.);
#1379=VECTOR('',#5022,10.);
#1380=VECTOR('',#5025,10.);
#1381=VECTOR('',#5026,10.);
#1382=VECTOR('',#5029,10.);
#1383=VECTOR('',#5030,10.);
#1384=VECTOR('',#5033,10.);
#1385=VECTOR('',#5034,10.);
#1386=VECTOR('',#5037,10.);
#1387=VECTOR('',#5038,10.);
#1388=VECTOR('',#5041,10.);
#1389=VECTOR('',#5042,10.);
#1390=VECTOR('',#5045,10.);
#1391=VECTOR('',#5046,10.);
#1392=VECTOR('',#5049,10.);
#1393=VECTOR('',#5050,10.);
#1394=VECTOR('',#5053,10.);
#1395=VECTOR('',#5054,10.);
#1396=VECTOR('',#5057,10.);
#1397=VECTOR('',#5058,10.);
#1398=VECTOR('',#5061,10.);
#1399=VECTOR('',#5062,10.);
#1400=VECTOR('',#5063,10.);
#1401=VECTOR('',#5064,10.);
#1402=VECTOR('',#5065,10.);
#1403=VECTOR('',#5066,10.);
#1404=VECTOR('',#5067,10.);
#1405=VECTOR('',#5068,10.);
#1406=VECTOR('',#5069,10.);
#1407=VECTOR('',#5070,10.);
#1408=VECTOR('',#5071,10.);
#1409=VECTOR('',#5072,10.);
#1410=VECTOR('',#5073,10.);
#1411=VECTOR('',#5074,10.);
#1412=VECTOR('',#5075,10.);
#1413=VECTOR('',#5076,10.);
#1414=VECTOR('',#5077,10.);
#1415=VECTOR('',#5078,10.);
#1416=VECTOR('',#5079,10.);
#1417=VECTOR('',#5080,10.);
#1418=VECTOR('',#5081,10.);
#1419=VECTOR('',#5082,10.);
#1420=VECTOR('',#5083,10.);
#1421=VECTOR('',#5084,10.);
#1422=VECTOR('',#5085,10.);
#1423=VECTOR('',#5086,10.);
#1424=VECTOR('',#5087,10.);
#1425=VECTOR('',#5088,10.);
#1426=VECTOR('',#5089,10.);
#1427=VECTOR('',#5090,10.);
#1428=VECTOR('',#5091,10.);
#1429=VECTOR('',#5092,10.);
#1430=VECTOR('',#5093,10.);
#1431=VECTOR('',#5094,10.);
#1432=VECTOR('',#5095,10.);
#1433=VECTOR('',#5096,10.);
#1434=VECTOR('',#5097,10.);
#1435=VECTOR('',#5098,10.);
#1436=VECTOR('',#5099,10.);
#1437=VECTOR('',#5100,10.);
#1438=VECTOR('',#5101,10.);
#1439=VECTOR('',#5102,10.);
#1440=VECTOR('',#5103,10.);
#1441=VECTOR('',#5104,10.);
#1442=VECTOR('',#5105,10.);
#1443=VECTOR('',#5106,10.);
#1444=VECTOR('',#5107,10.);
#1445=VECTOR('',#5108,10.);
#1446=VECTOR('',#5109,10.);
#1447=VECTOR('',#5110,10.);
#1448=VECTOR('',#5111,10.);
#1449=VECTOR('',#5112,10.);
#1450=VECTOR('',#5113,10.);
#1451=VECTOR('',#5114,10.);
#1452=VECTOR('',#5117,10.);
#1453=VECTOR('',#5118,10.);
#1454=VECTOR('',#5119,10.);
#1455=VECTOR('',#5122,10.);
#1456=VECTOR('',#5123,10.);
#1457=VECTOR('',#5126,10.);
#1458=VECTOR('',#5127,10.);
#1459=VECTOR('',#5130,10.);
#1460=VECTOR('',#5131,10.);
#1461=VECTOR('',#5134,10.);
#1462=VECTOR('',#5135,10.);
#1463=VECTOR('',#5138,10.);
#1464=VECTOR('',#5139,10.);
#1465=VECTOR('',#5142,10.);
#1466=VECTOR('',#5143,10.);
#1467=VECTOR('',#5146,10.);
#1468=VECTOR('',#5147,10.);
#1469=VECTOR('',#5150,10.);
#1470=VECTOR('',#5151,10.);
#1471=VECTOR('',#5154,10.);
#1472=VECTOR('',#5155,10.);
#1473=VECTOR('',#5158,10.);
#1474=VECTOR('',#5159,10.);
#1475=VECTOR('',#5162,10.);
#1476=VECTOR('',#5163,10.);
#1477=VECTOR('',#5166,10.);
#1478=VECTOR('',#5167,10.);
#1479=VECTOR('',#5170,10.);
#1480=VECTOR('',#5171,10.);
#1481=VECTOR('',#5174,10.);
#1482=VECTOR('',#5175,10.);
#1483=VECTOR('',#5178,10.);
#1484=VECTOR('',#5179,10.);
#1485=VECTOR('',#5182,10.);
#1486=VECTOR('',#5183,10.);
#1487=VECTOR('',#5186,10.);
#1488=VECTOR('',#5187,10.);
#1489=VECTOR('',#5190,10.);
#1490=VECTOR('',#5191,10.);
#1491=VECTOR('',#5194,10.);
#1492=VECTOR('',#5195,10.);
#1493=VECTOR('',#5198,10.);
#1494=VECTOR('',#5199,10.);
#1495=VECTOR('',#5202,10.);
#1496=VECTOR('',#5203,10.);
#1497=VECTOR('',#5206,10.);
#1498=VECTOR('',#5207,10.);
#1499=VECTOR('',#5210,10.);
#1500=VECTOR('',#5211,10.);
#1501=VECTOR('',#5214,10.);
#1502=VECTOR('',#5215,10.);
#1503=VECTOR('',#5218,10.);
#1504=VECTOR('',#5219,10.);
#1505=VECTOR('',#5222,10.);
#1506=VECTOR('',#5225,10.);
#1507=VECTOR('',#5226,10.);
#1508=VECTOR('',#5229,10.);
#1509=VECTOR('',#5230,10.);
#1510=VECTOR('',#5233,10.);
#1511=VECTOR('',#5234,10.);
#1512=VECTOR('',#5237,10.);
#1513=VECTOR('',#5238,10.);
#1514=VECTOR('',#5241,10.);
#1515=VECTOR('',#5242,10.);
#1516=VECTOR('',#5245,10.);
#1517=VECTOR('',#5246,10.);
#1518=VECTOR('',#5249,10.);
#1519=VECTOR('',#5250,10.);
#1520=VECTOR('',#5253,10.);
#1521=VECTOR('',#5254,10.);
#1522=VECTOR('',#5257,10.);
#1523=VECTOR('',#5258,10.);
#1524=VECTOR('',#5261,10.);
#1525=VECTOR('',#5262,10.);
#1526=VECTOR('',#5265,10.);
#1527=VECTOR('',#5266,10.);
#1528=VECTOR('',#5269,10.);
#1529=VECTOR('',#5270,10.);
#1530=VECTOR('',#5273,10.);
#1531=VECTOR('',#5276,10.);
#1532=VECTOR('',#5277,10.);
#1533=VECTOR('',#5278,10.);
#1534=VECTOR('',#5281,10.);
#1535=VECTOR('',#5282,10.);
#1536=VECTOR('',#5285,10.);
#1537=VECTOR('',#5286,10.);
#1538=VECTOR('',#5289,10.);
#1539=VECTOR('',#5290,10.);
#1540=VECTOR('',#5293,10.);
#1541=VECTOR('',#5294,10.);
#1542=VECTOR('',#5297,10.);
#1543=VECTOR('',#5298,10.);
#1544=VECTOR('',#5301,10.);
#1545=VECTOR('',#5302,10.);
#1546=VECTOR('',#5305,10.);
#1547=VECTOR('',#5306,10.);
#1548=VECTOR('',#5309,10.);
#1549=VECTOR('',#5310,10.);
#1550=VECTOR('',#5313,10.);
#1551=VECTOR('',#5314,10.);
#1552=VECTOR('',#5317,10.);
#1553=VECTOR('',#5318,10.);
#1554=VECTOR('',#5321,10.);
#1555=VECTOR('',#5322,10.);
#1556=VECTOR('',#5325,10.);
#1557=VECTOR('',#5326,10.);
#1558=VECTOR('',#5329,10.);
#1559=VECTOR('',#5330,10.);
#1560=VECTOR('',#5331,10.);
#1561=VECTOR('',#5334,10.);
#1562=VECTOR('',#5335,10.);
#1563=VECTOR('',#5338,10.);
#1564=VECTOR('',#5339,10.);
#1565=VECTOR('',#5342,10.);
#1566=VECTOR('',#5343,10.);
#1567=VECTOR('',#5346,10.);
#1568=VECTOR('',#5347,10.);
#1569=VECTOR('',#5350,10.);
#1570=VECTOR('',#5351,10.);
#1571=VECTOR('',#5354,10.);
#1572=VECTOR('',#5355,10.);
#1573=VECTOR('',#5358,10.);
#1574=VECTOR('',#5359,10.);
#1575=VECTOR('',#5362,10.);
#1576=VECTOR('',#5363,10.);
#1577=VECTOR('',#5366,10.);
#1578=VECTOR('',#5367,10.);
#1579=VECTOR('',#5370,10.);
#1580=VECTOR('',#5371,10.);
#1581=VECTOR('',#5374,10.);
#1582=VECTOR('',#5375,10.);
#1583=VECTOR('',#5378,10.);
#1584=VECTOR('',#5379,10.);
#1585=VECTOR('',#5382,10.);
#1586=VECTOR('',#5383,10.);
#1587=VECTOR('',#5386,10.);
#1588=VECTOR('',#5387,10.);
#1589=VECTOR('',#5390,10.);
#1590=VECTOR('',#5391,10.);
#1591=VECTOR('',#5394,10.);
#1592=VECTOR('',#5395,10.);
#1593=VECTOR('',#5398,10.);
#1594=VECTOR('',#5399,10.);
#1595=VECTOR('',#5402,10.);
#1596=VECTOR('',#5403,10.);
#1597=VECTOR('',#5406,10.);
#1598=VECTOR('',#5407,10.);
#1599=VECTOR('',#5410,10.);
#1600=VECTOR('',#5411,10.);
#1601=VECTOR('',#5414,10.);
#1602=VECTOR('',#5415,10.);
#1603=VECTOR('',#5418,10.);
#1604=VECTOR('',#5419,10.);
#1605=VECTOR('',#5422,10.);
#1606=VECTOR('',#5423,10.);
#1607=VECTOR('',#5426,10.);
#1608=VECTOR('',#5427,10.);
#1609=VECTOR('',#5430,10.);
#1610=VECTOR('',#5431,10.);
#1611=VECTOR('',#5434,10.);
#1612=VECTOR('',#5437,10.);
#1613=VECTOR('',#5438,10.);
#1614=VECTOR('',#5441,10.);
#1615=VECTOR('',#5442,10.);
#1616=VECTOR('',#5445,10.);
#1617=VECTOR('',#5446,10.);
#1618=VECTOR('',#5449,10.);
#1619=VECTOR('',#5450,10.);
#1620=VECTOR('',#5453,10.);
#1621=VECTOR('',#5454,10.);
#1622=VECTOR('',#5457,10.);
#1623=VECTOR('',#5458,10.);
#1624=VECTOR('',#5461,10.);
#1625=VECTOR('',#5462,10.);
#1626=VECTOR('',#5465,10.);
#1627=VECTOR('',#5466,10.);
#1628=VECTOR('',#5469,10.);
#1629=VECTOR('',#5470,10.);
#1630=VECTOR('',#5473,10.);
#1631=VECTOR('',#5474,10.);
#1632=VECTOR('',#5477,10.);
#1633=VECTOR('',#5478,10.);
#1634=VECTOR('',#5481,10.);
#1635=VECTOR('',#5482,10.);
#1636=VECTOR('',#5485,10.);
#1637=VECTOR('',#5488,10.);
#1638=VECTOR('',#5489,10.);
#1639=VECTOR('',#5490,10.);
#1640=VECTOR('',#5491,10.);
#1641=VECTOR('',#5494,10.);
#1642=VECTOR('',#5495,10.);
#1643=VECTOR('',#5496,10.);
#1644=VECTOR('',#5499,10.);
#1645=VECTOR('',#5500,10.);
#1646=VECTOR('',#5501,10.);
#1647=VECTOR('',#5504,10.);
#1648=VECTOR('',#5505,10.);
#1649=VECTOR('',#5506,10.);
#1650=VECTOR('',#5509,10.);
#1651=VECTOR('',#5510,10.);
#1652=VECTOR('',#5511,10.);
#1653=VECTOR('',#5514,10.);
#1654=VECTOR('',#5515,10.);
#1655=VECTOR('',#5516,10.);
#1656=VECTOR('',#5519,10.);
#1657=VECTOR('',#5520,10.);
#1658=VECTOR('',#5521,10.);
#1659=VECTOR('',#5524,10.);
#1660=VECTOR('',#5525,10.);
#1661=VERTEX_POINT('',#5532);
#1662=VERTEX_POINT('',#5533);
#1663=VERTEX_POINT('',#5535);
#1664=VERTEX_POINT('',#5537);
#1665=VERTEX_POINT('',#5541);
#1666=VERTEX_POINT('',#5543);
#1667=VERTEX_POINT('',#5547);
#1668=VERTEX_POINT('',#5549);
#1669=VERTEX_POINT('',#5553);
#1670=VERTEX_POINT('',#5555);
#1671=VERTEX_POINT('',#5559);
#1672=VERTEX_POINT('',#5561);
#1673=VERTEX_POINT('',#5565);
#1674=VERTEX_POINT('',#5567);
#1675=VERTEX_POINT('',#5571);
#1676=VERTEX_POINT('',#5573);
#1677=VERTEX_POINT('',#5577);
#1678=VERTEX_POINT('',#5579);
#1679=VERTEX_POINT('',#5583);
#1680=VERTEX_POINT('',#5585);
#1681=VERTEX_POINT('',#5589);
#1682=VERTEX_POINT('',#5591);
#1683=VERTEX_POINT('',#5595);
#1684=VERTEX_POINT('',#5597);
#1685=VERTEX_POINT('',#5601);
#1686=VERTEX_POINT('',#5603);
#1687=VERTEX_POINT('',#5607);
#1688=VERTEX_POINT('',#5609);
#1689=VERTEX_POINT('',#5613);
#1690=VERTEX_POINT('',#5615);
#1691=VERTEX_POINT('',#5619);
#1692=VERTEX_POINT('',#5621);
#1693=VERTEX_POINT('',#5625);
#1694=VERTEX_POINT('',#5627);
#1695=VERTEX_POINT('',#5631);
#1696=VERTEX_POINT('',#5633);
#1697=VERTEX_POINT('',#5637);
#1698=VERTEX_POINT('',#5639);
#1699=VERTEX_POINT('',#5643);
#1700=VERTEX_POINT('',#5645);
#1701=VERTEX_POINT('',#5649);
#1702=VERTEX_POINT('',#5651);
#1703=VERTEX_POINT('',#5655);
#1704=VERTEX_POINT('',#5657);
#1705=VERTEX_POINT('',#5661);
#1706=VERTEX_POINT('',#5663);
#1707=VERTEX_POINT('',#5667);
#1708=VERTEX_POINT('',#5669);
#1709=VERTEX_POINT('',#5673);
#1710=VERTEX_POINT('',#5675);
#1711=VERTEX_POINT('',#5679);
#1712=VERTEX_POINT('',#5681);
#1713=VERTEX_POINT('',#5688);
#1714=VERTEX_POINT('',#5689);
#1715=VERTEX_POINT('',#5691);
#1716=VERTEX_POINT('',#5693);
#1717=VERTEX_POINT('',#5697);
#1718=VERTEX_POINT('',#5699);
#1719=VERTEX_POINT('',#5703);
#1720=VERTEX_POINT('',#5705);
#1721=VERTEX_POINT('',#5709);
#1722=VERTEX_POINT('',#5711);
#1723=VERTEX_POINT('',#5715);
#1724=VERTEX_POINT('',#5717);
#1725=VERTEX_POINT('',#5721);
#1726=VERTEX_POINT('',#5723);
#1727=VERTEX_POINT('',#5727);
#1728=VERTEX_POINT('',#5729);
#1729=VERTEX_POINT('',#5733);
#1730=VERTEX_POINT('',#5735);
#1731=VERTEX_POINT('',#5739);
#1732=VERTEX_POINT('',#5741);
#1733=VERTEX_POINT('',#5745);
#1734=VERTEX_POINT('',#5747);
#1735=VERTEX_POINT('',#5751);
#1736=VERTEX_POINT('',#5753);
#1737=VERTEX_POINT('',#5757);
#1738=VERTEX_POINT('',#5759);
#1739=VERTEX_POINT('',#5763);
#1740=VERTEX_POINT('',#5765);
#1741=VERTEX_POINT('',#5769);
#1742=VERTEX_POINT('',#5771);
#1743=VERTEX_POINT('',#5775);
#1744=VERTEX_POINT('',#5777);
#1745=VERTEX_POINT('',#5781);
#1746=VERTEX_POINT('',#5783);
#1747=VERTEX_POINT('',#5787);
#1748=VERTEX_POINT('',#5789);
#1749=VERTEX_POINT('',#5793);
#1750=VERTEX_POINT('',#5795);
#1751=VERTEX_POINT('',#5799);
#1752=VERTEX_POINT('',#5801);
#1753=VERTEX_POINT('',#5805);
#1754=VERTEX_POINT('',#5807);
#1755=VERTEX_POINT('',#5811);
#1756=VERTEX_POINT('',#5813);
#1757=VERTEX_POINT('',#5817);
#1758=VERTEX_POINT('',#5819);
#1759=VERTEX_POINT('',#5823);
#1760=VERTEX_POINT('',#5825);
#1761=VERTEX_POINT('',#5829);
#1762=VERTEX_POINT('',#5831);
#1763=VERTEX_POINT('',#5835);
#1764=VERTEX_POINT('',#5837);
#1765=VERTEX_POINT('',#5844);
#1766=VERTEX_POINT('',#5845);
#1767=VERTEX_POINT('',#5847);
#1768=VERTEX_POINT('',#5849);
#1769=VERTEX_POINT('',#5853);
#1770=VERTEX_POINT('',#5855);
#1771=VERTEX_POINT('',#5859);
#1772=VERTEX_POINT('',#5861);
#1773=VERTEX_POINT('',#5865);
#1774=VERTEX_POINT('',#5867);
#1775=VERTEX_POINT('',#5876);
#1776=VERTEX_POINT('',#5877);
#1777=VERTEX_POINT('',#5879);
#1778=VERTEX_POINT('',#5881);
#1779=VERTEX_POINT('',#5885);
#1780=VERTEX_POINT('',#5887);
#1781=VERTEX_POINT('',#5891);
#1782=VERTEX_POINT('',#5893);
#1783=VERTEX_POINT('',#5897);
#1784=VERTEX_POINT('',#5899);
#1785=VERTEX_POINT('',#5903);
#1786=VERTEX_POINT('',#5905);
#1787=VERTEX_POINT('',#5909);
#1788=VERTEX_POINT('',#5910);
#1789=VERTEX_POINT('',#5912);
#1790=VERTEX_POINT('',#5914);
#1791=VERTEX_POINT('',#5918);
#1792=VERTEX_POINT('',#5925);
#1793=VERTEX_POINT('',#5927);
#1794=VERTEX_POINT('',#5929);
#1795=VERTEX_POINT('',#5933);
#1796=VERTEX_POINT('',#5935);
#1797=VERTEX_POINT('',#5939);
#1798=VERTEX_POINT('',#5941);
#1799=VERTEX_POINT('',#5945);
#1800=VERTEX_POINT('',#5947);
#1801=VERTEX_POINT('',#5951);
#1802=VERTEX_POINT('',#5953);
#1803=VERTEX_POINT('',#5962);
#1804=VERTEX_POINT('',#5963);
#1805=VERTEX_POINT('',#5965);
#1806=VERTEX_POINT('',#5967);
#1807=VERTEX_POINT('',#5971);
#1808=VERTEX_POINT('',#5973);
#1809=VERTEX_POINT('',#5977);
#1810=VERTEX_POINT('',#5979);
#1811=VERTEX_POINT('',#5983);
#1812=VERTEX_POINT('',#5985);
#1813=VERTEX_POINT('',#5989);
#1814=VERTEX_POINT('',#5991);
#1815=VERTEX_POINT('',#5995);
#1816=VERTEX_POINT('',#5996);
#1817=VERTEX_POINT('',#6001);
#1818=VERTEX_POINT('',#6003);
#1819=VERTEX_POINT('',#6005);
#1820=VERTEX_POINT('',#6009);
#1821=VERTEX_POINT('',#6011);
#1822=VERTEX_POINT('',#6017);
#1823=VERTEX_POINT('',#6019);
#1824=VERTEX_POINT('',#6021);
#1825=VERTEX_POINT('',#6025);
#1826=VERTEX_POINT('',#6027);
#1827=VERTEX_POINT('',#6031);
#1828=VERTEX_POINT('',#6033);
#1829=VERTEX_POINT('',#6037);
#1830=VERTEX_POINT('',#6039);
#1831=VERTEX_POINT('',#6043);
#1832=VERTEX_POINT('',#6045);
#1833=VERTEX_POINT('',#6054);
#1834=VERTEX_POINT('',#6055);
#1835=VERTEX_POINT('',#6057);
#1836=VERTEX_POINT('',#6059);
#1837=VERTEX_POINT('',#6061);
#1838=VERTEX_POINT('',#6063);
#1839=VERTEX_POINT('',#6065);
#1840=VERTEX_POINT('',#6067);
#1841=VERTEX_POINT('',#6069);
#1842=VERTEX_POINT('',#6071);
#1843=VERTEX_POINT('',#6073);
#1844=VERTEX_POINT('',#6075);
#1845=VERTEX_POINT('',#6077);
#1846=VERTEX_POINT('',#6079);
#1847=VERTEX_POINT('',#6081);
#1848=VERTEX_POINT('',#6083);
#1849=VERTEX_POINT('',#6085);
#1850=VERTEX_POINT('',#6087);
#1851=VERTEX_POINT('',#6089);
#1852=VERTEX_POINT('',#6091);
#1853=VERTEX_POINT('',#6093);
#1854=VERTEX_POINT('',#6095);
#1855=VERTEX_POINT('',#6097);
#1856=VERTEX_POINT('',#6099);
#1857=VERTEX_POINT('',#6101);
#1858=VERTEX_POINT('',#6103);
#1859=VERTEX_POINT('',#6106);
#1860=VERTEX_POINT('',#6107);
#1861=VERTEX_POINT('',#6109);
#1862=VERTEX_POINT('',#6111);
#1863=VERTEX_POINT('',#6113);
#1864=VERTEX_POINT('',#6115);
#1865=VERTEX_POINT('',#6117);
#1866=VERTEX_POINT('',#6119);
#1867=VERTEX_POINT('',#6121);
#1868=VERTEX_POINT('',#6123);
#1869=VERTEX_POINT('',#6125);
#1870=VERTEX_POINT('',#6127);
#1871=VERTEX_POINT('',#6129);
#1872=VERTEX_POINT('',#6131);
#1873=VERTEX_POINT('',#6133);
#1874=VERTEX_POINT('',#6135);
#1875=VERTEX_POINT('',#6137);
#1876=VERTEX_POINT('',#6139);
#1877=VERTEX_POINT('',#6141);
#1878=VERTEX_POINT('',#6143);
#1879=VERTEX_POINT('',#6145);
#1880=VERTEX_POINT('',#6147);
#1881=VERTEX_POINT('',#6149);
#1882=VERTEX_POINT('',#6151);
#1883=VERTEX_POINT('',#6153);
#1884=VERTEX_POINT('',#6155);
#1885=VERTEX_POINT('',#6159);
#1886=VERTEX_POINT('',#6161);
#1887=VERTEX_POINT('',#6165);
#1888=VERTEX_POINT('',#6169);
#1889=VERTEX_POINT('',#6173);
#1890=VERTEX_POINT('',#6177);
#1891=VERTEX_POINT('',#6181);
#1892=VERTEX_POINT('',#6185);
#1893=VERTEX_POINT('',#6189);
#1894=VERTEX_POINT('',#6193);
#1895=VERTEX_POINT('',#6197);
#1896=VERTEX_POINT('',#6201);
#1897=VERTEX_POINT('',#6205);
#1898=VERTEX_POINT('',#6209);
#1899=VERTEX_POINT('',#6213);
#1900=VERTEX_POINT('',#6214);
#1901=VERTEX_POINT('',#6216);
#1902=VERTEX_POINT('',#6218);
#1903=VERTEX_POINT('',#6220);
#1904=VERTEX_POINT('',#6222);
#1905=VERTEX_POINT('',#6224);
#1906=VERTEX_POINT('',#6226);
#1907=VERTEX_POINT('',#6228);
#1908=VERTEX_POINT('',#6230);
#1909=VERTEX_POINT('',#6232);
#1910=VERTEX_POINT('',#6234);
#1911=VERTEX_POINT('',#6236);
#1912=VERTEX_POINT('',#6238);
#1913=VERTEX_POINT('',#6240);
#1914=VERTEX_POINT('',#6242);
#1915=VERTEX_POINT('',#6244);
#1916=VERTEX_POINT('',#6246);
#1917=VERTEX_POINT('',#6248);
#1918=VERTEX_POINT('',#6250);
#1919=VERTEX_POINT('',#6252);
#1920=VERTEX_POINT('',#6254);
#1921=VERTEX_POINT('',#6256);
#1922=VERTEX_POINT('',#6258);
#1923=VERTEX_POINT('',#6260);
#1924=VERTEX_POINT('',#6262);
#1925=VERTEX_POINT('',#6264);
#1926=VERTEX_POINT('',#6267);
#1927=VERTEX_POINT('',#6268);
#1928=VERTEX_POINT('',#6270);
#1929=VERTEX_POINT('',#6272);
#1930=VERTEX_POINT('',#6274);
#1931=VERTEX_POINT('',#6276);
#1932=VERTEX_POINT('',#6278);
#1933=VERTEX_POINT('',#6280);
#1934=VERTEX_POINT('',#6282);
#1935=VERTEX_POINT('',#6284);
#1936=VERTEX_POINT('',#6286);
#1937=VERTEX_POINT('',#6288);
#1938=VERTEX_POINT('',#6290);
#1939=VERTEX_POINT('',#6292);
#1940=VERTEX_POINT('',#6294);
#1941=VERTEX_POINT('',#6296);
#1942=VERTEX_POINT('',#6298);
#1943=VERTEX_POINT('',#6300);
#1944=VERTEX_POINT('',#6302);
#1945=VERTEX_POINT('',#6304);
#1946=VERTEX_POINT('',#6306);
#1947=VERTEX_POINT('',#6308);
#1948=VERTEX_POINT('',#6310);
#1949=VERTEX_POINT('',#6312);
#1950=VERTEX_POINT('',#6314);
#1951=VERTEX_POINT('',#6316);
#1952=VERTEX_POINT('',#6318);
#1953=VERTEX_POINT('',#6322);
#1954=VERTEX_POINT('',#6324);
#1955=VERTEX_POINT('',#6328);
#1956=VERTEX_POINT('',#6332);
#1957=VERTEX_POINT('',#6336);
#1958=VERTEX_POINT('',#6340);
#1959=VERTEX_POINT('',#6344);
#1960=VERTEX_POINT('',#6348);
#1961=VERTEX_POINT('',#6352);
#1962=VERTEX_POINT('',#6356);
#1963=VERTEX_POINT('',#6360);
#1964=VERTEX_POINT('',#6364);
#1965=VERTEX_POINT('',#6368);
#1966=VERTEX_POINT('',#6372);
#1967=VERTEX_POINT('',#6376);
#1968=VERTEX_POINT('',#6380);
#1969=VERTEX_POINT('',#6384);
#1970=VERTEX_POINT('',#6388);
#1971=VERTEX_POINT('',#6392);
#1972=VERTEX_POINT('',#6396);
#1973=VERTEX_POINT('',#6400);
#1974=VERTEX_POINT('',#6404);
#1975=VERTEX_POINT('',#6408);
#1976=VERTEX_POINT('',#6412);
#1977=VERTEX_POINT('',#6416);
#1978=VERTEX_POINT('',#6420);
#1979=VERTEX_POINT('',#6424);
#1980=VERTEX_POINT('',#6430);
#1981=VERTEX_POINT('',#6434);
#1982=VERTEX_POINT('',#6438);
#1983=VERTEX_POINT('',#6442);
#1984=VERTEX_POINT('',#6446);
#1985=VERTEX_POINT('',#6450);
#1986=VERTEX_POINT('',#6454);
#1987=VERTEX_POINT('',#6458);
#1988=VERTEX_POINT('',#6462);
#1989=VERTEX_POINT('',#6466);
#1990=VERTEX_POINT('',#6470);
#1991=VERTEX_POINT('',#6474);
#1992=VERTEX_POINT('',#6480);
#1993=VERTEX_POINT('',#6482);
#1994=VERTEX_POINT('',#6486);
#1995=VERTEX_POINT('',#6490);
#1996=VERTEX_POINT('',#6494);
#1997=VERTEX_POINT('',#6498);
#1998=VERTEX_POINT('',#6502);
#1999=VERTEX_POINT('',#6506);
#2000=VERTEX_POINT('',#6510);
#2001=VERTEX_POINT('',#6514);
#2002=VERTEX_POINT('',#6518);
#2003=VERTEX_POINT('',#6522);
#2004=VERTEX_POINT('',#6526);
#2005=VERTEX_POINT('',#6530);
#2006=VERTEX_POINT('',#6534);
#2007=VERTEX_POINT('',#6536);
#2008=VERTEX_POINT('',#6540);
#2009=VERTEX_POINT('',#6544);
#2010=VERTEX_POINT('',#6548);
#2011=VERTEX_POINT('',#6552);
#2012=VERTEX_POINT('',#6556);
#2013=VERTEX_POINT('',#6560);
#2014=VERTEX_POINT('',#6564);
#2015=VERTEX_POINT('',#6568);
#2016=VERTEX_POINT('',#6572);
#2017=VERTEX_POINT('',#6576);
#2018=VERTEX_POINT('',#6580);
#2019=VERTEX_POINT('',#6584);
#2020=VERTEX_POINT('',#6588);
#2021=VERTEX_POINT('',#6592);
#2022=VERTEX_POINT('',#6596);
#2023=VERTEX_POINT('',#6600);
#2024=VERTEX_POINT('',#6604);
#2025=VERTEX_POINT('',#6608);
#2026=VERTEX_POINT('',#6612);
#2027=VERTEX_POINT('',#6616);
#2028=VERTEX_POINT('',#6620);
#2029=VERTEX_POINT('',#6624);
#2030=VERTEX_POINT('',#6628);
#2031=VERTEX_POINT('',#6632);
#2032=VERTEX_POINT('',#6636);
#2033=VERTEX_POINT('',#6642);
#2034=VERTEX_POINT('',#6646);
#2035=VERTEX_POINT('',#6650);
#2036=VERTEX_POINT('',#6654);
#2037=VERTEX_POINT('',#6658);
#2038=VERTEX_POINT('',#6662);
#2039=VERTEX_POINT('',#6666);
#2040=VERTEX_POINT('',#6670);
#2041=VERTEX_POINT('',#6674);
#2042=VERTEX_POINT('',#6678);
#2043=VERTEX_POINT('',#6682);
#2044=VERTEX_POINT('',#6686);
#2045=VERTEX_POINT('',#6692);
#2046=VERTEX_POINT('',#6693);
#2047=VERTEX_POINT('',#6695);
#2048=VERTEX_POINT('',#6697);
#2049=VERTEX_POINT('',#6701);
#2050=VERTEX_POINT('',#6703);
#2051=VERTEX_POINT('',#6707);
#2052=VERTEX_POINT('',#6709);
#2053=VERTEX_POINT('',#6713);
#2054=VERTEX_POINT('',#6715);
#2055=VERTEX_POINT('',#6719);
#2056=VERTEX_POINT('',#6721);
#2057=VERTEX_POINT('',#6725);
#2058=VERTEX_POINT('',#6727);
#2059=VERTEX_POINT('',#6731);
#2060=VERTEX_POINT('',#6733);
#2061=EDGE_CURVE('',#1661,#1662,#461,.T.);
#2062=EDGE_CURVE('',#1662,#1663,#462,.T.);
#2063=EDGE_CURVE('',#1664,#1663,#463,.T.);
#2064=EDGE_CURVE('',#1661,#1664,#464,.T.);
#2065=EDGE_CURVE('',#1665,#1661,#465,.T.);
#2066=EDGE_CURVE('',#1666,#1664,#466,.T.);
#2067=EDGE_CURVE('',#1665,#1666,#467,.T.);
#2068=EDGE_CURVE('',#1667,#1665,#468,.T.);
#2069=EDGE_CURVE('',#1668,#1666,#469,.T.);
#2070=EDGE_CURVE('',#1667,#1668,#470,.T.);
#2071=EDGE_CURVE('',#1669,#1667,#471,.T.);
#2072=EDGE_CURVE('',#1670,#1668,#472,.T.);
#2073=EDGE_CURVE('',#1669,#1670,#473,.T.);
#2074=EDGE_CURVE('',#1671,#1669,#474,.T.);
#2075=EDGE_CURVE('',#1672,#1670,#475,.T.);
#2076=EDGE_CURVE('',#1671,#1672,#476,.T.);
#2077=EDGE_CURVE('',#1673,#1671,#477,.T.);
#2078=EDGE_CURVE('',#1674,#1672,#478,.T.);
#2079=EDGE_CURVE('',#1673,#1674,#479,.T.);
#2080=EDGE_CURVE('',#1675,#1673,#480,.T.);
#2081=EDGE_CURVE('',#1676,#1674,#481,.T.);
#2082=EDGE_CURVE('',#1675,#1676,#482,.T.);
#2083=EDGE_CURVE('',#1677,#1675,#483,.T.);
#2084=EDGE_CURVE('',#1678,#1676,#484,.T.);
#2085=EDGE_CURVE('',#1677,#1678,#485,.T.);
#2086=EDGE_CURVE('',#1679,#1677,#486,.T.);
#2087=EDGE_CURVE('',#1680,#1678,#487,.T.);
#2088=EDGE_CURVE('',#1679,#1680,#488,.T.);
#2089=EDGE_CURVE('',#1681,#1679,#489,.T.);
#2090=EDGE_CURVE('',#1682,#1680,#490,.T.);
#2091=EDGE_CURVE('',#1681,#1682,#491,.T.);
#2092=EDGE_CURVE('',#1683,#1681,#492,.T.);
#2093=EDGE_CURVE('',#1684,#1682,#493,.T.);
#2094=EDGE_CURVE('',#1683,#1684,#494,.T.);
#2095=EDGE_CURVE('',#1685,#1683,#495,.T.);
#2096=EDGE_CURVE('',#1686,#1684,#496,.T.);
#2097=EDGE_CURVE('',#1685,#1686,#497,.T.);
#2098=EDGE_CURVE('',#1687,#1685,#498,.T.);
#2099=EDGE_CURVE('',#1688,#1686,#499,.T.);
#2100=EDGE_CURVE('',#1687,#1688,#500,.T.);
#2101=EDGE_CURVE('',#1689,#1687,#501,.T.);
#2102=EDGE_CURVE('',#1690,#1688,#502,.T.);
#2103=EDGE_CURVE('',#1689,#1690,#503,.T.);
#2104=EDGE_CURVE('',#1691,#1689,#504,.T.);
#2105=EDGE_CURVE('',#1692,#1690,#505,.T.);
#2106=EDGE_CURVE('',#1691,#1692,#506,.T.);
#2107=EDGE_CURVE('',#1693,#1691,#507,.T.);
#2108=EDGE_CURVE('',#1694,#1692,#508,.T.);
#2109=EDGE_CURVE('',#1693,#1694,#509,.T.);
#2110=EDGE_CURVE('',#1695,#1693,#510,.T.);
#2111=EDGE_CURVE('',#1696,#1694,#511,.T.);
#2112=EDGE_CURVE('',#1695,#1696,#512,.T.);
#2113=EDGE_CURVE('',#1697,#1695,#513,.T.);
#2114=EDGE_CURVE('',#1698,#1696,#514,.T.);
#2115=EDGE_CURVE('',#1697,#1698,#515,.T.);
#2116=EDGE_CURVE('',#1699,#1697,#516,.T.);
#2117=EDGE_CURVE('',#1700,#1698,#517,.T.);
#2118=EDGE_CURVE('',#1699,#1700,#518,.T.);
#2119=EDGE_CURVE('',#1701,#1699,#519,.T.);
#2120=EDGE_CURVE('',#1702,#1700,#520,.T.);
#2121=EDGE_CURVE('',#1701,#1702,#521,.T.);
#2122=EDGE_CURVE('',#1703,#1701,#522,.T.);
#2123=EDGE_CURVE('',#1704,#1702,#523,.T.);
#2124=EDGE_CURVE('',#1703,#1704,#524,.T.);
#2125=EDGE_CURVE('',#1705,#1703,#525,.T.);
#2126=EDGE_CURVE('',#1706,#1704,#526,.T.);
#2127=EDGE_CURVE('',#1705,#1706,#527,.T.);
#2128=EDGE_CURVE('',#1707,#1705,#528,.T.);
#2129=EDGE_CURVE('',#1708,#1706,#529,.T.);
#2130=EDGE_CURVE('',#1707,#1708,#530,.T.);
#2131=EDGE_CURVE('',#1709,#1707,#531,.T.);
#2132=EDGE_CURVE('',#1710,#1708,#532,.T.);
#2133=EDGE_CURVE('',#1709,#1710,#533,.T.);
#2134=EDGE_CURVE('',#1711,#1709,#534,.T.);
#2135=EDGE_CURVE('',#1712,#1710,#535,.T.);
#2136=EDGE_CURVE('',#1711,#1712,#536,.T.);
#2137=EDGE_CURVE('',#1662,#1711,#537,.T.);
#2138=EDGE_CURVE('',#1663,#1712,#538,.T.);
#2139=EDGE_CURVE('',#1713,#1714,#539,.T.);
#2140=EDGE_CURVE('',#1714,#1715,#540,.T.);
#2141=EDGE_CURVE('',#1716,#1715,#541,.T.);
#2142=EDGE_CURVE('',#1713,#1716,#542,.T.);
#2143=EDGE_CURVE('',#1717,#1713,#543,.T.);
#2144=EDGE_CURVE('',#1718,#1716,#544,.T.);
#2145=EDGE_CURVE('',#1717,#1718,#545,.T.);
#2146=EDGE_CURVE('',#1719,#1717,#546,.T.);
#2147=EDGE_CURVE('',#1720,#1718,#547,.T.);
#2148=EDGE_CURVE('',#1719,#1720,#548,.T.);
#2149=EDGE_CURVE('',#1721,#1719,#549,.T.);
#2150=EDGE_CURVE('',#1722,#1720,#550,.T.);
#2151=EDGE_CURVE('',#1721,#1722,#551,.T.);
#2152=EDGE_CURVE('',#1723,#1721,#552,.T.);
#2153=EDGE_CURVE('',#1724,#1722,#553,.T.);
#2154=EDGE_CURVE('',#1723,#1724,#554,.T.);
#2155=EDGE_CURVE('',#1725,#1723,#555,.T.);
#2156=EDGE_CURVE('',#1726,#1724,#556,.T.);
#2157=EDGE_CURVE('',#1725,#1726,#557,.T.);
#2158=EDGE_CURVE('',#1727,#1725,#558,.T.);
#2159=EDGE_CURVE('',#1728,#1726,#559,.T.);
#2160=EDGE_CURVE('',#1727,#1728,#560,.T.);
#2161=EDGE_CURVE('',#1729,#1727,#561,.T.);
#2162=EDGE_CURVE('',#1730,#1728,#562,.T.);
#2163=EDGE_CURVE('',#1729,#1730,#563,.T.);
#2164=EDGE_CURVE('',#1731,#1729,#564,.T.);
#2165=EDGE_CURVE('',#1732,#1730,#565,.T.);
#2166=EDGE_CURVE('',#1731,#1732,#566,.T.);
#2167=EDGE_CURVE('',#1733,#1731,#567,.T.);
#2168=EDGE_CURVE('',#1734,#1732,#568,.T.);
#2169=EDGE_CURVE('',#1733,#1734,#569,.T.);
#2170=EDGE_CURVE('',#1735,#1733,#570,.T.);
#2171=EDGE_CURVE('',#1736,#1734,#571,.T.);
#2172=EDGE_CURVE('',#1735,#1736,#572,.T.);
#2173=EDGE_CURVE('',#1737,#1735,#573,.T.);
#2174=EDGE_CURVE('',#1738,#1736,#574,.T.);
#2175=EDGE_CURVE('',#1737,#1738,#575,.T.);
#2176=EDGE_CURVE('',#1739,#1737,#576,.T.);
#2177=EDGE_CURVE('',#1740,#1738,#577,.T.);
#2178=EDGE_CURVE('',#1739,#1740,#578,.T.);
#2179=EDGE_CURVE('',#1741,#1739,#579,.T.);
#2180=EDGE_CURVE('',#1742,#1740,#580,.T.);
#2181=EDGE_CURVE('',#1741,#1742,#581,.T.);
#2182=EDGE_CURVE('',#1743,#1741,#582,.T.);
#2183=EDGE_CURVE('',#1744,#1742,#583,.T.);
#2184=EDGE_CURVE('',#1743,#1744,#584,.T.);
#2185=EDGE_CURVE('',#1745,#1743,#585,.T.);
#2186=EDGE_CURVE('',#1746,#1744,#586,.T.);
#2187=EDGE_CURVE('',#1745,#1746,#587,.T.);
#2188=EDGE_CURVE('',#1747,#1745,#588,.T.);
#2189=EDGE_CURVE('',#1748,#1746,#589,.T.);
#2190=EDGE_CURVE('',#1747,#1748,#590,.T.);
#2191=EDGE_CURVE('',#1749,#1747,#591,.T.);
#2192=EDGE_CURVE('',#1750,#1748,#592,.T.);
#2193=EDGE_CURVE('',#1749,#1750,#593,.T.);
#2194=EDGE_CURVE('',#1751,#1749,#594,.T.);
#2195=EDGE_CURVE('',#1752,#1750,#595,.T.);
#2196=EDGE_CURVE('',#1751,#1752,#596,.T.);
#2197=EDGE_CURVE('',#1753,#1751,#597,.T.);
#2198=EDGE_CURVE('',#1754,#1752,#598,.T.);
#2199=EDGE_CURVE('',#1753,#1754,#599,.T.);
#2200=EDGE_CURVE('',#1755,#1753,#600,.T.);
#2201=EDGE_CURVE('',#1756,#1754,#601,.T.);
#2202=EDGE_CURVE('',#1755,#1756,#602,.T.);
#2203=EDGE_CURVE('',#1757,#1755,#603,.T.);
#2204=EDGE_CURVE('',#1758,#1756,#604,.T.);
#2205=EDGE_CURVE('',#1757,#1758,#605,.T.);
#2206=EDGE_CURVE('',#1759,#1757,#606,.T.);
#2207=EDGE_CURVE('',#1760,#1758,#607,.T.);
#2208=EDGE_CURVE('',#1759,#1760,#608,.T.);
#2209=EDGE_CURVE('',#1761,#1759,#609,.T.);
#2210=EDGE_CURVE('',#1762,#1760,#610,.T.);
#2211=EDGE_CURVE('',#1761,#1762,#611,.T.);
#2212=EDGE_CURVE('',#1763,#1761,#612,.T.);
#2213=EDGE_CURVE('',#1764,#1762,#613,.T.);
#2214=EDGE_CURVE('',#1763,#1764,#614,.T.);
#2215=EDGE_CURVE('',#1714,#1763,#615,.T.);
#2216=EDGE_CURVE('',#1715,#1764,#616,.T.);
#2217=EDGE_CURVE('',#1765,#1766,#617,.T.);
#2218=EDGE_CURVE('',#1766,#1767,#618,.T.);
#2219=EDGE_CURVE('',#1768,#1767,#619,.T.);
#2220=EDGE_CURVE('',#1765,#1768,#620,.T.);
#2221=EDGE_CURVE('',#1765,#1769,#621,.T.);
#2222=EDGE_CURVE('',#1770,#1768,#622,.T.);
#2223=EDGE_CURVE('',#1769,#1770,#623,.T.);
#2224=EDGE_CURVE('',#1771,#1769,#624,.T.);
#2225=EDGE_CURVE('',#1772,#1770,#625,.T.);
#2226=EDGE_CURVE('',#1771,#1772,#626,.T.);
#2227=EDGE_CURVE('',#1771,#1773,#627,.T.);
#2228=EDGE_CURVE('',#1774,#1772,#628,.T.);
#2229=EDGE_CURVE('',#1773,#1774,#629,.T.);
#2230=EDGE_CURVE('',#1766,#1773,#630,.T.);
#2231=EDGE_CURVE('',#1767,#1774,#631,.T.);
#2232=EDGE_CURVE('',#1775,#1776,#632,.T.);
#2233=EDGE_CURVE('',#1775,#1777,#633,.T.);
#2234=EDGE_CURVE('',#1777,#1778,#634,.T.);
#2235=EDGE_CURVE('',#1776,#1778,#635,.T.);
#2236=EDGE_CURVE('',#1778,#1779,#636,.T.);
#2237=EDGE_CURVE('',#1777,#1780,#637,.T.);
#2238=EDGE_CURVE('',#1780,#1779,#638,.T.);
#2239=EDGE_CURVE('',#1779,#1781,#639,.T.);
#2240=EDGE_CURVE('',#1780,#1782,#640,.T.);
#2241=EDGE_CURVE('',#1782,#1781,#641,.T.);
#2242=EDGE_CURVE('',#1781,#1783,#642,.T.);
#2243=EDGE_CURVE('',#1782,#1784,#643,.T.);
#2244=EDGE_CURVE('',#1783,#1784,#644,.T.);
#2245=EDGE_CURVE('',#1783,#1785,#645,.T.);
#2246=EDGE_CURVE('',#1784,#1786,#646,.T.);
#2247=EDGE_CURVE('',#1786,#1785,#647,.T.);
#2248=EDGE_CURVE('',#1787,#1788,#648,.T.);
#2249=EDGE_CURVE('',#1789,#1787,#649,.T.);
#2250=EDGE_CURVE('',#1790,#1789,#650,.T.);
#2251=EDGE_CURVE('',#1790,#1788,#651,.T.);
#2252=EDGE_CURVE('',#1791,#1789,#652,.T.);
#2253=EDGE_CURVE('',#1785,#1791,#653,.T.);
#2254=EDGE_CURVE('',#1786,#1790,#654,.T.);
#2255=EDGE_CURVE('',#1788,#1775,#655,.T.);
#2256=EDGE_CURVE('',#1792,#1791,#656,.T.);
#2257=EDGE_CURVE('',#1792,#1793,#657,.T.);
#2258=EDGE_CURVE('',#1793,#1794,#658,.T.);
#2259=EDGE_CURVE('',#1776,#1794,#659,.T.);
#2260=EDGE_CURVE('',#1795,#1787,#660,.T.);
#2261=EDGE_CURVE('',#1796,#1795,#661,.T.);
#2262=EDGE_CURVE('',#1796,#1792,#662,.T.);
#2263=EDGE_CURVE('',#1797,#1796,#663,.T.);
#2264=EDGE_CURVE('',#1798,#1795,#664,.T.);
#2265=EDGE_CURVE('',#1797,#1798,#665,.T.);
#2266=EDGE_CURVE('',#1799,#1797,#666,.T.);
#2267=EDGE_CURVE('',#1800,#1798,#667,.T.);
#2268=EDGE_CURVE('',#1799,#1800,#668,.T.);
#2269=EDGE_CURVE('',#1801,#1799,#669,.T.);
#2270=EDGE_CURVE('',#1802,#1800,#670,.T.);
#2271=EDGE_CURVE('',#1801,#1802,#671,.T.);
#2272=EDGE_CURVE('',#1793,#1801,#672,.T.);
#2273=EDGE_CURVE('',#1794,#1802,#673,.T.);
#2274=EDGE_CURVE('',#1803,#1804,#674,.T.);
#2275=EDGE_CURVE('',#1805,#1803,#675,.T.);
#2276=EDGE_CURVE('',#1805,#1806,#676,.T.);
#2277=EDGE_CURVE('',#1806,#1804,#677,.T.);
#2278=EDGE_CURVE('',#1804,#1807,#678,.T.);
#2279=EDGE_CURVE('',#1806,#1808,#679,.T.);
#2280=EDGE_CURVE('',#1808,#1807,#680,.T.);
#2281=EDGE_CURVE('',#1807,#1809,#681,.T.);
#2282=EDGE_CURVE('',#1808,#1810,#682,.T.);
#2283=EDGE_CURVE('',#1810,#1809,#683,.T.);
#2284=EDGE_CURVE('',#1809,#1811,#684,.T.);
#2285=EDGE_CURVE('',#1810,#1812,#685,.T.);
#2286=EDGE_CURVE('',#1812,#1811,#686,.T.);
#2287=EDGE_CURVE('',#1811,#1813,#687,.T.);
#2288=EDGE_CURVE('',#1812,#1814,#688,.T.);
#2289=EDGE_CURVE('',#1814,#1813,#689,.T.);
#2290=EDGE_CURVE('',#1815,#1816,#690,.T.);
#2291=EDGE_CURVE('',#1813,#1815,#691,.T.);
#2292=EDGE_CURVE('',#1814,#1816,#692,.T.);
#2293=EDGE_CURVE('',#1817,#1803,#693,.T.);
#2294=EDGE_CURVE('',#1818,#1817,#694,.T.);
#2295=EDGE_CURVE('',#1819,#1818,#695,.T.);
#2296=EDGE_CURVE('',#1819,#1805,#696,.T.);
#2297=EDGE_CURVE('',#1820,#1818,#697,.T.);
#2298=EDGE_CURVE('',#1821,#1820,#698,.T.);
#2299=EDGE_CURVE('',#1821,#1819,#699,.T.);
#2300=EDGE_CURVE('',#1816,#1821,#700,.T.);
#2301=EDGE_CURVE('',#1815,#1822,#701,.T.);
#2302=EDGE_CURVE('',#1822,#1823,#702,.T.);
#2303=EDGE_CURVE('',#1824,#1823,#703,.T.);
#2304=EDGE_CURVE('',#1817,#1824,#704,.T.);
#2305=EDGE_CURVE('',#1825,#1824,#705,.T.);
#2306=EDGE_CURVE('',#1826,#1825,#706,.T.);
#2307=EDGE_CURVE('',#1826,#1820,#707,.T.);
#2308=EDGE_CURVE('',#1827,#1826,#708,.T.);
#2309=EDGE_CURVE('',#1828,#1825,#709,.T.);
#2310=EDGE_CURVE('',#1827,#1828,#710,.T.);
#2311=EDGE_CURVE('',#1829,#1827,#711,.T.);
#2312=EDGE_CURVE('',#1830,#1828,#712,.T.);
#2313=EDGE_CURVE('',#1829,#1830,#713,.T.);
#2314=EDGE_CURVE('',#1831,#1829,#714,.T.);
#2315=EDGE_CURVE('',#1832,#1830,#715,.T.);
#2316=EDGE_CURVE('',#1831,#1832,#716,.T.);
#2317=EDGE_CURVE('',#1822,#1831,#717,.T.);
#2318=EDGE_CURVE('',#1823,#1832,#718,.T.);
#2319=EDGE_CURVE('',#1833,#1834,#719,.T.);
#2320=EDGE_CURVE('',#1835,#1833,#720,.T.);
#2321=EDGE_CURVE('',#1836,#1835,#721,.T.);
#2322=EDGE_CURVE('',#1837,#1836,#722,.T.);
#2323=EDGE_CURVE('',#1838,#1837,#723,.T.);
#2324=EDGE_CURVE('',#1839,#1838,#724,.T.);
#2325=EDGE_CURVE('',#1840,#1839,#725,.T.);
#2326=EDGE_CURVE('',#1841,#1840,#726,.T.);
#2327=EDGE_CURVE('',#1842,#1841,#727,.T.);
#2328=EDGE_CURVE('',#1843,#1842,#728,.T.);
#2329=EDGE_CURVE('',#1844,#1843,#729,.T.);
#2330=EDGE_CURVE('',#1845,#1844,#730,.T.);
#2331=EDGE_CURVE('',#1846,#1845,#731,.T.);
#2332=EDGE_CURVE('',#1847,#1846,#732,.T.);
#2333=EDGE_CURVE('',#1848,#1847,#733,.T.);
#2334=EDGE_CURVE('',#1849,#1848,#734,.T.);
#2335=EDGE_CURVE('',#1850,#1849,#735,.T.);
#2336=EDGE_CURVE('',#1851,#1850,#736,.T.);
#2337=EDGE_CURVE('',#1852,#1851,#737,.T.);
#2338=EDGE_CURVE('',#1853,#1852,#738,.T.);
#2339=EDGE_CURVE('',#1854,#1853,#739,.T.);
#2340=EDGE_CURVE('',#1855,#1854,#740,.T.);
#2341=EDGE_CURVE('',#1856,#1855,#741,.T.);
#2342=EDGE_CURVE('',#1857,#1856,#742,.T.);
#2343=EDGE_CURVE('',#1858,#1857,#743,.T.);
#2344=EDGE_CURVE('',#1834,#1858,#744,.T.);
#2345=EDGE_CURVE('',#1859,#1860,#745,.T.);
#2346=EDGE_CURVE('',#1860,#1861,#746,.T.);
#2347=EDGE_CURVE('',#1861,#1862,#747,.T.);
#2348=EDGE_CURVE('',#1862,#1863,#748,.T.);
#2349=EDGE_CURVE('',#1863,#1864,#749,.T.);
#2350=EDGE_CURVE('',#1864,#1865,#750,.T.);
#2351=EDGE_CURVE('',#1865,#1866,#751,.T.);
#2352=EDGE_CURVE('',#1866,#1867,#752,.T.);
#2353=EDGE_CURVE('',#1867,#1868,#753,.T.);
#2354=EDGE_CURVE('',#1868,#1869,#754,.T.);
#2355=EDGE_CURVE('',#1869,#1870,#755,.T.);
#2356=EDGE_CURVE('',#1870,#1871,#756,.T.);
#2357=EDGE_CURVE('',#1871,#1872,#757,.T.);
#2358=EDGE_CURVE('',#1872,#1873,#758,.T.);
#2359=EDGE_CURVE('',#1873,#1874,#759,.T.);
#2360=EDGE_CURVE('',#1874,#1875,#760,.T.);
#2361=EDGE_CURVE('',#1875,#1876,#761,.T.);
#2362=EDGE_CURVE('',#1876,#1877,#762,.T.);
#2363=EDGE_CURVE('',#1877,#1878,#763,.T.);
#2364=EDGE_CURVE('',#1878,#1879,#764,.T.);
#2365=EDGE_CURVE('',#1879,#1880,#765,.T.);
#2366=EDGE_CURVE('',#1880,#1881,#766,.T.);
#2367=EDGE_CURVE('',#1881,#1882,#767,.T.);
#2368=EDGE_CURVE('',#1882,#1883,#768,.T.);
#2369=EDGE_CURVE('',#1883,#1884,#769,.T.);
#2370=EDGE_CURVE('',#1884,#1859,#770,.T.);
#2371=EDGE_CURVE('',#1846,#1885,#771,.T.);
#2372=EDGE_CURVE('',#1886,#1885,#772,.T.);
#2373=EDGE_CURVE('',#1847,#1886,#773,.T.);
#2374=EDGE_CURVE('',#1845,#1887,#774,.T.);
#2375=EDGE_CURVE('',#1885,#1887,#775,.T.);
#2376=EDGE_CURVE('',#1844,#1888,#776,.T.);
#2377=EDGE_CURVE('',#1887,#1888,#777,.T.);
#2378=EDGE_CURVE('',#1843,#1889,#778,.T.);
#2379=EDGE_CURVE('',#1888,#1889,#779,.T.);
#2380=EDGE_CURVE('',#1842,#1890,#780,.T.);
#2381=EDGE_CURVE('',#1889,#1890,#781,.T.);
#2382=EDGE_CURVE('',#1841,#1891,#782,.T.);
#2383=EDGE_CURVE('',#1890,#1891,#783,.T.);
#2384=EDGE_CURVE('',#1840,#1892,#784,.T.);
#2385=EDGE_CURVE('',#1891,#1892,#785,.T.);
#2386=EDGE_CURVE('',#1839,#1893,#786,.T.);
#2387=EDGE_CURVE('',#1892,#1893,#787,.T.);
#2388=EDGE_CURVE('',#1838,#1894,#788,.T.);
#2389=EDGE_CURVE('',#1893,#1894,#789,.T.);
#2390=EDGE_CURVE('',#1837,#1895,#790,.T.);
#2391=EDGE_CURVE('',#1894,#1895,#791,.T.);
#2392=EDGE_CURVE('',#1836,#1896,#792,.T.);
#2393=EDGE_CURVE('',#1895,#1896,#793,.T.);
#2394=EDGE_CURVE('',#1835,#1897,#794,.T.);
#2395=EDGE_CURVE('',#1896,#1897,#795,.T.);
#2396=EDGE_CURVE('',#1833,#1898,#796,.T.);
#2397=EDGE_CURVE('',#1897,#1898,#797,.T.);
#2398=EDGE_CURVE('',#1899,#1900,#798,.T.);
#2399=EDGE_CURVE('',#1901,#1899,#799,.T.);
#2400=EDGE_CURVE('',#1902,#1901,#800,.T.);
#2401=EDGE_CURVE('',#1903,#1902,#801,.T.);
#2402=EDGE_CURVE('',#1904,#1903,#802,.T.);
#2403=EDGE_CURVE('',#1905,#1904,#803,.T.);
#2404=EDGE_CURVE('',#1906,#1905,#804,.T.);
#2405=EDGE_CURVE('',#1907,#1906,#805,.T.);
#2406=EDGE_CURVE('',#1908,#1907,#806,.T.);
#2407=EDGE_CURVE('',#1909,#1908,#807,.T.);
#2408=EDGE_CURVE('',#1910,#1909,#808,.T.);
#2409=EDGE_CURVE('',#1911,#1910,#809,.T.);
#2410=EDGE_CURVE('',#1912,#1911,#810,.T.);
#2411=EDGE_CURVE('',#1913,#1912,#811,.T.);
#2412=EDGE_CURVE('',#1914,#1913,#812,.T.);
#2413=EDGE_CURVE('',#1915,#1914,#813,.T.);
#2414=EDGE_CURVE('',#1916,#1915,#814,.T.);
#2415=EDGE_CURVE('',#1917,#1916,#815,.T.);
#2416=EDGE_CURVE('',#1918,#1917,#816,.T.);
#2417=EDGE_CURVE('',#1919,#1918,#817,.T.);
#2418=EDGE_CURVE('',#1920,#1919,#818,.T.);
#2419=EDGE_CURVE('',#1921,#1920,#819,.T.);
#2420=EDGE_CURVE('',#1922,#1921,#820,.T.);
#2421=EDGE_CURVE('',#1923,#1922,#821,.T.);
#2422=EDGE_CURVE('',#1924,#1923,#822,.T.);
#2423=EDGE_CURVE('',#1925,#1924,#823,.T.);
#2424=EDGE_CURVE('',#1900,#1925,#824,.T.);
#2425=EDGE_CURVE('',#1926,#1927,#825,.T.);
#2426=EDGE_CURVE('',#1927,#1928,#826,.T.);
#2427=EDGE_CURVE('',#1928,#1929,#827,.T.);
#2428=EDGE_CURVE('',#1929,#1930,#828,.T.);
#2429=EDGE_CURVE('',#1930,#1931,#829,.T.);
#2430=EDGE_CURVE('',#1931,#1932,#830,.T.);
#2431=EDGE_CURVE('',#1932,#1933,#831,.T.);
#2432=EDGE_CURVE('',#1933,#1934,#832,.T.);
#2433=EDGE_CURVE('',#1934,#1935,#833,.T.);
#2434=EDGE_CURVE('',#1935,#1936,#834,.T.);
#2435=EDGE_CURVE('',#1936,#1937,#835,.T.);
#2436=EDGE_CURVE('',#1937,#1938,#836,.T.);
#2437=EDGE_CURVE('',#1938,#1939,#837,.T.);
#2438=EDGE_CURVE('',#1939,#1940,#838,.T.);
#2439=EDGE_CURVE('',#1940,#1941,#839,.T.);
#2440=EDGE_CURVE('',#1941,#1942,#840,.T.);
#2441=EDGE_CURVE('',#1942,#1943,#841,.T.);
#2442=EDGE_CURVE('',#1943,#1944,#842,.T.);
#2443=EDGE_CURVE('',#1944,#1945,#843,.T.);
#2444=EDGE_CURVE('',#1945,#1946,#844,.T.);
#2445=EDGE_CURVE('',#1946,#1947,#845,.T.);
#2446=EDGE_CURVE('',#1947,#1948,#846,.T.);
#2447=EDGE_CURVE('',#1948,#1949,#847,.T.);
#2448=EDGE_CURVE('',#1949,#1950,#848,.T.);
#2449=EDGE_CURVE('',#1950,#1951,#849,.T.);
#2450=EDGE_CURVE('',#1951,#1952,#850,.T.);
#2451=EDGE_CURVE('',#1952,#1926,#851,.T.);
#2452=EDGE_CURVE('',#1913,#1953,#852,.T.);
#2453=EDGE_CURVE('',#1954,#1953,#853,.T.);
#2454=EDGE_CURVE('',#1914,#1954,#854,.T.);
#2455=EDGE_CURVE('',#1912,#1955,#855,.T.);
#2456=EDGE_CURVE('',#1953,#1955,#856,.T.);
#2457=EDGE_CURVE('',#1911,#1956,#857,.T.);
#2458=EDGE_CURVE('',#1955,#1956,#858,.T.);
#2459=EDGE_CURVE('',#1910,#1957,#859,.T.);
#2460=EDGE_CURVE('',#1956,#1957,#860,.T.);
#2461=EDGE_CURVE('',#1909,#1958,#861,.T.);
#2462=EDGE_CURVE('',#1957,#1958,#862,.T.);
#2463=EDGE_CURVE('',#1908,#1959,#863,.T.);
#2464=EDGE_CURVE('',#1958,#1959,#864,.T.);
#2465=EDGE_CURVE('',#1907,#1960,#865,.T.);
#2466=EDGE_CURVE('',#1959,#1960,#866,.T.);
#2467=EDGE_CURVE('',#1906,#1961,#867,.T.);
#2468=EDGE_CURVE('',#1960,#1961,#868,.T.);
#2469=EDGE_CURVE('',#1905,#1962,#869,.T.);
#2470=EDGE_CURVE('',#1961,#1962,#870,.T.);
#2471=EDGE_CURVE('',#1904,#1963,#871,.T.);
#2472=EDGE_CURVE('',#1962,#1963,#872,.T.);
#2473=EDGE_CURVE('',#1903,#1964,#873,.T.);
#2474=EDGE_CURVE('',#1963,#1964,#874,.T.);
#2475=EDGE_CURVE('',#1902,#1965,#875,.T.);
#2476=EDGE_CURVE('',#1964,#1965,#876,.T.);
#2477=EDGE_CURVE('',#1901,#1966,#877,.T.);
#2478=EDGE_CURVE('',#1965,#1966,#878,.T.);
#2479=EDGE_CURVE('',#1899,#1967,#879,.T.);
#2480=EDGE_CURVE('',#1966,#1967,#880,.T.);
#2481=EDGE_CURVE('',#1968,#1886,#881,.T.);
#2482=EDGE_CURVE('',#1848,#1968,#882,.T.);
#2483=EDGE_CURVE('',#1969,#1968,#883,.T.);
#2484=EDGE_CURVE('',#1849,#1969,#884,.T.);
#2485=EDGE_CURVE('',#1970,#1969,#885,.T.);
#2486=EDGE_CURVE('',#1850,#1970,#886,.T.);
#2487=EDGE_CURVE('',#1971,#1970,#887,.T.);
#2488=EDGE_CURVE('',#1851,#1971,#888,.T.);
#2489=EDGE_CURVE('',#1972,#1971,#889,.T.);
#2490=EDGE_CURVE('',#1852,#1972,#890,.T.);
#2491=EDGE_CURVE('',#1973,#1972,#891,.T.);
#2492=EDGE_CURVE('',#1853,#1973,#892,.T.);
#2493=EDGE_CURVE('',#1974,#1973,#893,.T.);
#2494=EDGE_CURVE('',#1854,#1974,#894,.T.);
#2495=EDGE_CURVE('',#1975,#1974,#895,.T.);
#2496=EDGE_CURVE('',#1855,#1975,#896,.T.);
#2497=EDGE_CURVE('',#1976,#1975,#897,.T.);
#2498=EDGE_CURVE('',#1856,#1976,#898,.T.);
#2499=EDGE_CURVE('',#1977,#1976,#899,.T.);
#2500=EDGE_CURVE('',#1857,#1977,#900,.T.);
#2501=EDGE_CURVE('',#1978,#1977,#901,.T.);
#2502=EDGE_CURVE('',#1858,#1978,#902,.T.);
#2503=EDGE_CURVE('',#1979,#1978,#903,.T.);
#2504=EDGE_CURVE('',#1979,#1834,#904,.T.);
#2505=EDGE_CURVE('',#1898,#1979,#905,.T.);
#2506=EDGE_CURVE('',#1980,#1954,#906,.T.);
#2507=EDGE_CURVE('',#1915,#1980,#907,.T.);
#2508=EDGE_CURVE('',#1981,#1980,#908,.T.);
#2509=EDGE_CURVE('',#1916,#1981,#909,.T.);
#2510=EDGE_CURVE('',#1982,#1981,#910,.T.);
#2511=EDGE_CURVE('',#1917,#1982,#911,.T.);
#2512=EDGE_CURVE('',#1983,#1982,#912,.T.);
#2513=EDGE_CURVE('',#1918,#1983,#913,.T.);
#2514=EDGE_CURVE('',#1984,#1983,#914,.T.);
#2515=EDGE_CURVE('',#1919,#1984,#915,.T.);
#2516=EDGE_CURVE('',#1985,#1984,#916,.T.);
#2517=EDGE_CURVE('',#1920,#1985,#917,.T.);
#2518=EDGE_CURVE('',#1986,#1985,#918,.T.);
#2519=EDGE_CURVE('',#1921,#1986,#919,.T.);
#2520=EDGE_CURVE('',#1987,#1986,#920,.T.);
#2521=EDGE_CURVE('',#1922,#1987,#921,.T.);
#2522=EDGE_CURVE('',#1988,#1987,#922,.T.);
#2523=EDGE_CURVE('',#1923,#1988,#923,.T.);
#2524=EDGE_CURVE('',#1989,#1988,#924,.T.);
#2525=EDGE_CURVE('',#1924,#1989,#925,.T.);
#2526=EDGE_CURVE('',#1990,#1989,#926,.T.);
#2527=EDGE_CURVE('',#1925,#1990,#927,.T.);
#2528=EDGE_CURVE('',#1991,#1990,#928,.T.);
#2529=EDGE_CURVE('',#1991,#1900,#929,.T.);
#2530=EDGE_CURVE('',#1967,#1991,#930,.T.);
#2531=EDGE_CURVE('',#1992,#1871,#931,.T.);
#2532=EDGE_CURVE('',#1993,#1992,#932,.T.);
#2533=EDGE_CURVE('',#1993,#1872,#933,.T.);
#2534=EDGE_CURVE('',#1994,#1870,#934,.T.);
#2535=EDGE_CURVE('',#1992,#1994,#935,.T.);
#2536=EDGE_CURVE('',#1995,#1869,#936,.T.);
#2537=EDGE_CURVE('',#1994,#1995,#937,.T.);
#2538=EDGE_CURVE('',#1996,#1868,#938,.T.);
#2539=EDGE_CURVE('',#1995,#1996,#939,.T.);
#2540=EDGE_CURVE('',#1997,#1867,#940,.T.);
#2541=EDGE_CURVE('',#1996,#1997,#941,.T.);
#2542=EDGE_CURVE('',#1998,#1866,#942,.T.);
#2543=EDGE_CURVE('',#1997,#1998,#943,.T.);
#2544=EDGE_CURVE('',#1999,#1865,#944,.T.);
#2545=EDGE_CURVE('',#1998,#1999,#945,.T.);
#2546=EDGE_CURVE('',#2000,#1864,#946,.T.);
#2547=EDGE_CURVE('',#1999,#2000,#947,.T.);
#2548=EDGE_CURVE('',#2001,#1863,#948,.T.);
#2549=EDGE_CURVE('',#2000,#2001,#949,.T.);
#2550=EDGE_CURVE('',#2002,#1862,#950,.T.);
#2551=EDGE_CURVE('',#2001,#2002,#951,.T.);
#2552=EDGE_CURVE('',#2003,#1861,#952,.T.);
#2553=EDGE_CURVE('',#2002,#2003,#953,.T.);
#2554=EDGE_CURVE('',#2004,#1860,#954,.T.);
#2555=EDGE_CURVE('',#2003,#2004,#955,.T.);
#2556=EDGE_CURVE('',#2005,#1859,#956,.T.);
#2557=EDGE_CURVE('',#2004,#2005,#957,.T.);
#2558=EDGE_CURVE('',#2006,#1939,#958,.T.);
#2559=EDGE_CURVE('',#2007,#2006,#959,.T.);
#2560=EDGE_CURVE('',#2007,#1940,#960,.T.);
#2561=EDGE_CURVE('',#2008,#1938,#961,.T.);
#2562=EDGE_CURVE('',#2006,#2008,#962,.T.);
#2563=EDGE_CURVE('',#2009,#1937,#963,.T.);
#2564=EDGE_CURVE('',#2008,#2009,#964,.T.);
#2565=EDGE_CURVE('',#2010,#1936,#965,.T.);
#2566=EDGE_CURVE('',#2009,#2010,#966,.T.);
#2567=EDGE_CURVE('',#2011,#1935,#967,.T.);
#2568=EDGE_CURVE('',#2010,#2011,#968,.T.);
#2569=EDGE_CURVE('',#2012,#1934,#969,.T.);
#2570=EDGE_CURVE('',#2011,#2012,#970,.T.);
#2571=EDGE_CURVE('',#2013,#1933,#971,.T.);
#2572=EDGE_CURVE('',#2012,#2013,#972,.T.);
#2573=EDGE_CURVE('',#2014,#1932,#973,.T.);
#2574=EDGE_CURVE('',#2013,#2014,#974,.T.);
#2575=EDGE_CURVE('',#2015,#1931,#975,.T.);
#2576=EDGE_CURVE('',#2014,#2015,#976,.T.);
#2577=EDGE_CURVE('',#2016,#1930,#977,.T.);
#2578=EDGE_CURVE('',#2015,#2016,#978,.T.);
#2579=EDGE_CURVE('',#2017,#1929,#979,.T.);
#2580=EDGE_CURVE('',#2016,#2017,#980,.T.);
#2581=EDGE_CURVE('',#2018,#1928,#981,.T.);
#2582=EDGE_CURVE('',#2017,#2018,#982,.T.);
#2583=EDGE_CURVE('',#2019,#1927,#983,.T.);
#2584=EDGE_CURVE('',#2018,#2019,#984,.T.);
#2585=EDGE_CURVE('',#2020,#1926,#985,.T.);
#2586=EDGE_CURVE('',#2019,#2020,#986,.T.);
#2587=EDGE_CURVE('',#2021,#1993,#987,.T.);
#2588=EDGE_CURVE('',#2021,#1873,#988,.T.);
#2589=EDGE_CURVE('',#2022,#2021,#989,.T.);
#2590=EDGE_CURVE('',#2022,#1874,#990,.T.);
#2591=EDGE_CURVE('',#2023,#2022,#991,.T.);
#2592=EDGE_CURVE('',#2023,#1875,#992,.T.);
#2593=EDGE_CURVE('',#2024,#2023,#993,.T.);
#2594=EDGE_CURVE('',#2024,#1876,#994,.T.);
#2595=EDGE_CURVE('',#2025,#2024,#995,.T.);
#2596=EDGE_CURVE('',#2025,#1877,#996,.T.);
#2597=EDGE_CURVE('',#2026,#2025,#997,.T.);
#2598=EDGE_CURVE('',#2026,#1878,#998,.T.);
#2599=EDGE_CURVE('',#2027,#2026,#999,.T.);
#2600=EDGE_CURVE('',#2027,#1879,#1000,.T.);
#2601=EDGE_CURVE('',#2028,#2027,#1001,.T.);
#2602=EDGE_CURVE('',#2028,#1880,#1002,.T.);
#2603=EDGE_CURVE('',#2029,#2028,#1003,.T.);
#2604=EDGE_CURVE('',#2029,#1881,#1004,.T.);
#2605=EDGE_CURVE('',#2030,#2029,#1005,.T.);
#2606=EDGE_CURVE('',#2030,#1882,#1006,.T.);
#2607=EDGE_CURVE('',#2031,#2030,#1007,.T.);
#2608=EDGE_CURVE('',#2031,#1883,#1008,.T.);
#2609=EDGE_CURVE('',#2032,#2031,#1009,.T.);
#2610=EDGE_CURVE('',#2032,#1884,#1010,.T.);
#2611=EDGE_CURVE('',#2005,#2032,#1011,.T.);
#2612=EDGE_CURVE('',#2033,#2007,#1012,.T.);
#2613=EDGE_CURVE('',#2033,#1941,#1013,.T.);
#2614=EDGE_CURVE('',#2034,#2033,#1014,.T.);
#2615=EDGE_CURVE('',#2034,#1942,#1015,.T.);
#2616=EDGE_CURVE('',#2035,#2034,#1016,.T.);
#2617=EDGE_CURVE('',#2035,#1943,#1017,.T.);
#2618=EDGE_CURVE('',#2036,#2035,#1018,.T.);
#2619=EDGE_CURVE('',#2036,#1944,#1019,.T.);
#2620=EDGE_CURVE('',#2037,#2036,#1020,.T.);
#2621=EDGE_CURVE('',#2037,#1945,#1021,.T.);
#2622=EDGE_CURVE('',#2038,#2037,#1022,.T.);
#2623=EDGE_CURVE('',#2038,#1946,#1023,.T.);
#2624=EDGE_CURVE('',#2039,#2038,#1024,.T.);
#2625=EDGE_CURVE('',#2039,#1947,#1025,.T.);
#2626=EDGE_CURVE('',#2040,#2039,#1026,.T.);
#2627=EDGE_CURVE('',#2040,#1948,#1027,.T.);
#2628=EDGE_CURVE('',#2041,#2040,#1028,.T.);
#2629=EDGE_CURVE('',#2041,#1949,#1029,.T.);
#2630=EDGE_CURVE('',#2042,#2041,#1030,.T.);
#2631=EDGE_CURVE('',#2042,#1950,#1031,.T.);
#2632=EDGE_CURVE('',#2043,#2042,#1032,.T.);
#2633=EDGE_CURVE('',#2043,#1951,#1033,.T.);
#2634=EDGE_CURVE('',#2044,#2043,#1034,.T.);
#2635=EDGE_CURVE('',#2044,#1952,#1035,.T.);
#2636=EDGE_CURVE('',#2020,#2044,#1036,.T.);
#2637=EDGE_CURVE('',#2045,#2046,#1037,.T.);
#2638=EDGE_CURVE('',#2045,#2047,#1038,.T.);
#2639=EDGE_CURVE('',#2048,#2047,#1039,.T.);
#2640=EDGE_CURVE('',#2046,#2048,#1040,.T.);
#2641=EDGE_CURVE('',#2049,#2046,#1041,.T.);
#2642=EDGE_CURVE('',#2050,#2048,#1042,.T.);
#2643=EDGE_CURVE('',#2049,#2050,#1043,.T.);
#2644=EDGE_CURVE('',#2051,#2049,#1044,.T.);
#2645=EDGE_CURVE('',#2052,#2050,#1045,.T.);
#2646=EDGE_CURVE('',#2051,#2052,#1046,.T.);
#2647=EDGE_CURVE('',#2051,#2053,#1047,.T.);
#2648=EDGE_CURVE('',#2054,#2052,#1048,.T.);
#2649=EDGE_CURVE('',#2053,#2054,#1049,.T.);
#2650=EDGE_CURVE('',#2053,#2055,#1050,.T.);
#2651=EDGE_CURVE('',#2056,#2054,#1051,.T.);
#2652=EDGE_CURVE('',#2055,#2056,#1052,.T.);
#2653=EDGE_CURVE('',#2055,#2057,#1053,.T.);
#2654=EDGE_CURVE('',#2058,#2056,#1054,.T.);
#2655=EDGE_CURVE('',#2057,#2058,#1055,.T.);
#2656=EDGE_CURVE('',#2059,#2057,#1056,.T.);
#2657=EDGE_CURVE('',#2060,#2058,#1057,.T.);
#2658=EDGE_CURVE('',#2059,#2060,#1058,.T.);
#2659=EDGE_CURVE('',#2059,#2045,#1059,.T.);
#2660=EDGE_CURVE('',#2047,#2060,#1060,.T.);
#2661=ORIENTED_EDGE('',*,*,#2061,.T.);
#2662=ORIENTED_EDGE('',*,*,#2062,.T.);
#2663=ORIENTED_EDGE('',*,*,#2063,.F.);
#2664=ORIENTED_EDGE('',*,*,#2064,.F.);
#2665=ORIENTED_EDGE('',*,*,#2065,.T.);
#2666=ORIENTED_EDGE('',*,*,#2064,.T.);
#2667=ORIENTED_EDGE('',*,*,#2066,.F.);
#2668=ORIENTED_EDGE('',*,*,#2067,.F.);
#2669=ORIENTED_EDGE('',*,*,#2068,.T.);
#2670=ORIENTED_EDGE('',*,*,#2067,.T.);
#2671=ORIENTED_EDGE('',*,*,#2069,.F.);
#2672=ORIENTED_EDGE('',*,*,#2070,.F.);
#2673=ORIENTED_EDGE('',*,*,#2071,.T.);
#2674=ORIENTED_EDGE('',*,*,#2070,.T.);
#2675=ORIENTED_EDGE('',*,*,#2072,.F.);
#2676=ORIENTED_EDGE('',*,*,#2073,.F.);
#2677=ORIENTED_EDGE('',*,*,#2074,.T.);
#2678=ORIENTED_EDGE('',*,*,#2073,.T.);
#2679=ORIENTED_EDGE('',*,*,#2075,.F.);
#2680=ORIENTED_EDGE('',*,*,#2076,.F.);
#2681=ORIENTED_EDGE('',*,*,#2077,.T.);
#2682=ORIENTED_EDGE('',*,*,#2076,.T.);
#2683=ORIENTED_EDGE('',*,*,#2078,.F.);
#2684=ORIENTED_EDGE('',*,*,#2079,.F.);
#2685=ORIENTED_EDGE('',*,*,#2080,.T.);
#2686=ORIENTED_EDGE('',*,*,#2079,.T.);
#2687=ORIENTED_EDGE('',*,*,#2081,.F.);
#2688=ORIENTED_EDGE('',*,*,#2082,.F.);
#2689=ORIENTED_EDGE('',*,*,#2083,.T.);
#2690=ORIENTED_EDGE('',*,*,#2082,.T.);
#2691=ORIENTED_EDGE('',*,*,#2084,.F.);
#2692=ORIENTED_EDGE('',*,*,#2085,.F.);
#2693=ORIENTED_EDGE('',*,*,#2086,.T.);
#2694=ORIENTED_EDGE('',*,*,#2085,.T.);
#2695=ORIENTED_EDGE('',*,*,#2087,.F.);
#2696=ORIENTED_EDGE('',*,*,#2088,.F.);
#2697=ORIENTED_EDGE('',*,*,#2089,.T.);
#2698=ORIENTED_EDGE('',*,*,#2088,.T.);
#2699=ORIENTED_EDGE('',*,*,#2090,.F.);
#2700=ORIENTED_EDGE('',*,*,#2091,.F.);
#2701=ORIENTED_EDGE('',*,*,#2092,.T.);
#2702=ORIENTED_EDGE('',*,*,#2091,.T.);
#2703=ORIENTED_EDGE('',*,*,#2093,.F.);
#2704=ORIENTED_EDGE('',*,*,#2094,.F.);
#2705=ORIENTED_EDGE('',*,*,#2095,.T.);
#2706=ORIENTED_EDGE('',*,*,#2094,.T.);
#2707=ORIENTED_EDGE('',*,*,#2096,.F.);
#2708=ORIENTED_EDGE('',*,*,#2097,.F.);
#2709=ORIENTED_EDGE('',*,*,#2098,.T.);
#2710=ORIENTED_EDGE('',*,*,#2097,.T.);
#2711=ORIENTED_EDGE('',*,*,#2099,.F.);
#2712=ORIENTED_EDGE('',*,*,#2100,.F.);
#2713=ORIENTED_EDGE('',*,*,#2101,.T.);
#2714=ORIENTED_EDGE('',*,*,#2100,.T.);
#2715=ORIENTED_EDGE('',*,*,#2102,.F.);
#2716=ORIENTED_EDGE('',*,*,#2103,.F.);
#2717=ORIENTED_EDGE('',*,*,#2104,.T.);
#2718=ORIENTED_EDGE('',*,*,#2103,.T.);
#2719=ORIENTED_EDGE('',*,*,#2105,.F.);
#2720=ORIENTED_EDGE('',*,*,#2106,.F.);
#2721=ORIENTED_EDGE('',*,*,#2107,.T.);
#2722=ORIENTED_EDGE('',*,*,#2106,.T.);
#2723=ORIENTED_EDGE('',*,*,#2108,.F.);
#2724=ORIENTED_EDGE('',*,*,#2109,.F.);
#2725=ORIENTED_EDGE('',*,*,#2110,.T.);
#2726=ORIENTED_EDGE('',*,*,#2109,.T.);
#2727=ORIENTED_EDGE('',*,*,#2111,.F.);
#2728=ORIENTED_EDGE('',*,*,#2112,.F.);
#2729=ORIENTED_EDGE('',*,*,#2113,.T.);
#2730=ORIENTED_EDGE('',*,*,#2112,.T.);
#2731=ORIENTED_EDGE('',*,*,#2114,.F.);
#2732=ORIENTED_EDGE('',*,*,#2115,.F.);
#2733=ORIENTED_EDGE('',*,*,#2116,.T.);
#2734=ORIENTED_EDGE('',*,*,#2115,.T.);
#2735=ORIENTED_EDGE('',*,*,#2117,.F.);
#2736=ORIENTED_EDGE('',*,*,#2118,.F.);
#2737=ORIENTED_EDGE('',*,*,#2119,.T.);
#2738=ORIENTED_EDGE('',*,*,#2118,.T.);
#2739=ORIENTED_EDGE('',*,*,#2120,.F.);
#2740=ORIENTED_EDGE('',*,*,#2121,.F.);
#2741=ORIENTED_EDGE('',*,*,#2122,.T.);
#2742=ORIENTED_EDGE('',*,*,#2121,.T.);
#2743=ORIENTED_EDGE('',*,*,#2123,.F.);
#2744=ORIENTED_EDGE('',*,*,#2124,.F.);
#2745=ORIENTED_EDGE('',*,*,#2125,.T.);
#2746=ORIENTED_EDGE('',*,*,#2124,.T.);
#2747=ORIENTED_EDGE('',*,*,#2126,.F.);
#2748=ORIENTED_EDGE('',*,*,#2127,.F.);
#2749=ORIENTED_EDGE('',*,*,#2128,.T.);
#2750=ORIENTED_EDGE('',*,*,#2127,.T.);
#2751=ORIENTED_EDGE('',*,*,#2129,.F.);
#2752=ORIENTED_EDGE('',*,*,#2130,.F.);
#2753=ORIENTED_EDGE('',*,*,#2131,.T.);
#2754=ORIENTED_EDGE('',*,*,#2130,.T.);
#2755=ORIENTED_EDGE('',*,*,#2132,.F.);
#2756=ORIENTED_EDGE('',*,*,#2133,.F.);
#2757=ORIENTED_EDGE('',*,*,#2134,.T.);
#2758=ORIENTED_EDGE('',*,*,#2133,.T.);
#2759=ORIENTED_EDGE('',*,*,#2135,.F.);
#2760=ORIENTED_EDGE('',*,*,#2136,.F.);
#2761=ORIENTED_EDGE('',*,*,#2137,.T.);
#2762=ORIENTED_EDGE('',*,*,#2136,.T.);
#2763=ORIENTED_EDGE('',*,*,#2138,.F.);
#2764=ORIENTED_EDGE('',*,*,#2062,.F.);
#2765=ORIENTED_EDGE('',*,*,#2139,.T.);
#2766=ORIENTED_EDGE('',*,*,#2140,.T.);
#2767=ORIENTED_EDGE('',*,*,#2141,.F.);
#2768=ORIENTED_EDGE('',*,*,#2142,.F.);
#2769=ORIENTED_EDGE('',*,*,#2143,.T.);
#2770=ORIENTED_EDGE('',*,*,#2142,.T.);
#2771=ORIENTED_EDGE('',*,*,#2144,.F.);
#2772=ORIENTED_EDGE('',*,*,#2145,.F.);
#2773=ORIENTED_EDGE('',*,*,#2146,.T.);
#2774=ORIENTED_EDGE('',*,*,#2145,.T.);
#2775=ORIENTED_EDGE('',*,*,#2147,.F.);
#2776=ORIENTED_EDGE('',*,*,#2148,.F.);
#2777=ORIENTED_EDGE('',*,*,#2149,.T.);
#2778=ORIENTED_EDGE('',*,*,#2148,.T.);
#2779=ORIENTED_EDGE('',*,*,#2150,.F.);
#2780=ORIENTED_EDGE('',*,*,#2151,.F.);
#2781=ORIENTED_EDGE('',*,*,#2152,.T.);
#2782=ORIENTED_EDGE('',*,*,#2151,.T.);
#2783=ORIENTED_EDGE('',*,*,#2153,.F.);
#2784=ORIENTED_EDGE('',*,*,#2154,.F.);
#2785=ORIENTED_EDGE('',*,*,#2155,.T.);
#2786=ORIENTED_EDGE('',*,*,#2154,.T.);
#2787=ORIENTED_EDGE('',*,*,#2156,.F.);
#2788=ORIENTED_EDGE('',*,*,#2157,.F.);
#2789=ORIENTED_EDGE('',*,*,#2158,.T.);
#2790=ORIENTED_EDGE('',*,*,#2157,.T.);
#2791=ORIENTED_EDGE('',*,*,#2159,.F.);
#2792=ORIENTED_EDGE('',*,*,#2160,.F.);
#2793=ORIENTED_EDGE('',*,*,#2161,.T.);
#2794=ORIENTED_EDGE('',*,*,#2160,.T.);
#2795=ORIENTED_EDGE('',*,*,#2162,.F.);
#2796=ORIENTED_EDGE('',*,*,#2163,.F.);
#2797=ORIENTED_EDGE('',*,*,#2164,.T.);
#2798=ORIENTED_EDGE('',*,*,#2163,.T.);
#2799=ORIENTED_EDGE('',*,*,#2165,.F.);
#2800=ORIENTED_EDGE('',*,*,#2166,.F.);
#2801=ORIENTED_EDGE('',*,*,#2167,.T.);
#2802=ORIENTED_EDGE('',*,*,#2166,.T.);
#2803=ORIENTED_EDGE('',*,*,#2168,.F.);
#2804=ORIENTED_EDGE('',*,*,#2169,.F.);
#2805=ORIENTED_EDGE('',*,*,#2170,.T.);
#2806=ORIENTED_EDGE('',*,*,#2169,.T.);
#2807=ORIENTED_EDGE('',*,*,#2171,.F.);
#2808=ORIENTED_EDGE('',*,*,#2172,.F.);
#2809=ORIENTED_EDGE('',*,*,#2173,.T.);
#2810=ORIENTED_EDGE('',*,*,#2172,.T.);
#2811=ORIENTED_EDGE('',*,*,#2174,.F.);
#2812=ORIENTED_EDGE('',*,*,#2175,.F.);
#2813=ORIENTED_EDGE('',*,*,#2176,.T.);
#2814=ORIENTED_EDGE('',*,*,#2175,.T.);
#2815=ORIENTED_EDGE('',*,*,#2177,.F.);
#2816=ORIENTED_EDGE('',*,*,#2178,.F.);
#2817=ORIENTED_EDGE('',*,*,#2179,.T.);
#2818=ORIENTED_EDGE('',*,*,#2178,.T.);
#2819=ORIENTED_EDGE('',*,*,#2180,.F.);
#2820=ORIENTED_EDGE('',*,*,#2181,.F.);
#2821=ORIENTED_EDGE('',*,*,#2182,.T.);
#2822=ORIENTED_EDGE('',*,*,#2181,.T.);
#2823=ORIENTED_EDGE('',*,*,#2183,.F.);
#2824=ORIENTED_EDGE('',*,*,#2184,.F.);
#2825=ORIENTED_EDGE('',*,*,#2185,.T.);
#2826=ORIENTED_EDGE('',*,*,#2184,.T.);
#2827=ORIENTED_EDGE('',*,*,#2186,.F.);
#2828=ORIENTED_EDGE('',*,*,#2187,.F.);
#2829=ORIENTED_EDGE('',*,*,#2188,.T.);
#2830=ORIENTED_EDGE('',*,*,#2187,.T.);
#2831=ORIENTED_EDGE('',*,*,#2189,.F.);
#2832=ORIENTED_EDGE('',*,*,#2190,.F.);
#2833=ORIENTED_EDGE('',*,*,#2191,.T.);
#2834=ORIENTED_EDGE('',*,*,#2190,.T.);
#2835=ORIENTED_EDGE('',*,*,#2192,.F.);
#2836=ORIENTED_EDGE('',*,*,#2193,.F.);
#2837=ORIENTED_EDGE('',*,*,#2194,.T.);
#2838=ORIENTED_EDGE('',*,*,#2193,.T.);
#2839=ORIENTED_EDGE('',*,*,#2195,.F.);
#2840=ORIENTED_EDGE('',*,*,#2196,.F.);
#2841=ORIENTED_EDGE('',*,*,#2197,.T.);
#2842=ORIENTED_EDGE('',*,*,#2196,.T.);
#2843=ORIENTED_EDGE('',*,*,#2198,.F.);
#2844=ORIENTED_EDGE('',*,*,#2199,.F.);
#2845=ORIENTED_EDGE('',*,*,#2200,.T.);
#2846=ORIENTED_EDGE('',*,*,#2199,.T.);
#2847=ORIENTED_EDGE('',*,*,#2201,.F.);
#2848=ORIENTED_EDGE('',*,*,#2202,.F.);
#2849=ORIENTED_EDGE('',*,*,#2203,.T.);
#2850=ORIENTED_EDGE('',*,*,#2202,.T.);
#2851=ORIENTED_EDGE('',*,*,#2204,.F.);
#2852=ORIENTED_EDGE('',*,*,#2205,.F.);
#2853=ORIENTED_EDGE('',*,*,#2206,.T.);
#2854=ORIENTED_EDGE('',*,*,#2205,.T.);
#2855=ORIENTED_EDGE('',*,*,#2207,.F.);
#2856=ORIENTED_EDGE('',*,*,#2208,.F.);
#2857=ORIENTED_EDGE('',*,*,#2209,.T.);
#2858=ORIENTED_EDGE('',*,*,#2208,.T.);
#2859=ORIENTED_EDGE('',*,*,#2210,.F.);
#2860=ORIENTED_EDGE('',*,*,#2211,.F.);
#2861=ORIENTED_EDGE('',*,*,#2212,.T.);
#2862=ORIENTED_EDGE('',*,*,#2211,.T.);
#2863=ORIENTED_EDGE('',*,*,#2213,.F.);
#2864=ORIENTED_EDGE('',*,*,#2214,.F.);
#2865=ORIENTED_EDGE('',*,*,#2215,.T.);
#2866=ORIENTED_EDGE('',*,*,#2214,.T.);
#2867=ORIENTED_EDGE('',*,*,#2216,.F.);
#2868=ORIENTED_EDGE('',*,*,#2140,.F.);
#2869=ORIENTED_EDGE('',*,*,#2217,.T.);
#2870=ORIENTED_EDGE('',*,*,#2218,.T.);
#2871=ORIENTED_EDGE('',*,*,#2219,.F.);
#2872=ORIENTED_EDGE('',*,*,#2220,.F.);
#2873=ORIENTED_EDGE('',*,*,#2221,.F.);
#2874=ORIENTED_EDGE('',*,*,#2220,.T.);
#2875=ORIENTED_EDGE('',*,*,#2222,.F.);
#2876=ORIENTED_EDGE('',*,*,#2223,.F.);
#2877=ORIENTED_EDGE('',*,*,#2224,.T.);
#2878=ORIENTED_EDGE('',*,*,#2223,.T.);
#2879=ORIENTED_EDGE('',*,*,#2225,.F.);
#2880=ORIENTED_EDGE('',*,*,#2226,.F.);
#2881=ORIENTED_EDGE('',*,*,#2227,.F.);
#2882=ORIENTED_EDGE('',*,*,#2226,.T.);
#2883=ORIENTED_EDGE('',*,*,#2228,.F.);
#2884=ORIENTED_EDGE('',*,*,#2229,.F.);
#2885=ORIENTED_EDGE('',*,*,#2230,.T.);
#2886=ORIENTED_EDGE('',*,*,#2229,.T.);
#2887=ORIENTED_EDGE('',*,*,#2231,.F.);
#2888=ORIENTED_EDGE('',*,*,#2218,.F.);
#2889=ORIENTED_EDGE('',*,*,#2231,.T.);
#2890=ORIENTED_EDGE('',*,*,#2228,.T.);
#2891=ORIENTED_EDGE('',*,*,#2225,.T.);
#2892=ORIENTED_EDGE('',*,*,#2222,.T.);
#2893=ORIENTED_EDGE('',*,*,#2219,.T.);
#2894=ORIENTED_EDGE('',*,*,#2216,.T.);
#2895=ORIENTED_EDGE('',*,*,#2213,.T.);
#2896=ORIENTED_EDGE('',*,*,#2210,.T.);
#2897=ORIENTED_EDGE('',*,*,#2207,.T.);
#2898=ORIENTED_EDGE('',*,*,#2204,.T.);
#2899=ORIENTED_EDGE('',*,*,#2201,.T.);
#2900=ORIENTED_EDGE('',*,*,#2198,.T.);
#2901=ORIENTED_EDGE('',*,*,#2195,.T.);
#2902=ORIENTED_EDGE('',*,*,#2192,.T.);
#2903=ORIENTED_EDGE('',*,*,#2189,.T.);
#2904=ORIENTED_EDGE('',*,*,#2186,.T.);
#2905=ORIENTED_EDGE('',*,*,#2183,.T.);
#2906=ORIENTED_EDGE('',*,*,#2180,.T.);
#2907=ORIENTED_EDGE('',*,*,#2177,.T.);
#2908=ORIENTED_EDGE('',*,*,#2174,.T.);
#2909=ORIENTED_EDGE('',*,*,#2171,.T.);
#2910=ORIENTED_EDGE('',*,*,#2168,.T.);
#2911=ORIENTED_EDGE('',*,*,#2165,.T.);
#2912=ORIENTED_EDGE('',*,*,#2162,.T.);
#2913=ORIENTED_EDGE('',*,*,#2159,.T.);
#2914=ORIENTED_EDGE('',*,*,#2156,.T.);
#2915=ORIENTED_EDGE('',*,*,#2153,.T.);
#2916=ORIENTED_EDGE('',*,*,#2150,.T.);
#2917=ORIENTED_EDGE('',*,*,#2147,.T.);
#2918=ORIENTED_EDGE('',*,*,#2144,.T.);
#2919=ORIENTED_EDGE('',*,*,#2141,.T.);
#2920=ORIENTED_EDGE('',*,*,#2138,.T.);
#2921=ORIENTED_EDGE('',*,*,#2135,.T.);
#2922=ORIENTED_EDGE('',*,*,#2132,.T.);
#2923=ORIENTED_EDGE('',*,*,#2129,.T.);
#2924=ORIENTED_EDGE('',*,*,#2126,.T.);
#2925=ORIENTED_EDGE('',*,*,#2123,.T.);
#2926=ORIENTED_EDGE('',*,*,#2120,.T.);
#2927=ORIENTED_EDGE('',*,*,#2117,.T.);
#2928=ORIENTED_EDGE('',*,*,#2114,.T.);
#2929=ORIENTED_EDGE('',*,*,#2111,.T.);
#2930=ORIENTED_EDGE('',*,*,#2108,.T.);
#2931=ORIENTED_EDGE('',*,*,#2105,.T.);
#2932=ORIENTED_EDGE('',*,*,#2102,.T.);
#2933=ORIENTED_EDGE('',*,*,#2099,.T.);
#2934=ORIENTED_EDGE('',*,*,#2096,.T.);
#2935=ORIENTED_EDGE('',*,*,#2093,.T.);
#2936=ORIENTED_EDGE('',*,*,#2090,.T.);
#2937=ORIENTED_EDGE('',*,*,#2087,.T.);
#2938=ORIENTED_EDGE('',*,*,#2084,.T.);
#2939=ORIENTED_EDGE('',*,*,#2081,.T.);
#2940=ORIENTED_EDGE('',*,*,#2078,.T.);
#2941=ORIENTED_EDGE('',*,*,#2075,.T.);
#2942=ORIENTED_EDGE('',*,*,#2072,.T.);
#2943=ORIENTED_EDGE('',*,*,#2069,.T.);
#2944=ORIENTED_EDGE('',*,*,#2066,.T.);
#2945=ORIENTED_EDGE('',*,*,#2063,.T.);
#2946=ORIENTED_EDGE('',*,*,#2230,.F.);
#2947=ORIENTED_EDGE('',*,*,#2217,.F.);
#2948=ORIENTED_EDGE('',*,*,#2221,.T.);
#2949=ORIENTED_EDGE('',*,*,#2224,.F.);
#2950=ORIENTED_EDGE('',*,*,#2227,.T.);
#2951=ORIENTED_EDGE('',*,*,#2215,.F.);
#2952=ORIENTED_EDGE('',*,*,#2139,.F.);
#2953=ORIENTED_EDGE('',*,*,#2143,.F.);
#2954=ORIENTED_EDGE('',*,*,#2146,.F.);
#2955=ORIENTED_EDGE('',*,*,#2149,.F.);
#2956=ORIENTED_EDGE('',*,*,#2152,.F.);
#2957=ORIENTED_EDGE('',*,*,#2155,.F.);
#2958=ORIENTED_EDGE('',*,*,#2158,.F.);
#2959=ORIENTED_EDGE('',*,*,#2161,.F.);
#2960=ORIENTED_EDGE('',*,*,#2164,.F.);
#2961=ORIENTED_EDGE('',*,*,#2167,.F.);
#2962=ORIENTED_EDGE('',*,*,#2170,.F.);
#2963=ORIENTED_EDGE('',*,*,#2173,.F.);
#2964=ORIENTED_EDGE('',*,*,#2176,.F.);
#2965=ORIENTED_EDGE('',*,*,#2179,.F.);
#2966=ORIENTED_EDGE('',*,*,#2182,.F.);
#2967=ORIENTED_EDGE('',*,*,#2185,.F.);
#2968=ORIENTED_EDGE('',*,*,#2188,.F.);
#2969=ORIENTED_EDGE('',*,*,#2191,.F.);
#2970=ORIENTED_EDGE('',*,*,#2194,.F.);
#2971=ORIENTED_EDGE('',*,*,#2197,.F.);
#2972=ORIENTED_EDGE('',*,*,#2200,.F.);
#2973=ORIENTED_EDGE('',*,*,#2203,.F.);
#2974=ORIENTED_EDGE('',*,*,#2206,.F.);
#2975=ORIENTED_EDGE('',*,*,#2209,.F.);
#2976=ORIENTED_EDGE('',*,*,#2212,.F.);
#2977=ORIENTED_EDGE('',*,*,#2137,.F.);
#2978=ORIENTED_EDGE('',*,*,#2061,.F.);
#2979=ORIENTED_EDGE('',*,*,#2065,.F.);
#2980=ORIENTED_EDGE('',*,*,#2068,.F.);
#2981=ORIENTED_EDGE('',*,*,#2071,.F.);
#2982=ORIENTED_EDGE('',*,*,#2074,.F.);
#2983=ORIENTED_EDGE('',*,*,#2077,.F.);
#2984=ORIENTED_EDGE('',*,*,#2080,.F.);
#2985=ORIENTED_EDGE('',*,*,#2083,.F.);
#2986=ORIENTED_EDGE('',*,*,#2086,.F.);
#2987=ORIENTED_EDGE('',*,*,#2089,.F.);
#2988=ORIENTED_EDGE('',*,*,#2092,.F.);
#2989=ORIENTED_EDGE('',*,*,#2095,.F.);
#2990=ORIENTED_EDGE('',*,*,#2098,.F.);
#2991=ORIENTED_EDGE('',*,*,#2101,.F.);
#2992=ORIENTED_EDGE('',*,*,#2104,.F.);
#2993=ORIENTED_EDGE('',*,*,#2107,.F.);
#2994=ORIENTED_EDGE('',*,*,#2110,.F.);
#2995=ORIENTED_EDGE('',*,*,#2113,.F.);
#2996=ORIENTED_EDGE('',*,*,#2116,.F.);
#2997=ORIENTED_EDGE('',*,*,#2119,.F.);
#2998=ORIENTED_EDGE('',*,*,#2122,.F.);
#2999=ORIENTED_EDGE('',*,*,#2125,.F.);
#3000=ORIENTED_EDGE('',*,*,#2128,.F.);
#3001=ORIENTED_EDGE('',*,*,#2131,.F.);
#3002=ORIENTED_EDGE('',*,*,#2134,.F.);
#3003=ORIENTED_EDGE('',*,*,#2232,.F.);
#3004=ORIENTED_EDGE('',*,*,#2233,.T.);
#3005=ORIENTED_EDGE('',*,*,#2234,.T.);
#3006=ORIENTED_EDGE('',*,*,#2235,.F.);
#3007=ORIENTED_EDGE('',*,*,#2236,.F.);
#3008=ORIENTED_EDGE('',*,*,#2234,.F.);
#3009=ORIENTED_EDGE('',*,*,#2237,.T.);
#3010=ORIENTED_EDGE('',*,*,#2238,.T.);
#3011=ORIENTED_EDGE('',*,*,#2239,.F.);
#3012=ORIENTED_EDGE('',*,*,#2238,.F.);
#3013=ORIENTED_EDGE('',*,*,#2240,.T.);
#3014=ORIENTED_EDGE('',*,*,#2241,.T.);
#3015=ORIENTED_EDGE('',*,*,#2242,.F.);
#3016=ORIENTED_EDGE('',*,*,#2241,.F.);
#3017=ORIENTED_EDGE('',*,*,#2243,.T.);
#3018=ORIENTED_EDGE('',*,*,#2244,.F.);
#3019=ORIENTED_EDGE('',*,*,#2245,.F.);
#3020=ORIENTED_EDGE('',*,*,#2244,.T.);
#3021=ORIENTED_EDGE('',*,*,#2246,.T.);
#3022=ORIENTED_EDGE('',*,*,#2247,.T.);
#3023=ORIENTED_EDGE('',*,*,#2248,.F.);
#3024=ORIENTED_EDGE('',*,*,#2249,.F.);
#3025=ORIENTED_EDGE('',*,*,#2250,.F.);
#3026=ORIENTED_EDGE('',*,*,#2251,.T.);
#3027=ORIENTED_EDGE('',*,*,#2252,.F.);
#3028=ORIENTED_EDGE('',*,*,#2253,.F.);
#3029=ORIENTED_EDGE('',*,*,#2247,.F.);
#3030=ORIENTED_EDGE('',*,*,#2254,.T.);
#3031=ORIENTED_EDGE('',*,*,#2250,.T.);
#3032=ORIENTED_EDGE('',*,*,#2255,.F.);
#3033=ORIENTED_EDGE('',*,*,#2251,.F.);
#3034=ORIENTED_EDGE('',*,*,#2254,.F.);
#3035=ORIENTED_EDGE('',*,*,#2246,.F.);
#3036=ORIENTED_EDGE('',*,*,#2243,.F.);
#3037=ORIENTED_EDGE('',*,*,#2240,.F.);
#3038=ORIENTED_EDGE('',*,*,#2237,.F.);
#3039=ORIENTED_EDGE('',*,*,#2233,.F.);
#3040=ORIENTED_EDGE('',*,*,#2235,.T.);
#3041=ORIENTED_EDGE('',*,*,#2236,.T.);
#3042=ORIENTED_EDGE('',*,*,#2239,.T.);
#3043=ORIENTED_EDGE('',*,*,#2242,.T.);
#3044=ORIENTED_EDGE('',*,*,#2245,.T.);
#3045=ORIENTED_EDGE('',*,*,#2253,.T.);
#3046=ORIENTED_EDGE('',*,*,#2256,.F.);
#3047=ORIENTED_EDGE('',*,*,#2257,.T.);
#3048=ORIENTED_EDGE('',*,*,#2258,.T.);
#3049=ORIENTED_EDGE('',*,*,#2259,.F.);
#3050=ORIENTED_EDGE('',*,*,#2249,.T.);
#3051=ORIENTED_EDGE('',*,*,#2260,.F.);
#3052=ORIENTED_EDGE('',*,*,#2261,.F.);
#3053=ORIENTED_EDGE('',*,*,#2262,.T.);
#3054=ORIENTED_EDGE('',*,*,#2256,.T.);
#3055=ORIENTED_EDGE('',*,*,#2252,.T.);
#3056=ORIENTED_EDGE('',*,*,#2263,.T.);
#3057=ORIENTED_EDGE('',*,*,#2261,.T.);
#3058=ORIENTED_EDGE('',*,*,#2264,.F.);
#3059=ORIENTED_EDGE('',*,*,#2265,.F.);
#3060=ORIENTED_EDGE('',*,*,#2266,.T.);
#3061=ORIENTED_EDGE('',*,*,#2265,.T.);
#3062=ORIENTED_EDGE('',*,*,#2267,.F.);
#3063=ORIENTED_EDGE('',*,*,#2268,.F.);
#3064=ORIENTED_EDGE('',*,*,#2269,.T.);
#3065=ORIENTED_EDGE('',*,*,#2268,.T.);
#3066=ORIENTED_EDGE('',*,*,#2270,.F.);
#3067=ORIENTED_EDGE('',*,*,#2271,.F.);
#3068=ORIENTED_EDGE('',*,*,#2272,.T.);
#3069=ORIENTED_EDGE('',*,*,#2271,.T.);
#3070=ORIENTED_EDGE('',*,*,#2273,.F.);
#3071=ORIENTED_EDGE('',*,*,#2258,.F.);
#3072=ORIENTED_EDGE('',*,*,#2272,.F.);
#3073=ORIENTED_EDGE('',*,*,#2257,.F.);
#3074=ORIENTED_EDGE('',*,*,#2262,.F.);
#3075=ORIENTED_EDGE('',*,*,#2263,.F.);
#3076=ORIENTED_EDGE('',*,*,#2266,.F.);
#3077=ORIENTED_EDGE('',*,*,#2269,.F.);
#3078=ORIENTED_EDGE('',*,*,#2232,.T.);
#3079=ORIENTED_EDGE('',*,*,#2259,.T.);
#3080=ORIENTED_EDGE('',*,*,#2273,.T.);
#3081=ORIENTED_EDGE('',*,*,#2270,.T.);
#3082=ORIENTED_EDGE('',*,*,#2267,.T.);
#3083=ORIENTED_EDGE('',*,*,#2264,.T.);
#3084=ORIENTED_EDGE('',*,*,#2260,.T.);
#3085=ORIENTED_EDGE('',*,*,#2248,.T.);
#3086=ORIENTED_EDGE('',*,*,#2255,.T.);
#3087=ORIENTED_EDGE('',*,*,#2274,.F.);
#3088=ORIENTED_EDGE('',*,*,#2275,.F.);
#3089=ORIENTED_EDGE('',*,*,#2276,.T.);
#3090=ORIENTED_EDGE('',*,*,#2277,.T.);
#3091=ORIENTED_EDGE('',*,*,#2278,.F.);
#3092=ORIENTED_EDGE('',*,*,#2277,.F.);
#3093=ORIENTED_EDGE('',*,*,#2279,.T.);
#3094=ORIENTED_EDGE('',*,*,#2280,.T.);
#3095=ORIENTED_EDGE('',*,*,#2281,.F.);
#3096=ORIENTED_EDGE('',*,*,#2280,.F.);
#3097=ORIENTED_EDGE('',*,*,#2282,.T.);
#3098=ORIENTED_EDGE('',*,*,#2283,.T.);
#3099=ORIENTED_EDGE('',*,*,#2284,.F.);
#3100=ORIENTED_EDGE('',*,*,#2283,.F.);
#3101=ORIENTED_EDGE('',*,*,#2285,.T.);
#3102=ORIENTED_EDGE('',*,*,#2286,.T.);
#3103=ORIENTED_EDGE('',*,*,#2287,.F.);
#3104=ORIENTED_EDGE('',*,*,#2286,.F.);
#3105=ORIENTED_EDGE('',*,*,#2288,.T.);
#3106=ORIENTED_EDGE('',*,*,#2289,.T.);
#3107=ORIENTED_EDGE('',*,*,#2290,.F.);
#3108=ORIENTED_EDGE('',*,*,#2291,.F.);
#3109=ORIENTED_EDGE('',*,*,#2289,.F.);
#3110=ORIENTED_EDGE('',*,*,#2292,.T.);
#3111=ORIENTED_EDGE('',*,*,#2293,.F.);
#3112=ORIENTED_EDGE('',*,*,#2294,.F.);
#3113=ORIENTED_EDGE('',*,*,#2295,.F.);
#3114=ORIENTED_EDGE('',*,*,#2296,.T.);
#3115=ORIENTED_EDGE('',*,*,#2275,.T.);
#3116=ORIENTED_EDGE('',*,*,#2297,.F.);
#3117=ORIENTED_EDGE('',*,*,#2298,.F.);
#3118=ORIENTED_EDGE('',*,*,#2299,.T.);
#3119=ORIENTED_EDGE('',*,*,#2295,.T.);
#3120=ORIENTED_EDGE('',*,*,#2300,.F.);
#3121=ORIENTED_EDGE('',*,*,#2292,.F.);
#3122=ORIENTED_EDGE('',*,*,#2288,.F.);
#3123=ORIENTED_EDGE('',*,*,#2285,.F.);
#3124=ORIENTED_EDGE('',*,*,#2282,.F.);
#3125=ORIENTED_EDGE('',*,*,#2279,.F.);
#3126=ORIENTED_EDGE('',*,*,#2276,.F.);
#3127=ORIENTED_EDGE('',*,*,#2296,.F.);
#3128=ORIENTED_EDGE('',*,*,#2299,.F.);
#3129=ORIENTED_EDGE('',*,*,#2293,.T.);
#3130=ORIENTED_EDGE('',*,*,#2274,.T.);
#3131=ORIENTED_EDGE('',*,*,#2278,.T.);
#3132=ORIENTED_EDGE('',*,*,#2281,.T.);
#3133=ORIENTED_EDGE('',*,*,#2284,.T.);
#3134=ORIENTED_EDGE('',*,*,#2287,.T.);
#3135=ORIENTED_EDGE('',*,*,#2291,.T.);
#3136=ORIENTED_EDGE('',*,*,#2301,.T.);
#3137=ORIENTED_EDGE('',*,*,#2302,.T.);
#3138=ORIENTED_EDGE('',*,*,#2303,.F.);
#3139=ORIENTED_EDGE('',*,*,#2304,.F.);
#3140=ORIENTED_EDGE('',*,*,#2294,.T.);
#3141=ORIENTED_EDGE('',*,*,#2304,.T.);
#3142=ORIENTED_EDGE('',*,*,#2305,.F.);
#3143=ORIENTED_EDGE('',*,*,#2306,.F.);
#3144=ORIENTED_EDGE('',*,*,#2307,.T.);
#3145=ORIENTED_EDGE('',*,*,#2297,.T.);
#3146=ORIENTED_EDGE('',*,*,#2308,.T.);
#3147=ORIENTED_EDGE('',*,*,#2306,.T.);
#3148=ORIENTED_EDGE('',*,*,#2309,.F.);
#3149=ORIENTED_EDGE('',*,*,#2310,.F.);
#3150=ORIENTED_EDGE('',*,*,#2311,.T.);
#3151=ORIENTED_EDGE('',*,*,#2310,.T.);
#3152=ORIENTED_EDGE('',*,*,#2312,.F.);
#3153=ORIENTED_EDGE('',*,*,#2313,.F.);
#3154=ORIENTED_EDGE('',*,*,#2314,.T.);
#3155=ORIENTED_EDGE('',*,*,#2313,.T.);
#3156=ORIENTED_EDGE('',*,*,#2315,.F.);
#3157=ORIENTED_EDGE('',*,*,#2316,.F.);
#3158=ORIENTED_EDGE('',*,*,#2317,.T.);
#3159=ORIENTED_EDGE('',*,*,#2316,.T.);
#3160=ORIENTED_EDGE('',*,*,#2318,.F.);
#3161=ORIENTED_EDGE('',*,*,#2302,.F.);
#3162=ORIENTED_EDGE('',*,*,#2298,.T.);
#3163=ORIENTED_EDGE('',*,*,#2307,.F.);
#3164=ORIENTED_EDGE('',*,*,#2308,.F.);
#3165=ORIENTED_EDGE('',*,*,#2311,.F.);
#3166=ORIENTED_EDGE('',*,*,#2314,.F.);
#3167=ORIENTED_EDGE('',*,*,#2317,.F.);
#3168=ORIENTED_EDGE('',*,*,#2301,.F.);
#3169=ORIENTED_EDGE('',*,*,#2290,.T.);
#3170=ORIENTED_EDGE('',*,*,#2300,.T.);
#3171=ORIENTED_EDGE('',*,*,#2318,.T.);
#3172=ORIENTED_EDGE('',*,*,#2315,.T.);
#3173=ORIENTED_EDGE('',*,*,#2312,.T.);
#3174=ORIENTED_EDGE('',*,*,#2309,.T.);
#3175=ORIENTED_EDGE('',*,*,#2305,.T.);
#3176=ORIENTED_EDGE('',*,*,#2303,.T.);
#3177=ORIENTED_EDGE('',*,*,#2319,.F.);
#3178=ORIENTED_EDGE('',*,*,#2320,.F.);
#3179=ORIENTED_EDGE('',*,*,#2321,.F.);
#3180=ORIENTED_EDGE('',*,*,#2322,.F.);
#3181=ORIENTED_EDGE('',*,*,#2323,.F.);
#3182=ORIENTED_EDGE('',*,*,#2324,.F.);
#3183=ORIENTED_EDGE('',*,*,#2325,.F.);
#3184=ORIENTED_EDGE('',*,*,#2326,.F.);
#3185=ORIENTED_EDGE('',*,*,#2327,.F.);
#3186=ORIENTED_EDGE('',*,*,#2328,.F.);
#3187=ORIENTED_EDGE('',*,*,#2329,.F.);
#3188=ORIENTED_EDGE('',*,*,#2330,.F.);
#3189=ORIENTED_EDGE('',*,*,#2331,.F.);
#3190=ORIENTED_EDGE('',*,*,#2332,.F.);
#3191=ORIENTED_EDGE('',*,*,#2333,.F.);
#3192=ORIENTED_EDGE('',*,*,#2334,.F.);
#3193=ORIENTED_EDGE('',*,*,#2335,.F.);
#3194=ORIENTED_EDGE('',*,*,#2336,.F.);
#3195=ORIENTED_EDGE('',*,*,#2337,.F.);
#3196=ORIENTED_EDGE('',*,*,#2338,.F.);
#3197=ORIENTED_EDGE('',*,*,#2339,.F.);
#3198=ORIENTED_EDGE('',*,*,#2340,.F.);
#3199=ORIENTED_EDGE('',*,*,#2341,.F.);
#3200=ORIENTED_EDGE('',*,*,#2342,.F.);
#3201=ORIENTED_EDGE('',*,*,#2343,.F.);
#3202=ORIENTED_EDGE('',*,*,#2344,.F.);
#3203=ORIENTED_EDGE('',*,*,#2345,.T.);
#3204=ORIENTED_EDGE('',*,*,#2346,.T.);
#3205=ORIENTED_EDGE('',*,*,#2347,.T.);
#3206=ORIENTED_EDGE('',*,*,#2348,.T.);
#3207=ORIENTED_EDGE('',*,*,#2349,.T.);
#3208=ORIENTED_EDGE('',*,*,#2350,.T.);
#3209=ORIENTED_EDGE('',*,*,#2351,.T.);
#3210=ORIENTED_EDGE('',*,*,#2352,.T.);
#3211=ORIENTED_EDGE('',*,*,#2353,.T.);
#3212=ORIENTED_EDGE('',*,*,#2354,.T.);
#3213=ORIENTED_EDGE('',*,*,#2355,.T.);
#3214=ORIENTED_EDGE('',*,*,#2356,.T.);
#3215=ORIENTED_EDGE('',*,*,#2357,.T.);
#3216=ORIENTED_EDGE('',*,*,#2358,.T.);
#3217=ORIENTED_EDGE('',*,*,#2359,.T.);
#3218=ORIENTED_EDGE('',*,*,#2360,.T.);
#3219=ORIENTED_EDGE('',*,*,#2361,.T.);
#3220=ORIENTED_EDGE('',*,*,#2362,.T.);
#3221=ORIENTED_EDGE('',*,*,#2363,.T.);
#3222=ORIENTED_EDGE('',*,*,#2364,.T.);
#3223=ORIENTED_EDGE('',*,*,#2365,.T.);
#3224=ORIENTED_EDGE('',*,*,#2366,.T.);
#3225=ORIENTED_EDGE('',*,*,#2367,.T.);
#3226=ORIENTED_EDGE('',*,*,#2368,.T.);
#3227=ORIENTED_EDGE('',*,*,#2369,.T.);
#3228=ORIENTED_EDGE('',*,*,#2370,.T.);
#3229=ORIENTED_EDGE('',*,*,#2332,.T.);
#3230=ORIENTED_EDGE('',*,*,#2371,.T.);
#3231=ORIENTED_EDGE('',*,*,#2372,.F.);
#3232=ORIENTED_EDGE('',*,*,#2373,.F.);
#3233=ORIENTED_EDGE('',*,*,#2331,.T.);
#3234=ORIENTED_EDGE('',*,*,#2374,.T.);
#3235=ORIENTED_EDGE('',*,*,#2375,.F.);
#3236=ORIENTED_EDGE('',*,*,#2371,.F.);
#3237=ORIENTED_EDGE('',*,*,#2330,.T.);
#3238=ORIENTED_EDGE('',*,*,#2376,.T.);
#3239=ORIENTED_EDGE('',*,*,#2377,.F.);
#3240=ORIENTED_EDGE('',*,*,#2374,.F.);
#3241=ORIENTED_EDGE('',*,*,#2329,.T.);
#3242=ORIENTED_EDGE('',*,*,#2378,.T.);
#3243=ORIENTED_EDGE('',*,*,#2379,.F.);
#3244=ORIENTED_EDGE('',*,*,#2376,.F.);
#3245=ORIENTED_EDGE('',*,*,#2328,.T.);
#3246=ORIENTED_EDGE('',*,*,#2380,.T.);
#3247=ORIENTED_EDGE('',*,*,#2381,.F.);
#3248=ORIENTED_EDGE('',*,*,#2378,.F.);
#3249=ORIENTED_EDGE('',*,*,#2327,.T.);
#3250=ORIENTED_EDGE('',*,*,#2382,.T.);
#3251=ORIENTED_EDGE('',*,*,#2383,.F.);
#3252=ORIENTED_EDGE('',*,*,#2380,.F.);
#3253=ORIENTED_EDGE('',*,*,#2326,.T.);
#3254=ORIENTED_EDGE('',*,*,#2384,.T.);
#3255=ORIENTED_EDGE('',*,*,#2385,.F.);
#3256=ORIENTED_EDGE('',*,*,#2382,.F.);
#3257=ORIENTED_EDGE('',*,*,#2325,.T.);
#3258=ORIENTED_EDGE('',*,*,#2386,.T.);
#3259=ORIENTED_EDGE('',*,*,#2387,.F.);
#3260=ORIENTED_EDGE('',*,*,#2384,.F.);
#3261=ORIENTED_EDGE('',*,*,#2324,.T.);
#3262=ORIENTED_EDGE('',*,*,#2388,.T.);
#3263=ORIENTED_EDGE('',*,*,#2389,.F.);
#3264=ORIENTED_EDGE('',*,*,#2386,.F.);
#3265=ORIENTED_EDGE('',*,*,#2323,.T.);
#3266=ORIENTED_EDGE('',*,*,#2390,.T.);
#3267=ORIENTED_EDGE('',*,*,#2391,.F.);
#3268=ORIENTED_EDGE('',*,*,#2388,.F.);
#3269=ORIENTED_EDGE('',*,*,#2322,.T.);
#3270=ORIENTED_EDGE('',*,*,#2392,.T.);
#3271=ORIENTED_EDGE('',*,*,#2393,.F.);
#3272=ORIENTED_EDGE('',*,*,#2390,.F.);
#3273=ORIENTED_EDGE('',*,*,#2321,.T.);
#3274=ORIENTED_EDGE('',*,*,#2394,.T.);
#3275=ORIENTED_EDGE('',*,*,#2395,.F.);
#3276=ORIENTED_EDGE('',*,*,#2392,.F.);
#3277=ORIENTED_EDGE('',*,*,#2320,.T.);
#3278=ORIENTED_EDGE('',*,*,#2396,.T.);
#3279=ORIENTED_EDGE('',*,*,#2397,.F.);
#3280=ORIENTED_EDGE('',*,*,#2394,.F.);
#3281=ORIENTED_EDGE('',*,*,#2398,.F.);
#3282=ORIENTED_EDGE('',*,*,#2399,.F.);
#3283=ORIENTED_EDGE('',*,*,#2400,.F.);
#3284=ORIENTED_EDGE('',*,*,#2401,.F.);
#3285=ORIENTED_EDGE('',*,*,#2402,.F.);
#3286=ORIENTED_EDGE('',*,*,#2403,.F.);
#3287=ORIENTED_EDGE('',*,*,#2404,.F.);
#3288=ORIENTED_EDGE('',*,*,#2405,.F.);
#3289=ORIENTED_EDGE('',*,*,#2406,.F.);
#3290=ORIENTED_EDGE('',*,*,#2407,.F.);
#3291=ORIENTED_EDGE('',*,*,#2408,.F.);
#3292=ORIENTED_EDGE('',*,*,#2409,.F.);
#3293=ORIENTED_EDGE('',*,*,#2410,.F.);
#3294=ORIENTED_EDGE('',*,*,#2411,.F.);
#3295=ORIENTED_EDGE('',*,*,#2412,.F.);
#3296=ORIENTED_EDGE('',*,*,#2413,.F.);
#3297=ORIENTED_EDGE('',*,*,#2414,.F.);
#3298=ORIENTED_EDGE('',*,*,#2415,.F.);
#3299=ORIENTED_EDGE('',*,*,#2416,.F.);
#3300=ORIENTED_EDGE('',*,*,#2417,.F.);
#3301=ORIENTED_EDGE('',*,*,#2418,.F.);
#3302=ORIENTED_EDGE('',*,*,#2419,.F.);
#3303=ORIENTED_EDGE('',*,*,#2420,.F.);
#3304=ORIENTED_EDGE('',*,*,#2421,.F.);
#3305=ORIENTED_EDGE('',*,*,#2422,.F.);
#3306=ORIENTED_EDGE('',*,*,#2423,.F.);
#3307=ORIENTED_EDGE('',*,*,#2424,.F.);
#3308=ORIENTED_EDGE('',*,*,#2425,.T.);
#3309=ORIENTED_EDGE('',*,*,#2426,.T.);
#3310=ORIENTED_EDGE('',*,*,#2427,.T.);
#3311=ORIENTED_EDGE('',*,*,#2428,.T.);
#3312=ORIENTED_EDGE('',*,*,#2429,.T.);
#3313=ORIENTED_EDGE('',*,*,#2430,.T.);
#3314=ORIENTED_EDGE('',*,*,#2431,.T.);
#3315=ORIENTED_EDGE('',*,*,#2432,.T.);
#3316=ORIENTED_EDGE('',*,*,#2433,.T.);
#3317=ORIENTED_EDGE('',*,*,#2434,.T.);
#3318=ORIENTED_EDGE('',*,*,#2435,.T.);
#3319=ORIENTED_EDGE('',*,*,#2436,.T.);
#3320=ORIENTED_EDGE('',*,*,#2437,.T.);
#3321=ORIENTED_EDGE('',*,*,#2438,.T.);
#3322=ORIENTED_EDGE('',*,*,#2439,.T.);
#3323=ORIENTED_EDGE('',*,*,#2440,.T.);
#3324=ORIENTED_EDGE('',*,*,#2441,.T.);
#3325=ORIENTED_EDGE('',*,*,#2442,.T.);
#3326=ORIENTED_EDGE('',*,*,#2443,.T.);
#3327=ORIENTED_EDGE('',*,*,#2444,.T.);
#3328=ORIENTED_EDGE('',*,*,#2445,.T.);
#3329=ORIENTED_EDGE('',*,*,#2446,.T.);
#3330=ORIENTED_EDGE('',*,*,#2447,.T.);
#3331=ORIENTED_EDGE('',*,*,#2448,.T.);
#3332=ORIENTED_EDGE('',*,*,#2449,.T.);
#3333=ORIENTED_EDGE('',*,*,#2450,.T.);
#3334=ORIENTED_EDGE('',*,*,#2451,.T.);
#3335=ORIENTED_EDGE('',*,*,#2412,.T.);
#3336=ORIENTED_EDGE('',*,*,#2452,.T.);
#3337=ORIENTED_EDGE('',*,*,#2453,.F.);
#3338=ORIENTED_EDGE('',*,*,#2454,.F.);
#3339=ORIENTED_EDGE('',*,*,#2411,.T.);
#3340=ORIENTED_EDGE('',*,*,#2455,.T.);
#3341=ORIENTED_EDGE('',*,*,#2456,.F.);
#3342=ORIENTED_EDGE('',*,*,#2452,.F.);
#3343=ORIENTED_EDGE('',*,*,#2410,.T.);
#3344=ORIENTED_EDGE('',*,*,#2457,.T.);
#3345=ORIENTED_EDGE('',*,*,#2458,.F.);
#3346=ORIENTED_EDGE('',*,*,#2455,.F.);
#3347=ORIENTED_EDGE('',*,*,#2409,.T.);
#3348=ORIENTED_EDGE('',*,*,#2459,.T.);
#3349=ORIENTED_EDGE('',*,*,#2460,.F.);
#3350=ORIENTED_EDGE('',*,*,#2457,.F.);
#3351=ORIENTED_EDGE('',*,*,#2408,.T.);
#3352=ORIENTED_EDGE('',*,*,#2461,.T.);
#3353=ORIENTED_EDGE('',*,*,#2462,.F.);
#3354=ORIENTED_EDGE('',*,*,#2459,.F.);
#3355=ORIENTED_EDGE('',*,*,#2407,.T.);
#3356=ORIENTED_EDGE('',*,*,#2463,.T.);
#3357=ORIENTED_EDGE('',*,*,#2464,.F.);
#3358=ORIENTED_EDGE('',*,*,#2461,.F.);
#3359=ORIENTED_EDGE('',*,*,#2406,.T.);
#3360=ORIENTED_EDGE('',*,*,#2465,.T.);
#3361=ORIENTED_EDGE('',*,*,#2466,.F.);
#3362=ORIENTED_EDGE('',*,*,#2463,.F.);
#3363=ORIENTED_EDGE('',*,*,#2405,.T.);
#3364=ORIENTED_EDGE('',*,*,#2467,.T.);
#3365=ORIENTED_EDGE('',*,*,#2468,.F.);
#3366=ORIENTED_EDGE('',*,*,#2465,.F.);
#3367=ORIENTED_EDGE('',*,*,#2404,.T.);
#3368=ORIENTED_EDGE('',*,*,#2469,.T.);
#3369=ORIENTED_EDGE('',*,*,#2470,.F.);
#3370=ORIENTED_EDGE('',*,*,#2467,.F.);
#3371=ORIENTED_EDGE('',*,*,#2403,.T.);
#3372=ORIENTED_EDGE('',*,*,#2471,.T.);
#3373=ORIENTED_EDGE('',*,*,#2472,.F.);
#3374=ORIENTED_EDGE('',*,*,#2469,.F.);
#3375=ORIENTED_EDGE('',*,*,#2402,.T.);
#3376=ORIENTED_EDGE('',*,*,#2473,.T.);
#3377=ORIENTED_EDGE('',*,*,#2474,.F.);
#3378=ORIENTED_EDGE('',*,*,#2471,.F.);
#3379=ORIENTED_EDGE('',*,*,#2401,.T.);
#3380=ORIENTED_EDGE('',*,*,#2475,.T.);
#3381=ORIENTED_EDGE('',*,*,#2476,.F.);
#3382=ORIENTED_EDGE('',*,*,#2473,.F.);
#3383=ORIENTED_EDGE('',*,*,#2400,.T.);
#3384=ORIENTED_EDGE('',*,*,#2477,.T.);
#3385=ORIENTED_EDGE('',*,*,#2478,.F.);
#3386=ORIENTED_EDGE('',*,*,#2475,.F.);
#3387=ORIENTED_EDGE('',*,*,#2399,.T.);
#3388=ORIENTED_EDGE('',*,*,#2479,.T.);
#3389=ORIENTED_EDGE('',*,*,#2480,.F.);
#3390=ORIENTED_EDGE('',*,*,#2477,.F.);
#3391=ORIENTED_EDGE('',*,*,#2333,.T.);
#3392=ORIENTED_EDGE('',*,*,#2373,.T.);
#3393=ORIENTED_EDGE('',*,*,#2481,.F.);
#3394=ORIENTED_EDGE('',*,*,#2482,.F.);
#3395=ORIENTED_EDGE('',*,*,#2334,.T.);
#3396=ORIENTED_EDGE('',*,*,#2482,.T.);
#3397=ORIENTED_EDGE('',*,*,#2483,.F.);
#3398=ORIENTED_EDGE('',*,*,#2484,.F.);
#3399=ORIENTED_EDGE('',*,*,#2335,.T.);
#3400=ORIENTED_EDGE('',*,*,#2484,.T.);
#3401=ORIENTED_EDGE('',*,*,#2485,.F.);
#3402=ORIENTED_EDGE('',*,*,#2486,.F.);
#3403=ORIENTED_EDGE('',*,*,#2336,.T.);
#3404=ORIENTED_EDGE('',*,*,#2486,.T.);
#3405=ORIENTED_EDGE('',*,*,#2487,.F.);
#3406=ORIENTED_EDGE('',*,*,#2488,.F.);
#3407=ORIENTED_EDGE('',*,*,#2337,.T.);
#3408=ORIENTED_EDGE('',*,*,#2488,.T.);
#3409=ORIENTED_EDGE('',*,*,#2489,.F.);
#3410=ORIENTED_EDGE('',*,*,#2490,.F.);
#3411=ORIENTED_EDGE('',*,*,#2338,.T.);
#3412=ORIENTED_EDGE('',*,*,#2490,.T.);
#3413=ORIENTED_EDGE('',*,*,#2491,.F.);
#3414=ORIENTED_EDGE('',*,*,#2492,.F.);
#3415=ORIENTED_EDGE('',*,*,#2339,.T.);
#3416=ORIENTED_EDGE('',*,*,#2492,.T.);
#3417=ORIENTED_EDGE('',*,*,#2493,.F.);
#3418=ORIENTED_EDGE('',*,*,#2494,.F.);
#3419=ORIENTED_EDGE('',*,*,#2340,.T.);
#3420=ORIENTED_EDGE('',*,*,#2494,.T.);
#3421=ORIENTED_EDGE('',*,*,#2495,.F.);
#3422=ORIENTED_EDGE('',*,*,#2496,.F.);
#3423=ORIENTED_EDGE('',*,*,#2341,.T.);
#3424=ORIENTED_EDGE('',*,*,#2496,.T.);
#3425=ORIENTED_EDGE('',*,*,#2497,.F.);
#3426=ORIENTED_EDGE('',*,*,#2498,.F.);
#3427=ORIENTED_EDGE('',*,*,#2342,.T.);
#3428=ORIENTED_EDGE('',*,*,#2498,.T.);
#3429=ORIENTED_EDGE('',*,*,#2499,.F.);
#3430=ORIENTED_EDGE('',*,*,#2500,.F.);
#3431=ORIENTED_EDGE('',*,*,#2343,.T.);
#3432=ORIENTED_EDGE('',*,*,#2500,.T.);
#3433=ORIENTED_EDGE('',*,*,#2501,.F.);
#3434=ORIENTED_EDGE('',*,*,#2502,.F.);
#3435=ORIENTED_EDGE('',*,*,#2344,.T.);
#3436=ORIENTED_EDGE('',*,*,#2502,.T.);
#3437=ORIENTED_EDGE('',*,*,#2503,.F.);
#3438=ORIENTED_EDGE('',*,*,#2504,.T.);
#3439=ORIENTED_EDGE('',*,*,#2319,.T.);
#3440=ORIENTED_EDGE('',*,*,#2504,.F.);
#3441=ORIENTED_EDGE('',*,*,#2505,.F.);
#3442=ORIENTED_EDGE('',*,*,#2396,.F.);
#3443=ORIENTED_EDGE('',*,*,#2413,.T.);
#3444=ORIENTED_EDGE('',*,*,#2454,.T.);
#3445=ORIENTED_EDGE('',*,*,#2506,.F.);
#3446=ORIENTED_EDGE('',*,*,#2507,.F.);
#3447=ORIENTED_EDGE('',*,*,#2414,.T.);
#3448=ORIENTED_EDGE('',*,*,#2507,.T.);
#3449=ORIENTED_EDGE('',*,*,#2508,.F.);
#3450=ORIENTED_EDGE('',*,*,#2509,.F.);
#3451=ORIENTED_EDGE('',*,*,#2415,.T.);
#3452=ORIENTED_EDGE('',*,*,#2509,.T.);
#3453=ORIENTED_EDGE('',*,*,#2510,.F.);
#3454=ORIENTED_EDGE('',*,*,#2511,.F.);
#3455=ORIENTED_EDGE('',*,*,#2416,.T.);
#3456=ORIENTED_EDGE('',*,*,#2511,.T.);
#3457=ORIENTED_EDGE('',*,*,#2512,.F.);
#3458=ORIENTED_EDGE('',*,*,#2513,.F.);
#3459=ORIENTED_EDGE('',*,*,#2417,.T.);
#3460=ORIENTED_EDGE('',*,*,#2513,.T.);
#3461=ORIENTED_EDGE('',*,*,#2514,.F.);
#3462=ORIENTED_EDGE('',*,*,#2515,.F.);
#3463=ORIENTED_EDGE('',*,*,#2418,.T.);
#3464=ORIENTED_EDGE('',*,*,#2515,.T.);
#3465=ORIENTED_EDGE('',*,*,#2516,.F.);
#3466=ORIENTED_EDGE('',*,*,#2517,.F.);
#3467=ORIENTED_EDGE('',*,*,#2419,.T.);
#3468=ORIENTED_EDGE('',*,*,#2517,.T.);
#3469=ORIENTED_EDGE('',*,*,#2518,.F.);
#3470=ORIENTED_EDGE('',*,*,#2519,.F.);
#3471=ORIENTED_EDGE('',*,*,#2420,.T.);
#3472=ORIENTED_EDGE('',*,*,#2519,.T.);
#3473=ORIENTED_EDGE('',*,*,#2520,.F.);
#3474=ORIENTED_EDGE('',*,*,#2521,.F.);
#3475=ORIENTED_EDGE('',*,*,#2421,.T.);
#3476=ORIENTED_EDGE('',*,*,#2521,.T.);
#3477=ORIENTED_EDGE('',*,*,#2522,.F.);
#3478=ORIENTED_EDGE('',*,*,#2523,.F.);
#3479=ORIENTED_EDGE('',*,*,#2422,.T.);
#3480=ORIENTED_EDGE('',*,*,#2523,.T.);
#3481=ORIENTED_EDGE('',*,*,#2524,.F.);
#3482=ORIENTED_EDGE('',*,*,#2525,.F.);
#3483=ORIENTED_EDGE('',*,*,#2423,.T.);
#3484=ORIENTED_EDGE('',*,*,#2525,.T.);
#3485=ORIENTED_EDGE('',*,*,#2526,.F.);
#3486=ORIENTED_EDGE('',*,*,#2527,.F.);
#3487=ORIENTED_EDGE('',*,*,#2424,.T.);
#3488=ORIENTED_EDGE('',*,*,#2527,.T.);
#3489=ORIENTED_EDGE('',*,*,#2528,.F.);
#3490=ORIENTED_EDGE('',*,*,#2529,.T.);
#3491=ORIENTED_EDGE('',*,*,#2398,.T.);
#3492=ORIENTED_EDGE('',*,*,#2529,.F.);
#3493=ORIENTED_EDGE('',*,*,#2530,.F.);
#3494=ORIENTED_EDGE('',*,*,#2479,.F.);
#3495=ORIENTED_EDGE('',*,*,#2531,.F.);
#3496=ORIENTED_EDGE('',*,*,#2532,.F.);
#3497=ORIENTED_EDGE('',*,*,#2533,.T.);
#3498=ORIENTED_EDGE('',*,*,#2357,.F.);
#3499=ORIENTED_EDGE('',*,*,#2534,.F.);
#3500=ORIENTED_EDGE('',*,*,#2535,.F.);
#3501=ORIENTED_EDGE('',*,*,#2531,.T.);
#3502=ORIENTED_EDGE('',*,*,#2356,.F.);
#3503=ORIENTED_EDGE('',*,*,#2536,.F.);
#3504=ORIENTED_EDGE('',*,*,#2537,.F.);
#3505=ORIENTED_EDGE('',*,*,#2534,.T.);
#3506=ORIENTED_EDGE('',*,*,#2355,.F.);
#3507=ORIENTED_EDGE('',*,*,#2538,.F.);
#3508=ORIENTED_EDGE('',*,*,#2539,.F.);
#3509=ORIENTED_EDGE('',*,*,#2536,.T.);
#3510=ORIENTED_EDGE('',*,*,#2354,.F.);
#3511=ORIENTED_EDGE('',*,*,#2540,.F.);
#3512=ORIENTED_EDGE('',*,*,#2541,.F.);
#3513=ORIENTED_EDGE('',*,*,#2538,.T.);
#3514=ORIENTED_EDGE('',*,*,#2353,.F.);
#3515=ORIENTED_EDGE('',*,*,#2542,.F.);
#3516=ORIENTED_EDGE('',*,*,#2543,.F.);
#3517=ORIENTED_EDGE('',*,*,#2540,.T.);
#3518=ORIENTED_EDGE('',*,*,#2352,.F.);
#3519=ORIENTED_EDGE('',*,*,#2544,.F.);
#3520=ORIENTED_EDGE('',*,*,#2545,.F.);
#3521=ORIENTED_EDGE('',*,*,#2542,.T.);
#3522=ORIENTED_EDGE('',*,*,#2351,.F.);
#3523=ORIENTED_EDGE('',*,*,#2546,.F.);
#3524=ORIENTED_EDGE('',*,*,#2547,.F.);
#3525=ORIENTED_EDGE('',*,*,#2544,.T.);
#3526=ORIENTED_EDGE('',*,*,#2350,.F.);
#3527=ORIENTED_EDGE('',*,*,#2548,.F.);
#3528=ORIENTED_EDGE('',*,*,#2549,.F.);
#3529=ORIENTED_EDGE('',*,*,#2546,.T.);
#3530=ORIENTED_EDGE('',*,*,#2349,.F.);
#3531=ORIENTED_EDGE('',*,*,#2550,.F.);
#3532=ORIENTED_EDGE('',*,*,#2551,.F.);
#3533=ORIENTED_EDGE('',*,*,#2548,.T.);
#3534=ORIENTED_EDGE('',*,*,#2348,.F.);
#3535=ORIENTED_EDGE('',*,*,#2552,.F.);
#3536=ORIENTED_EDGE('',*,*,#2553,.F.);
#3537=ORIENTED_EDGE('',*,*,#2550,.T.);
#3538=ORIENTED_EDGE('',*,*,#2347,.F.);
#3539=ORIENTED_EDGE('',*,*,#2554,.F.);
#3540=ORIENTED_EDGE('',*,*,#2555,.F.);
#3541=ORIENTED_EDGE('',*,*,#2552,.T.);
#3542=ORIENTED_EDGE('',*,*,#2346,.F.);
#3543=ORIENTED_EDGE('',*,*,#2556,.F.);
#3544=ORIENTED_EDGE('',*,*,#2557,.F.);
#3545=ORIENTED_EDGE('',*,*,#2554,.T.);
#3546=ORIENTED_EDGE('',*,*,#2345,.F.);
#3547=ORIENTED_EDGE('',*,*,#2558,.F.);
#3548=ORIENTED_EDGE('',*,*,#2559,.F.);
#3549=ORIENTED_EDGE('',*,*,#2560,.T.);
#3550=ORIENTED_EDGE('',*,*,#2438,.F.);
#3551=ORIENTED_EDGE('',*,*,#2561,.F.);
#3552=ORIENTED_EDGE('',*,*,#2562,.F.);
#3553=ORIENTED_EDGE('',*,*,#2558,.T.);
#3554=ORIENTED_EDGE('',*,*,#2437,.F.);
#3555=ORIENTED_EDGE('',*,*,#2563,.F.);
#3556=ORIENTED_EDGE('',*,*,#2564,.F.);
#3557=ORIENTED_EDGE('',*,*,#2561,.T.);
#3558=ORIENTED_EDGE('',*,*,#2436,.F.);
#3559=ORIENTED_EDGE('',*,*,#2565,.F.);
#3560=ORIENTED_EDGE('',*,*,#2566,.F.);
#3561=ORIENTED_EDGE('',*,*,#2563,.T.);
#3562=ORIENTED_EDGE('',*,*,#2435,.F.);
#3563=ORIENTED_EDGE('',*,*,#2567,.F.);
#3564=ORIENTED_EDGE('',*,*,#2568,.F.);
#3565=ORIENTED_EDGE('',*,*,#2565,.T.);
#3566=ORIENTED_EDGE('',*,*,#2434,.F.);
#3567=ORIENTED_EDGE('',*,*,#2569,.F.);
#3568=ORIENTED_EDGE('',*,*,#2570,.F.);
#3569=ORIENTED_EDGE('',*,*,#2567,.T.);
#3570=ORIENTED_EDGE('',*,*,#2433,.F.);
#3571=ORIENTED_EDGE('',*,*,#2571,.F.);
#3572=ORIENTED_EDGE('',*,*,#2572,.F.);
#3573=ORIENTED_EDGE('',*,*,#2569,.T.);
#3574=ORIENTED_EDGE('',*,*,#2432,.F.);
#3575=ORIENTED_EDGE('',*,*,#2573,.F.);
#3576=ORIENTED_EDGE('',*,*,#2574,.F.);
#3577=ORIENTED_EDGE('',*,*,#2571,.T.);
#3578=ORIENTED_EDGE('',*,*,#2431,.F.);
#3579=ORIENTED_EDGE('',*,*,#2575,.F.);
#3580=ORIENTED_EDGE('',*,*,#2576,.F.);
#3581=ORIENTED_EDGE('',*,*,#2573,.T.);
#3582=ORIENTED_EDGE('',*,*,#2430,.F.);
#3583=ORIENTED_EDGE('',*,*,#2577,.F.);
#3584=ORIENTED_EDGE('',*,*,#2578,.F.);
#3585=ORIENTED_EDGE('',*,*,#2575,.T.);
#3586=ORIENTED_EDGE('',*,*,#2429,.F.);
#3587=ORIENTED_EDGE('',*,*,#2579,.F.);
#3588=ORIENTED_EDGE('',*,*,#2580,.F.);
#3589=ORIENTED_EDGE('',*,*,#2577,.T.);
#3590=ORIENTED_EDGE('',*,*,#2428,.F.);
#3591=ORIENTED_EDGE('',*,*,#2581,.F.);
#3592=ORIENTED_EDGE('',*,*,#2582,.F.);
#3593=ORIENTED_EDGE('',*,*,#2579,.T.);
#3594=ORIENTED_EDGE('',*,*,#2427,.F.);
#3595=ORIENTED_EDGE('',*,*,#2583,.F.);
#3596=ORIENTED_EDGE('',*,*,#2584,.F.);
#3597=ORIENTED_EDGE('',*,*,#2581,.T.);
#3598=ORIENTED_EDGE('',*,*,#2426,.F.);
#3599=ORIENTED_EDGE('',*,*,#2585,.F.);
#3600=ORIENTED_EDGE('',*,*,#2586,.F.);
#3601=ORIENTED_EDGE('',*,*,#2583,.T.);
#3602=ORIENTED_EDGE('',*,*,#2425,.F.);
#3603=ORIENTED_EDGE('',*,*,#2533,.F.);
#3604=ORIENTED_EDGE('',*,*,#2587,.F.);
#3605=ORIENTED_EDGE('',*,*,#2588,.T.);
#3606=ORIENTED_EDGE('',*,*,#2358,.F.);
#3607=ORIENTED_EDGE('',*,*,#2588,.F.);
#3608=ORIENTED_EDGE('',*,*,#2589,.F.);
#3609=ORIENTED_EDGE('',*,*,#2590,.T.);
#3610=ORIENTED_EDGE('',*,*,#2359,.F.);
#3611=ORIENTED_EDGE('',*,*,#2590,.F.);
#3612=ORIENTED_EDGE('',*,*,#2591,.F.);
#3613=ORIENTED_EDGE('',*,*,#2592,.T.);
#3614=ORIENTED_EDGE('',*,*,#2360,.F.);
#3615=ORIENTED_EDGE('',*,*,#2592,.F.);
#3616=ORIENTED_EDGE('',*,*,#2593,.F.);
#3617=ORIENTED_EDGE('',*,*,#2594,.T.);
#3618=ORIENTED_EDGE('',*,*,#2361,.F.);
#3619=ORIENTED_EDGE('',*,*,#2594,.F.);
#3620=ORIENTED_EDGE('',*,*,#2595,.F.);
#3621=ORIENTED_EDGE('',*,*,#2596,.T.);
#3622=ORIENTED_EDGE('',*,*,#2362,.F.);
#3623=ORIENTED_EDGE('',*,*,#2596,.F.);
#3624=ORIENTED_EDGE('',*,*,#2597,.F.);
#3625=ORIENTED_EDGE('',*,*,#2598,.T.);
#3626=ORIENTED_EDGE('',*,*,#2363,.F.);
#3627=ORIENTED_EDGE('',*,*,#2598,.F.);
#3628=ORIENTED_EDGE('',*,*,#2599,.F.);
#3629=ORIENTED_EDGE('',*,*,#2600,.T.);
#3630=ORIENTED_EDGE('',*,*,#2364,.F.);
#3631=ORIENTED_EDGE('',*,*,#2600,.F.);
#3632=ORIENTED_EDGE('',*,*,#2601,.F.);
#3633=ORIENTED_EDGE('',*,*,#2602,.T.);
#3634=ORIENTED_EDGE('',*,*,#2365,.F.);
#3635=ORIENTED_EDGE('',*,*,#2602,.F.);
#3636=ORIENTED_EDGE('',*,*,#2603,.F.);
#3637=ORIENTED_EDGE('',*,*,#2604,.T.);
#3638=ORIENTED_EDGE('',*,*,#2366,.F.);
#3639=ORIENTED_EDGE('',*,*,#2604,.F.);
#3640=ORIENTED_EDGE('',*,*,#2605,.F.);
#3641=ORIENTED_EDGE('',*,*,#2606,.T.);
#3642=ORIENTED_EDGE('',*,*,#2367,.F.);
#3643=ORIENTED_EDGE('',*,*,#2606,.F.);
#3644=ORIENTED_EDGE('',*,*,#2607,.F.);
#3645=ORIENTED_EDGE('',*,*,#2608,.T.);
#3646=ORIENTED_EDGE('',*,*,#2368,.F.);
#3647=ORIENTED_EDGE('',*,*,#2608,.F.);
#3648=ORIENTED_EDGE('',*,*,#2609,.F.);
#3649=ORIENTED_EDGE('',*,*,#2610,.T.);
#3650=ORIENTED_EDGE('',*,*,#2369,.F.);
#3651=ORIENTED_EDGE('',*,*,#2610,.F.);
#3652=ORIENTED_EDGE('',*,*,#2611,.F.);
#3653=ORIENTED_EDGE('',*,*,#2556,.T.);
#3654=ORIENTED_EDGE('',*,*,#2370,.F.);
#3655=ORIENTED_EDGE('',*,*,#2560,.F.);
#3656=ORIENTED_EDGE('',*,*,#2612,.F.);
#3657=ORIENTED_EDGE('',*,*,#2613,.T.);
#3658=ORIENTED_EDGE('',*,*,#2439,.F.);
#3659=ORIENTED_EDGE('',*,*,#2613,.F.);
#3660=ORIENTED_EDGE('',*,*,#2614,.F.);
#3661=ORIENTED_EDGE('',*,*,#2615,.T.);
#3662=ORIENTED_EDGE('',*,*,#2440,.F.);
#3663=ORIENTED_EDGE('',*,*,#2615,.F.);
#3664=ORIENTED_EDGE('',*,*,#2616,.F.);
#3665=ORIENTED_EDGE('',*,*,#2617,.T.);
#3666=ORIENTED_EDGE('',*,*,#2441,.F.);
#3667=ORIENTED_EDGE('',*,*,#2617,.F.);
#3668=ORIENTED_EDGE('',*,*,#2618,.F.);
#3669=ORIENTED_EDGE('',*,*,#2619,.T.);
#3670=ORIENTED_EDGE('',*,*,#2442,.F.);
#3671=ORIENTED_EDGE('',*,*,#2619,.F.);
#3672=ORIENTED_EDGE('',*,*,#2620,.F.);
#3673=ORIENTED_EDGE('',*,*,#2621,.T.);
#3674=ORIENTED_EDGE('',*,*,#2443,.F.);
#3675=ORIENTED_EDGE('',*,*,#2621,.F.);
#3676=ORIENTED_EDGE('',*,*,#2622,.F.);
#3677=ORIENTED_EDGE('',*,*,#2623,.T.);
#3678=ORIENTED_EDGE('',*,*,#2444,.F.);
#3679=ORIENTED_EDGE('',*,*,#2623,.F.);
#3680=ORIENTED_EDGE('',*,*,#2624,.F.);
#3681=ORIENTED_EDGE('',*,*,#2625,.T.);
#3682=ORIENTED_EDGE('',*,*,#2445,.F.);
#3683=ORIENTED_EDGE('',*,*,#2625,.F.);
#3684=ORIENTED_EDGE('',*,*,#2626,.F.);
#3685=ORIENTED_EDGE('',*,*,#2627,.T.);
#3686=ORIENTED_EDGE('',*,*,#2446,.F.);
#3687=ORIENTED_EDGE('',*,*,#2627,.F.);
#3688=ORIENTED_EDGE('',*,*,#2628,.F.);
#3689=ORIENTED_EDGE('',*,*,#2629,.T.);
#3690=ORIENTED_EDGE('',*,*,#2447,.F.);
#3691=ORIENTED_EDGE('',*,*,#2629,.F.);
#3692=ORIENTED_EDGE('',*,*,#2630,.F.);
#3693=ORIENTED_EDGE('',*,*,#2631,.T.);
#3694=ORIENTED_EDGE('',*,*,#2448,.F.);
#3695=ORIENTED_EDGE('',*,*,#2631,.F.);
#3696=ORIENTED_EDGE('',*,*,#2632,.F.);
#3697=ORIENTED_EDGE('',*,*,#2633,.T.);
#3698=ORIENTED_EDGE('',*,*,#2449,.F.);
#3699=ORIENTED_EDGE('',*,*,#2633,.F.);
#3700=ORIENTED_EDGE('',*,*,#2634,.F.);
#3701=ORIENTED_EDGE('',*,*,#2635,.T.);
#3702=ORIENTED_EDGE('',*,*,#2450,.F.);
#3703=ORIENTED_EDGE('',*,*,#2635,.F.);
#3704=ORIENTED_EDGE('',*,*,#2636,.F.);
#3705=ORIENTED_EDGE('',*,*,#2585,.T.);
#3706=ORIENTED_EDGE('',*,*,#2451,.F.);
#3707=ORIENTED_EDGE('',*,*,#2637,.F.);
#3708=ORIENTED_EDGE('',*,*,#2638,.T.);
#3709=ORIENTED_EDGE('',*,*,#2639,.F.);
#3710=ORIENTED_EDGE('',*,*,#2640,.F.);
#3711=ORIENTED_EDGE('',*,*,#2641,.T.);
#3712=ORIENTED_EDGE('',*,*,#2640,.T.);
#3713=ORIENTED_EDGE('',*,*,#2642,.F.);
#3714=ORIENTED_EDGE('',*,*,#2643,.F.);
#3715=ORIENTED_EDGE('',*,*,#2397,.T.);
#3716=ORIENTED_EDGE('',*,*,#2505,.T.);
#3717=ORIENTED_EDGE('',*,*,#2503,.T.);
#3718=ORIENTED_EDGE('',*,*,#2501,.T.);
#3719=ORIENTED_EDGE('',*,*,#2499,.T.);
#3720=ORIENTED_EDGE('',*,*,#2497,.T.);
#3721=ORIENTED_EDGE('',*,*,#2495,.T.);
#3722=ORIENTED_EDGE('',*,*,#2493,.T.);
#3723=ORIENTED_EDGE('',*,*,#2491,.T.);
#3724=ORIENTED_EDGE('',*,*,#2489,.T.);
#3725=ORIENTED_EDGE('',*,*,#2487,.T.);
#3726=ORIENTED_EDGE('',*,*,#2485,.T.);
#3727=ORIENTED_EDGE('',*,*,#2483,.T.);
#3728=ORIENTED_EDGE('',*,*,#2481,.T.);
#3729=ORIENTED_EDGE('',*,*,#2372,.T.);
#3730=ORIENTED_EDGE('',*,*,#2375,.T.);
#3731=ORIENTED_EDGE('',*,*,#2377,.T.);
#3732=ORIENTED_EDGE('',*,*,#2379,.T.);
#3733=ORIENTED_EDGE('',*,*,#2381,.T.);
#3734=ORIENTED_EDGE('',*,*,#2383,.T.);
#3735=ORIENTED_EDGE('',*,*,#2385,.T.);
#3736=ORIENTED_EDGE('',*,*,#2387,.T.);
#3737=ORIENTED_EDGE('',*,*,#2389,.T.);
#3738=ORIENTED_EDGE('',*,*,#2391,.T.);
#3739=ORIENTED_EDGE('',*,*,#2393,.T.);
#3740=ORIENTED_EDGE('',*,*,#2395,.T.);
#3741=ORIENTED_EDGE('',*,*,#2480,.T.);
#3742=ORIENTED_EDGE('',*,*,#2530,.T.);
#3743=ORIENTED_EDGE('',*,*,#2528,.T.);
#3744=ORIENTED_EDGE('',*,*,#2526,.T.);
#3745=ORIENTED_EDGE('',*,*,#2524,.T.);
#3746=ORIENTED_EDGE('',*,*,#2522,.T.);
#3747=ORIENTED_EDGE('',*,*,#2520,.T.);
#3748=ORIENTED_EDGE('',*,*,#2518,.T.);
#3749=ORIENTED_EDGE('',*,*,#2516,.T.);
#3750=ORIENTED_EDGE('',*,*,#2514,.T.);
#3751=ORIENTED_EDGE('',*,*,#2512,.T.);
#3752=ORIENTED_EDGE('',*,*,#2510,.T.);
#3753=ORIENTED_EDGE('',*,*,#2508,.T.);
#3754=ORIENTED_EDGE('',*,*,#2506,.T.);
#3755=ORIENTED_EDGE('',*,*,#2453,.T.);
#3756=ORIENTED_EDGE('',*,*,#2456,.T.);
#3757=ORIENTED_EDGE('',*,*,#2458,.T.);
#3758=ORIENTED_EDGE('',*,*,#2460,.T.);
#3759=ORIENTED_EDGE('',*,*,#2462,.T.);
#3760=ORIENTED_EDGE('',*,*,#2464,.T.);
#3761=ORIENTED_EDGE('',*,*,#2466,.T.);
#3762=ORIENTED_EDGE('',*,*,#2468,.T.);
#3763=ORIENTED_EDGE('',*,*,#2470,.T.);
#3764=ORIENTED_EDGE('',*,*,#2472,.T.);
#3765=ORIENTED_EDGE('',*,*,#2474,.T.);
#3766=ORIENTED_EDGE('',*,*,#2476,.T.);
#3767=ORIENTED_EDGE('',*,*,#2478,.T.);
#3768=ORIENTED_EDGE('',*,*,#2644,.T.);
#3769=ORIENTED_EDGE('',*,*,#2643,.T.);
#3770=ORIENTED_EDGE('',*,*,#2645,.F.);
#3771=ORIENTED_EDGE('',*,*,#2646,.F.);
#3772=ORIENTED_EDGE('',*,*,#2647,.F.);
#3773=ORIENTED_EDGE('',*,*,#2646,.T.);
#3774=ORIENTED_EDGE('',*,*,#2648,.F.);
#3775=ORIENTED_EDGE('',*,*,#2649,.F.);
#3776=ORIENTED_EDGE('',*,*,#2553,.T.);
#3777=ORIENTED_EDGE('',*,*,#2555,.T.);
#3778=ORIENTED_EDGE('',*,*,#2557,.T.);
#3779=ORIENTED_EDGE('',*,*,#2611,.T.);
#3780=ORIENTED_EDGE('',*,*,#2609,.T.);
#3781=ORIENTED_EDGE('',*,*,#2607,.T.);
#3782=ORIENTED_EDGE('',*,*,#2605,.T.);
#3783=ORIENTED_EDGE('',*,*,#2603,.T.);
#3784=ORIENTED_EDGE('',*,*,#2601,.T.);
#3785=ORIENTED_EDGE('',*,*,#2599,.T.);
#3786=ORIENTED_EDGE('',*,*,#2597,.T.);
#3787=ORIENTED_EDGE('',*,*,#2595,.T.);
#3788=ORIENTED_EDGE('',*,*,#2593,.T.);
#3789=ORIENTED_EDGE('',*,*,#2591,.T.);
#3790=ORIENTED_EDGE('',*,*,#2589,.T.);
#3791=ORIENTED_EDGE('',*,*,#2587,.T.);
#3792=ORIENTED_EDGE('',*,*,#2532,.T.);
#3793=ORIENTED_EDGE('',*,*,#2535,.T.);
#3794=ORIENTED_EDGE('',*,*,#2537,.T.);
#3795=ORIENTED_EDGE('',*,*,#2539,.T.);
#3796=ORIENTED_EDGE('',*,*,#2541,.T.);
#3797=ORIENTED_EDGE('',*,*,#2543,.T.);
#3798=ORIENTED_EDGE('',*,*,#2545,.T.);
#3799=ORIENTED_EDGE('',*,*,#2547,.T.);
#3800=ORIENTED_EDGE('',*,*,#2549,.T.);
#3801=ORIENTED_EDGE('',*,*,#2551,.T.);
#3802=ORIENTED_EDGE('',*,*,#2650,.F.);
#3803=ORIENTED_EDGE('',*,*,#2649,.T.);
#3804=ORIENTED_EDGE('',*,*,#2651,.F.);
#3805=ORIENTED_EDGE('',*,*,#2652,.F.);
#3806=ORIENTED_EDGE('',*,*,#2653,.F.);
#3807=ORIENTED_EDGE('',*,*,#2652,.T.);
#3808=ORIENTED_EDGE('',*,*,#2654,.F.);
#3809=ORIENTED_EDGE('',*,*,#2655,.F.);
#3810=ORIENTED_EDGE('',*,*,#2656,.T.);
#3811=ORIENTED_EDGE('',*,*,#2655,.T.);
#3812=ORIENTED_EDGE('',*,*,#2657,.F.);
#3813=ORIENTED_EDGE('',*,*,#2658,.F.);
#3814=ORIENTED_EDGE('',*,*,#2659,.F.);
#3815=ORIENTED_EDGE('',*,*,#2658,.T.);
#3816=ORIENTED_EDGE('',*,*,#2660,.F.);
#3817=ORIENTED_EDGE('',*,*,#2638,.F.);
#3818=ORIENTED_EDGE('',*,*,#2582,.T.);
#3819=ORIENTED_EDGE('',*,*,#2584,.T.);
#3820=ORIENTED_EDGE('',*,*,#2586,.T.);
#3821=ORIENTED_EDGE('',*,*,#2636,.T.);
#3822=ORIENTED_EDGE('',*,*,#2634,.T.);
#3823=ORIENTED_EDGE('',*,*,#2632,.T.);
#3824=ORIENTED_EDGE('',*,*,#2630,.T.);
#3825=ORIENTED_EDGE('',*,*,#2628,.T.);
#3826=ORIENTED_EDGE('',*,*,#2626,.T.);
#3827=ORIENTED_EDGE('',*,*,#2624,.T.);
#3828=ORIENTED_EDGE('',*,*,#2622,.T.);
#3829=ORIENTED_EDGE('',*,*,#2620,.T.);
#3830=ORIENTED_EDGE('',*,*,#2618,.T.);
#3831=ORIENTED_EDGE('',*,*,#2616,.T.);
#3832=ORIENTED_EDGE('',*,*,#2614,.T.);
#3833=ORIENTED_EDGE('',*,*,#2612,.T.);
#3834=ORIENTED_EDGE('',*,*,#2559,.T.);
#3835=ORIENTED_EDGE('',*,*,#2562,.T.);
#3836=ORIENTED_EDGE('',*,*,#2564,.T.);
#3837=ORIENTED_EDGE('',*,*,#2566,.T.);
#3838=ORIENTED_EDGE('',*,*,#2568,.T.);
#3839=ORIENTED_EDGE('',*,*,#2570,.T.);
#3840=ORIENTED_EDGE('',*,*,#2572,.T.);
#3841=ORIENTED_EDGE('',*,*,#2574,.T.);
#3842=ORIENTED_EDGE('',*,*,#2576,.T.);
#3843=ORIENTED_EDGE('',*,*,#2578,.T.);
#3844=ORIENTED_EDGE('',*,*,#2580,.T.);
#3845=ORIENTED_EDGE('',*,*,#2659,.T.);
#3846=ORIENTED_EDGE('',*,*,#2637,.T.);
#3847=ORIENTED_EDGE('',*,*,#2641,.F.);
#3848=ORIENTED_EDGE('',*,*,#2644,.F.);
#3849=ORIENTED_EDGE('',*,*,#2647,.T.);
#3850=ORIENTED_EDGE('',*,*,#2650,.T.);
#3851=ORIENTED_EDGE('',*,*,#2653,.T.);
#3852=ORIENTED_EDGE('',*,*,#2656,.F.);
#3853=ORIENTED_EDGE('',*,*,#2660,.T.);
#3854=ORIENTED_EDGE('',*,*,#2657,.T.);
#3855=ORIENTED_EDGE('',*,*,#2654,.T.);
#3856=ORIENTED_EDGE('',*,*,#2651,.T.);
#3857=ORIENTED_EDGE('',*,*,#2648,.T.);
#3858=ORIENTED_EDGE('',*,*,#2645,.T.);
#3859=ORIENTED_EDGE('',*,*,#2642,.T.);
#3860=ORIENTED_EDGE('',*,*,#2639,.T.);
#3861=PLANE('',#4298);
#3862=PLANE('',#4299);
#3863=PLANE('',#4300);
#3864=PLANE('',#4301);
#3865=PLANE('',#4302);
#3866=PLANE('',#4303);
#3867=PLANE('',#4304);
#3868=PLANE('',#4305);
#3869=PLANE('',#4306);
#3870=PLANE('',#4307);
#3871=PLANE('',#4308);
#3872=PLANE('',#4309);
#3873=PLANE('',#4310);
#3874=PLANE('',#4311);
#3875=PLANE('',#4312);
#3876=PLANE('',#4313);
#3877=PLANE('',#4314);
#3878=PLANE('',#4315);
#3879=PLANE('',#4316);
#3880=PLANE('',#4317);
#3881=PLANE('',#4318);
#3882=PLANE('',#4319);
#3883=PLANE('',#4320);
#3884=PLANE('',#4321);
#3885=PLANE('',#4322);
#3886=PLANE('',#4323);
#3887=PLANE('',#4324);
#3888=PLANE('',#4325);
#3889=PLANE('',#4326);
#3890=PLANE('',#4327);
#3891=PLANE('',#4328);
#3892=PLANE('',#4329);
#3893=PLANE('',#4330);
#3894=PLANE('',#4331);
#3895=PLANE('',#4332);
#3896=PLANE('',#4333);
#3897=PLANE('',#4334);
#3898=PLANE('',#4335);
#3899=PLANE('',#4336);
#3900=PLANE('',#4337);
#3901=PLANE('',#4338);
#3902=PLANE('',#4339);
#3903=PLANE('',#4340);
#3904=PLANE('',#4341);
#3905=PLANE('',#4342);
#3906=PLANE('',#4343);
#3907=PLANE('',#4344);
#3908=PLANE('',#4345);
#3909=PLANE('',#4346);
#3910=PLANE('',#4347);
#3911=PLANE('',#4348);
#3912=PLANE('',#4349);
#3913=PLANE('',#4350);
#3914=PLANE('',#4351);
#3915=PLANE('',#4352);
#3916=PLANE('',#4353);
#3917=PLANE('',#4354);
#3918=PLANE('',#4355);
#3919=PLANE('',#4356);
#3920=PLANE('',#4357);
#3921=PLANE('',#4358);
#3922=PLANE('',#4359);
#3923=PLANE('',#4360);
#3924=PLANE('',#4361);
#3925=PLANE('',#4362);
#3926=PLANE('',#4363);
#3927=PLANE('',#4364);
#3928=PLANE('',#4365);
#3929=PLANE('',#4366);
#3930=PLANE('',#4367);
#3931=PLANE('',#4368);
#3932=PLANE('',#4369);
#3933=PLANE('',#4370);
#3934=PLANE('',#4371);
#3935=PLANE('',#4372);
#3936=PLANE('',#4373);
#3937=PLANE('',#4374);
#3938=PLANE('',#4375);
#3939=PLANE('',#4376);
#3940=PLANE('',#4377);
#3941=PLANE('',#4378);
#3942=PLANE('',#4379);
#3943=PLANE('',#4380);
#3944=PLANE('',#4381);
#3945=PLANE('',#4382);
#3946=PLANE('',#4383);
#3947=PLANE('',#4384);
#3948=PLANE('',#4385);
#3949=PLANE('',#4386);
#3950=PLANE('',#4387);
#3951=PLANE('',#4388);
#3952=PLANE('',#4389);
#3953=PLANE('',#4390);
#3954=PLANE('',#4391);
#3955=PLANE('',#4392);
#3956=PLANE('',#4393);
#3957=PLANE('',#4394);
#3958=PLANE('',#4395);
#3959=PLANE('',#4396);
#3960=PLANE('',#4397);
#3961=PLANE('',#4398);
#3962=PLANE('',#4399);
#3963=PLANE('',#4400);
#3964=PLANE('',#4401);
#3965=PLANE('',#4402);
#3966=PLANE('',#4403);
#3967=PLANE('',#4404);
#3968=PLANE('',#4405);
#3969=PLANE('',#4406);
#3970=PLANE('',#4407);
#3971=PLANE('',#4408);
#3972=PLANE('',#4409);
#3973=PLANE('',#4410);
#3974=PLANE('',#4411);
#3975=PLANE('',#4412);
#3976=PLANE('',#4413);
#3977=PLANE('',#4414);
#3978=PLANE('',#4415);
#3979=PLANE('',#4416);
#3980=PLANE('',#4417);
#3981=PLANE('',#4418);
#3982=PLANE('',#4419);
#3983=PLANE('',#4420);
#3984=PLANE('',#4421);
#3985=PLANE('',#4422);
#3986=PLANE('',#4423);
#3987=PLANE('',#4424);
#3988=PLANE('',#4425);
#3989=PLANE('',#4426);
#3990=PLANE('',#4427);
#3991=PLANE('',#4428);
#3992=PLANE('',#4429);
#3993=PLANE('',#4430);
#3994=PLANE('',#4431);
#3995=PLANE('',#4432);
#3996=PLANE('',#4433);
#3997=PLANE('',#4434);
#3998=PLANE('',#4435);
#3999=PLANE('',#4436);
#4000=PLANE('',#4437);
#4001=PLANE('',#4438);
#4002=PLANE('',#4439);
#4003=PLANE('',#4440);
#4004=PLANE('',#4441);
#4005=PLANE('',#4442);
#4006=PLANE('',#4443);
#4007=PLANE('',#4444);
#4008=PLANE('',#4445);
#4009=PLANE('',#4446);
#4010=PLANE('',#4447);
#4011=PLANE('',#4448);
#4012=PLANE('',#4449);
#4013=PLANE('',#4450);
#4014=PLANE('',#4451);
#4015=PLANE('',#4452);
#4016=PLANE('',#4453);
#4017=PLANE('',#4454);
#4018=PLANE('',#4455);
#4019=PLANE('',#4456);
#4020=PLANE('',#4457);
#4021=PLANE('',#4458);
#4022=PLANE('',#4459);
#4023=PLANE('',#4460);
#4024=PLANE('',#4461);
#4025=PLANE('',#4462);
#4026=PLANE('',#4463);
#4027=PLANE('',#4464);
#4028=PLANE('',#4465);
#4029=PLANE('',#4466);
#4030=PLANE('',#4467);
#4031=PLANE('',#4468);
#4032=PLANE('',#4469);
#4033=PLANE('',#4470);
#4034=PLANE('',#4471);
#4035=PLANE('',#4472);
#4036=PLANE('',#4473);
#4037=PLANE('',#4474);
#4038=PLANE('',#4475);
#4039=PLANE('',#4476);
#4040=PLANE('',#4477);
#4041=PLANE('',#4478);
#4042=PLANE('',#4479);
#4043=PLANE('',#4480);
#4044=PLANE('',#4481);
#4045=PLANE('',#4482);
#4046=PLANE('',#4483);
#4047=PLANE('',#4484);
#4048=PLANE('',#4485);
#4049=PLANE('',#4486);
#4050=PLANE('',#4487);
#4051=PLANE('',#4488);
#4052=PLANE('',#4489);
#4053=PLANE('',#4490);
#4054=PLANE('',#4491);
#4055=PLANE('',#4492);
#4056=PLANE('',#4493);
#4057=PLANE('',#4494);
#4058=PLANE('',#4495);
#4059=PLANE('',#4496);
#4060=PLANE('',#4497);
#4061=PLANE('',#4498);
#4062=PLANE('',#4499);
#4063=PLANE('',#4500);
#4064=PLANE('',#4501);
#4065=PLANE('',#4502);
#4066=PLANE('',#4503);
#4067=PLANE('',#4504);
#4068=PLANE('',#4505);
#4069=PLANE('',#4506);
#4070=PLANE('',#4507);
#4071=ADVANCED_FACE('',(#31),#3861,.T.);
#4072=ADVANCED_FACE('',(#32),#3862,.T.);
#4073=ADVANCED_FACE('',(#33),#3863,.T.);
#4074=ADVANCED_FACE('',(#34),#3864,.T.);
#4075=ADVANCED_FACE('',(#35),#3865,.T.);
#4076=ADVANCED_FACE('',(#36),#3866,.T.);
#4077=ADVANCED_FACE('',(#37),#3867,.T.);
#4078=ADVANCED_FACE('',(#38),#3868,.T.);
#4079=ADVANCED_FACE('',(#39),#3869,.T.);
#4080=ADVANCED_FACE('',(#40),#3870,.T.);
#4081=ADVANCED_FACE('',(#41),#3871,.T.);
#4082=ADVANCED_FACE('',(#42),#3872,.T.);
#4083=ADVANCED_FACE('',(#43),#3873,.T.);
#4084=ADVANCED_FACE('',(#44),#3874,.T.);
#4085=ADVANCED_FACE('',(#45),#3875,.T.);
#4086=ADVANCED_FACE('',(#46),#3876,.T.);
#4087=ADVANCED_FACE('',(#47),#3877,.T.);
#4088=ADVANCED_FACE('',(#48),#3878,.T.);
#4089=ADVANCED_FACE('',(#49),#3879,.T.);
#4090=ADVANCED_FACE('',(#50),#3880,.T.);
#4091=ADVANCED_FACE('',(#51),#3881,.T.);
#4092=ADVANCED_FACE('',(#52),#3882,.T.);
#4093=ADVANCED_FACE('',(#53),#3883,.T.);
#4094=ADVANCED_FACE('',(#54),#3884,.T.);
#4095=ADVANCED_FACE('',(#55),#3885,.T.);
#4096=ADVANCED_FACE('',(#56),#3886,.T.);
#4097=ADVANCED_FACE('',(#57),#3887,.T.);
#4098=ADVANCED_FACE('',(#58),#3888,.T.);
#4099=ADVANCED_FACE('',(#59),#3889,.T.);
#4100=ADVANCED_FACE('',(#60),#3890,.T.);
#4101=ADVANCED_FACE('',(#61),#3891,.T.);
#4102=ADVANCED_FACE('',(#62),#3892,.T.);
#4103=ADVANCED_FACE('',(#63),#3893,.T.);
#4104=ADVANCED_FACE('',(#64),#3894,.T.);
#4105=ADVANCED_FACE('',(#65),#3895,.T.);
#4106=ADVANCED_FACE('',(#66),#3896,.T.);
#4107=ADVANCED_FACE('',(#67),#3897,.T.);
#4108=ADVANCED_FACE('',(#68),#3898,.T.);
#4109=ADVANCED_FACE('',(#69),#3899,.T.);
#4110=ADVANCED_FACE('',(#70),#3900,.T.);
#4111=ADVANCED_FACE('',(#71),#3901,.T.);
#4112=ADVANCED_FACE('',(#72),#3902,.T.);
#4113=ADVANCED_FACE('',(#73),#3903,.T.);
#4114=ADVANCED_FACE('',(#74),#3904,.T.);
#4115=ADVANCED_FACE('',(#75),#3905,.T.);
#4116=ADVANCED_FACE('',(#76),#3906,.T.);
#4117=ADVANCED_FACE('',(#77),#3907,.T.);
#4118=ADVANCED_FACE('',(#78),#3908,.T.);
#4119=ADVANCED_FACE('',(#79),#3909,.T.);
#4120=ADVANCED_FACE('',(#80),#3910,.T.);
#4121=ADVANCED_FACE('',(#81),#3911,.T.);
#4122=ADVANCED_FACE('',(#82),#3912,.T.);
#4123=ADVANCED_FACE('',(#83),#3913,.T.);
#4124=ADVANCED_FACE('',(#84),#3914,.T.);
#4125=ADVANCED_FACE('',(#85),#3915,.T.);
#4126=ADVANCED_FACE('',(#86),#3916,.T.);
#4127=ADVANCED_FACE('',(#87),#3917,.T.);
#4128=ADVANCED_FACE('',(#88,#21,#22),#3918,.T.);
#4129=ADVANCED_FACE('',(#89,#23,#24),#3919,.F.);
#4130=ADVANCED_FACE('',(#90),#3920,.F.);
#4131=ADVANCED_FACE('',(#91),#3921,.F.);
#4132=ADVANCED_FACE('',(#92),#3922,.F.);
#4133=ADVANCED_FACE('',(#93),#3923,.F.);
#4134=ADVANCED_FACE('',(#94),#3924,.F.);
#4135=ADVANCED_FACE('',(#95),#3925,.F.);
#4136=ADVANCED_FACE('',(#96),#3926,.F.);
#4137=ADVANCED_FACE('',(#97),#3927,.F.);
#4138=ADVANCED_FACE('',(#98),#3928,.T.);
#4139=ADVANCED_FACE('',(#99),#3929,.T.);
#4140=ADVANCED_FACE('',(#100),#3930,.T.);
#4141=ADVANCED_FACE('',(#101),#3931,.T.);
#4142=ADVANCED_FACE('',(#102),#3932,.T.);
#4143=ADVANCED_FACE('',(#103),#3933,.T.);
#4144=ADVANCED_FACE('',(#104),#3934,.T.);
#4145=ADVANCED_FACE('',(#105),#3935,.T.);
#4146=ADVANCED_FACE('',(#106),#3936,.F.);
#4147=ADVANCED_FACE('',(#107),#3937,.F.);
#4148=ADVANCED_FACE('',(#108),#3938,.F.);
#4149=ADVANCED_FACE('',(#109),#3939,.F.);
#4150=ADVANCED_FACE('',(#110),#3940,.F.);
#4151=ADVANCED_FACE('',(#111),#3941,.F.);
#4152=ADVANCED_FACE('',(#112),#3942,.F.);
#4153=ADVANCED_FACE('',(#113),#3943,.F.);
#4154=ADVANCED_FACE('',(#114),#3944,.F.);
#4155=ADVANCED_FACE('',(#115),#3945,.T.);
#4156=ADVANCED_FACE('',(#116),#3946,.T.);
#4157=ADVANCED_FACE('',(#117),#3947,.T.);
#4158=ADVANCED_FACE('',(#118),#3948,.T.);
#4159=ADVANCED_FACE('',(#119),#3949,.T.);
#4160=ADVANCED_FACE('',(#120),#3950,.T.);
#4161=ADVANCED_FACE('',(#121),#3951,.T.);
#4162=ADVANCED_FACE('',(#122),#3952,.T.);
#4163=ADVANCED_FACE('',(#123,#25),#3953,.T.);
#4164=ADVANCED_FACE('',(#124),#3954,.F.);
#4165=ADVANCED_FACE('',(#125),#3955,.F.);
#4166=ADVANCED_FACE('',(#126),#3956,.F.);
#4167=ADVANCED_FACE('',(#127),#3957,.F.);
#4168=ADVANCED_FACE('',(#128),#3958,.F.);
#4169=ADVANCED_FACE('',(#129),#3959,.F.);
#4170=ADVANCED_FACE('',(#130),#3960,.F.);
#4171=ADVANCED_FACE('',(#131),#3961,.F.);
#4172=ADVANCED_FACE('',(#132),#3962,.F.);
#4173=ADVANCED_FACE('',(#133),#3963,.F.);
#4174=ADVANCED_FACE('',(#134),#3964,.F.);
#4175=ADVANCED_FACE('',(#135),#3965,.F.);
#4176=ADVANCED_FACE('',(#136),#3966,.F.);
#4177=ADVANCED_FACE('',(#137,#26),#3967,.T.);
#4178=ADVANCED_FACE('',(#138),#3968,.F.);
#4179=ADVANCED_FACE('',(#139),#3969,.F.);
#4180=ADVANCED_FACE('',(#140),#3970,.F.);
#4181=ADVANCED_FACE('',(#141),#3971,.F.);
#4182=ADVANCED_FACE('',(#142),#3972,.F.);
#4183=ADVANCED_FACE('',(#143),#3973,.F.);
#4184=ADVANCED_FACE('',(#144),#3974,.F.);
#4185=ADVANCED_FACE('',(#145),#3975,.F.);
#4186=ADVANCED_FACE('',(#146),#3976,.F.);
#4187=ADVANCED_FACE('',(#147),#3977,.F.);
#4188=ADVANCED_FACE('',(#148),#3978,.F.);
#4189=ADVANCED_FACE('',(#149),#3979,.F.);
#4190=ADVANCED_FACE('',(#150),#3980,.F.);
#4191=ADVANCED_FACE('',(#151),#3981,.F.);
#4192=ADVANCED_FACE('',(#152),#3982,.F.);
#4193=ADVANCED_FACE('',(#153),#3983,.F.);
#4194=ADVANCED_FACE('',(#154),#3984,.F.);
#4195=ADVANCED_FACE('',(#155),#3985,.F.);
#4196=ADVANCED_FACE('',(#156),#3986,.F.);
#4197=ADVANCED_FACE('',(#157),#3987,.F.);
#4198=ADVANCED_FACE('',(#158),#3988,.F.);
#4199=ADVANCED_FACE('',(#159),#3989,.F.);
#4200=ADVANCED_FACE('',(#160),#3990,.F.);
#4201=ADVANCED_FACE('',(#161),#3991,.F.);
#4202=ADVANCED_FACE('',(#162),#3992,.F.);
#4203=ADVANCED_FACE('',(#163),#3993,.F.);
#4204=ADVANCED_FACE('',(#164),#3994,.F.);
#4205=ADVANCED_FACE('',(#165),#3995,.F.);
#4206=ADVANCED_FACE('',(#166),#3996,.F.);
#4207=ADVANCED_FACE('',(#167),#3997,.F.);
#4208=ADVANCED_FACE('',(#168),#3998,.F.);
#4209=ADVANCED_FACE('',(#169),#3999,.F.);
#4210=ADVANCED_FACE('',(#170),#4000,.F.);
#4211=ADVANCED_FACE('',(#171),#4001,.F.);
#4212=ADVANCED_FACE('',(#172),#4002,.F.);
#4213=ADVANCED_FACE('',(#173),#4003,.F.);
#4214=ADVANCED_FACE('',(#174),#4004,.F.);
#4215=ADVANCED_FACE('',(#175),#4005,.F.);
#4216=ADVANCED_FACE('',(#176),#4006,.F.);
#4217=ADVANCED_FACE('',(#177),#4007,.F.);
#4218=ADVANCED_FACE('',(#178),#4008,.F.);
#4219=ADVANCED_FACE('',(#179),#4009,.F.);
#4220=ADVANCED_FACE('',(#180),#4010,.F.);
#4221=ADVANCED_FACE('',(#181),#4011,.F.);
#4222=ADVANCED_FACE('',(#182),#4012,.F.);
#4223=ADVANCED_FACE('',(#183),#4013,.F.);
#4224=ADVANCED_FACE('',(#184),#4014,.F.);
#4225=ADVANCED_FACE('',(#185),#4015,.F.);
#4226=ADVANCED_FACE('',(#186),#4016,.F.);
#4227=ADVANCED_FACE('',(#187),#4017,.F.);
#4228=ADVANCED_FACE('',(#188),#4018,.F.);
#4229=ADVANCED_FACE('',(#189),#4019,.F.);
#4230=ADVANCED_FACE('',(#190),#4020,.F.);
#4231=ADVANCED_FACE('',(#191),#4021,.F.);
#4232=ADVANCED_FACE('',(#192),#4022,.F.);
#4233=ADVANCED_FACE('',(#193),#4023,.F.);
#4234=ADVANCED_FACE('',(#194),#4024,.F.);
#4235=ADVANCED_FACE('',(#195),#4025,.F.);
#4236=ADVANCED_FACE('',(#196),#4026,.F.);
#4237=ADVANCED_FACE('',(#197),#4027,.F.);
#4238=ADVANCED_FACE('',(#198),#4028,.F.);
#4239=ADVANCED_FACE('',(#199),#4029,.F.);
#4240=ADVANCED_FACE('',(#200),#4030,.F.);
#4241=ADVANCED_FACE('',(#201),#4031,.F.);
#4242=ADVANCED_FACE('',(#202),#4032,.F.);
#4243=ADVANCED_FACE('',(#203),#4033,.F.);
#4244=ADVANCED_FACE('',(#204),#4034,.F.);
#4245=ADVANCED_FACE('',(#205),#4035,.F.);
#4246=ADVANCED_FACE('',(#206),#4036,.F.);
#4247=ADVANCED_FACE('',(#207),#4037,.F.);
#4248=ADVANCED_FACE('',(#208),#4038,.F.);
#4249=ADVANCED_FACE('',(#209),#4039,.F.);
#4250=ADVANCED_FACE('',(#210),#4040,.F.);
#4251=ADVANCED_FACE('',(#211),#4041,.F.);
#4252=ADVANCED_FACE('',(#212),#4042,.F.);
#4253=ADVANCED_FACE('',(#213),#4043,.F.);
#4254=ADVANCED_FACE('',(#214),#4044,.F.);
#4255=ADVANCED_FACE('',(#215),#4045,.F.);
#4256=ADVANCED_FACE('',(#216),#4046,.F.);
#4257=ADVANCED_FACE('',(#217),#4047,.F.);
#4258=ADVANCED_FACE('',(#218),#4048,.F.);
#4259=ADVANCED_FACE('',(#219),#4049,.F.);
#4260=ADVANCED_FACE('',(#220),#4050,.F.);
#4261=ADVANCED_FACE('',(#221),#4051,.F.);
#4262=ADVANCED_FACE('',(#222),#4052,.F.);
#4263=ADVANCED_FACE('',(#223),#4053,.F.);
#4264=ADVANCED_FACE('',(#224),#4054,.F.);
#4265=ADVANCED_FACE('',(#225),#4055,.F.);
#4266=ADVANCED_FACE('',(#226),#4056,.F.);
#4267=ADVANCED_FACE('',(#227),#4057,.F.);
#4268=ADVANCED_FACE('',(#228),#4058,.F.);
#4269=ADVANCED_FACE('',(#229),#4059,.F.);
#4270=ADVANCED_FACE('',(#230),#4060,.F.);
#4271=ADVANCED_FACE('',(#231),#4061,.T.);
#4272=ADVANCED_FACE('',(#232,#27,#28),#4062,.T.);
#4273=ADVANCED_FACE('',(#233),#4063,.T.);
#4274=ADVANCED_FACE('',(#234,#29),#4064,.T.);
#4275=ADVANCED_FACE('',(#235),#4065,.T.);
#4276=ADVANCED_FACE('',(#236),#4066,.T.);
#4277=ADVANCED_FACE('',(#237),#4067,.T.);
#4278=ADVANCED_FACE('',(#238,#30),#4068,.T.);
#4279=ADVANCED_FACE('',(#239),#4069,.T.);
#4280=ADVANCED_FACE('',(#240),#4070,.T.);
#4281=CLOSED_SHELL('',(#4071,#4072,#4073,#4074,#4075,#4076,#4077,#4078,
#4079,#4080,#4081,#4082,#4083,#4084,#4085,#4086,#4087,#4088,#4089,#4090,
#4091,#4092,#4093,#4094,#4095,#4096,#4097,#4098,#4099,#4100,#4101,#4102,
#4103,#4104,#4105,#4106,#4107,#4108,#4109,#4110,#4111,#4112,#4113,#4114,
#4115,#4116,#4117,#4118,#4119,#4120,#4121,#4122,#4123,#4124,#4125,#4126,
#4127,#4128,#4129));
#4282=CLOSED_SHELL('',(#4130,#4131,#4132,#4133,#4134,#4135,#4136,#4137,
#4138,#4139,#4140,#4141,#4142,#4143,#4144,#4145));
#4283=CLOSED_SHELL('',(#4146,#4147,#4148,#4149,#4150,#4151,#4152,#4153,
#4154,#4155,#4156,#4157,#4158,#4159,#4160,#4161,#4162));
#4284=CLOSED_SHELL('',(#4163,#4164,#4165,#4166,#4167,#4168,#4169,#4170,
#4171,#4172,#4173,#4174,#4175,#4176,#4177,#4178,#4179,#4180,#4181,#4182,
#4183,#4184,#4185,#4186,#4187,#4188,#4189,#4190,#4191,#4192,#4193,#4194,
#4195,#4196,#4197,#4198,#4199,#4200,#4201,#4202,#4203,#4204,#4205,#4206,
#4207,#4208,#4209,#4210,#4211,#4212,#4213,#4214,#4215,#4216,#4217,#4218,
#4219,#4220,#4221,#4222,#4223,#4224,#4225,#4226,#4227,#4228,#4229,#4230,
#4231,#4232,#4233,#4234,#4235,#4236,#4237,#4238,#4239,#4240,#4241,#4242,
#4243,#4244,#4245,#4246,#4247,#4248,#4249,#4250,#4251,#4252,#4253,#4254,
#4255,#4256,#4257,#4258,#4259,#4260,#4261,#4262,#4263,#4264,#4265,#4266,
#4267,#4268,#4269,#4270,#4271,#4272,#4273,#4274,#4275,#4276,#4277,#4278,
#4279,#4280));
#4285=DERIVED_UNIT_ELEMENT(#4287,1.);
#4286=DERIVED_UNIT_ELEMENT(#6746,-3.);
#4287=(
MASS_UNIT()
NAMED_UNIT(*)
SI_UNIT(.KILO.,.GRAM.)
);
#4288=DERIVED_UNIT((#4285,#4286));
#4289=MEASURE_REPRESENTATION_ITEM('density measure',
POSITIVE_RATIO_MEASURE(7850.),#4288);
#4290=PROPERTY_DEFINITION_REPRESENTATION(#4295,#4292);
#4291=PROPERTY_DEFINITION_REPRESENTATION(#4296,#4293);
#4292=REPRESENTATION('material name',(#4294),#6743);
#4293=REPRESENTATION('density',(#4289),#6743);
#4294=DESCRIPTIVE_REPRESENTATION_ITEM('Steel','Steel');
#4295=PROPERTY_DEFINITION('material property','material name',#6753);
#4296=PROPERTY_DEFINITION('material property','density of part',#6753);
#4297=AXIS2_PLACEMENT_3D('',#5530,#4508,#4509);
#4298=AXIS2_PLACEMENT_3D('',#5531,#4510,#4511);
#4299=AXIS2_PLACEMENT_3D('',#5540,#4516,#4517);
#4300=AXIS2_PLACEMENT_3D('',#5546,#4521,#4522);
#4301=AXIS2_PLACEMENT_3D('',#5552,#4526,#4527);
#4302=AXIS2_PLACEMENT_3D('',#5558,#4531,#4532);
#4303=AXIS2_PLACEMENT_3D('',#5564,#4536,#4537);
#4304=AXIS2_PLACEMENT_3D('',#5570,#4541,#4542);
#4305=AXIS2_PLACEMENT_3D('',#5576,#4546,#4547);
#4306=AXIS2_PLACEMENT_3D('',#5582,#4551,#4552);
#4307=AXIS2_PLACEMENT_3D('',#5588,#4556,#4557);
#4308=AXIS2_PLACEMENT_3D('',#5594,#4561,#4562);
#4309=AXIS2_PLACEMENT_3D('',#5600,#4566,#4567);
#4310=AXIS2_PLACEMENT_3D('',#5606,#4571,#4572);
#4311=AXIS2_PLACEMENT_3D('',#5612,#4576,#4577);
#4312=AXIS2_PLACEMENT_3D('',#5618,#4581,#4582);
#4313=AXIS2_PLACEMENT_3D('',#5624,#4586,#4587);
#4314=AXIS2_PLACEMENT_3D('',#5630,#4591,#4592);
#4315=AXIS2_PLACEMENT_3D('',#5636,#4596,#4597);
#4316=AXIS2_PLACEMENT_3D('',#5642,#4601,#4602);
#4317=AXIS2_PLACEMENT_3D('',#5648,#4606,#4607);
#4318=AXIS2_PLACEMENT_3D('',#5654,#4611,#4612);
#4319=AXIS2_PLACEMENT_3D('',#5660,#4616,#4617);
#4320=AXIS2_PLACEMENT_3D('',#5666,#4621,#4622);
#4321=AXIS2_PLACEMENT_3D('',#5672,#4626,#4627);
#4322=AXIS2_PLACEMENT_3D('',#5678,#4631,#4632);
#4323=AXIS2_PLACEMENT_3D('',#5684,#4636,#4637);
#4324=AXIS2_PLACEMENT_3D('',#5687,#4640,#4641);
#4325=AXIS2_PLACEMENT_3D('',#5696,#4646,#4647);
#4326=AXIS2_PLACEMENT_3D('',#5702,#4651,#4652);
#4327=AXIS2_PLACEMENT_3D('',#5708,#4656,#4657);
#4328=AXIS2_PLACEMENT_3D('',#5714,#4661,#4662);
#4329=AXIS2_PLACEMENT_3D('',#5720,#4666,#4667);
#4330=AXIS2_PLACEMENT_3D('',#5726,#4671,#4672);
#4331=AXIS2_PLACEMENT_3D('',#5732,#4676,#4677);
#4332=AXIS2_PLACEMENT_3D('',#5738,#4681,#4682);
#4333=AXIS2_PLACEMENT_3D('',#5744,#4686,#4687);
#4334=AXIS2_PLACEMENT_3D('',#5750,#4691,#4692);
#4335=AXIS2_PLACEMENT_3D('',#5756,#4696,#4697);
#4336=AXIS2_PLACEMENT_3D('',#5762,#4701,#4702);
#4337=AXIS2_PLACEMENT_3D('',#5768,#4706,#4707);
#4338=AXIS2_PLACEMENT_3D('',#5774,#4711,#4712);
#4339=AXIS2_PLACEMENT_3D('',#5780,#4716,#4717);
#4340=AXIS2_PLACEMENT_3D('',#5786,#4721,#4722);
#4341=AXIS2_PLACEMENT_3D('',#5792,#4726,#4727);
#4342=AXIS2_PLACEMENT_3D('',#5798,#4731,#4732);
#4343=AXIS2_PLACEMENT_3D('',#5804,#4736,#4737);
#4344=AXIS2_PLACEMENT_3D('',#5810,#4741,#4742);
#4345=AXIS2_PLACEMENT_3D('',#5816,#4746,#4747);
#4346=AXIS2_PLACEMENT_3D('',#5822,#4751,#4752);
#4347=AXIS2_PLACEMENT_3D('',#5828,#4756,#4757);
#4348=AXIS2_PLACEMENT_3D('',#5834,#4761,#4762);
#4349=AXIS2_PLACEMENT_3D('',#5840,#4766,#4767);
#4350=AXIS2_PLACEMENT_3D('',#5843,#4770,#4771);
#4351=AXIS2_PLACEMENT_3D('',#5852,#4776,#4777);
#4352=AXIS2_PLACEMENT_3D('',#5858,#4781,#4782);
#4353=AXIS2_PLACEMENT_3D('',#5864,#4786,#4787);
#4354=AXIS2_PLACEMENT_3D('',#5870,#4791,#4792);
#4355=AXIS2_PLACEMENT_3D('',#5873,#4795,#4796);
#4356=AXIS2_PLACEMENT_3D('',#5874,#4797,#4798);
#4357=AXIS2_PLACEMENT_3D('',#5875,#4799,#4800);
#4358=AXIS2_PLACEMENT_3D('',#5884,#4805,#4806);
#4359=AXIS2_PLACEMENT_3D('',#5890,#4810,#4811);
#4360=AXIS2_PLACEMENT_3D('',#5896,#4815,#4816);
#4361=AXIS2_PLACEMENT_3D('',#5902,#4820,#4821);
#4362=AXIS2_PLACEMENT_3D('',#5908,#4825,#4826);
#4363=AXIS2_PLACEMENT_3D('',#5917,#4831,#4832);
#4364=AXIS2_PLACEMENT_3D('',#5922,#4836,#4837);
#4365=AXIS2_PLACEMENT_3D('',#5924,#4839,#4840);
#4366=AXIS2_PLACEMENT_3D('',#5932,#4845,#4846);
#4367=AXIS2_PLACEMENT_3D('',#5938,#4850,#4851);
#4368=AXIS2_PLACEMENT_3D('',#5944,#4855,#4856);
#4369=AXIS2_PLACEMENT_3D('',#5950,#4860,#4861);
#4370=AXIS2_PLACEMENT_3D('',#5956,#4865,#4866);
#4371=AXIS2_PLACEMENT_3D('',#5959,#4869,#4870);
#4372=AXIS2_PLACEMENT_3D('',#5960,#4871,#4872);
#4373=AXIS2_PLACEMENT_3D('',#5961,#4873,#4874);
#4374=AXIS2_PLACEMENT_3D('',#5970,#4879,#4880);
#4375=AXIS2_PLACEMENT_3D('',#5976,#4884,#4885);
#4376=AXIS2_PLACEMENT_3D('',#5982,#4889,#4890);
#4377=AXIS2_PLACEMENT_3D('',#5988,#4894,#4895);
#4378=AXIS2_PLACEMENT_3D('',#5994,#4899,#4900);
#4379=AXIS2_PLACEMENT_3D('',#6000,#4904,#4905);
#4380=AXIS2_PLACEMENT_3D('',#6008,#4910,#4911);
#4381=AXIS2_PLACEMENT_3D('',#6014,#4915,#4916);
#4382=AXIS2_PLACEMENT_3D('',#6016,#4918,#4919);
#4383=AXIS2_PLACEMENT_3D('',#6024,#4924,#4925);
#4384=AXIS2_PLACEMENT_3D('',#6030,#4929,#4930);
#4385=AXIS2_PLACEMENT_3D('',#6036,#4934,#4935);
#4386=AXIS2_PLACEMENT_3D('',#6042,#4939,#4940);
#4387=AXIS2_PLACEMENT_3D('',#6048,#4944,#4945);
#4388=AXIS2_PLACEMENT_3D('',#6051,#4948,#4949);
#4389=AXIS2_PLACEMENT_3D('',#6052,#4950,#4951);
#4390=AXIS2_PLACEMENT_3D('',#6053,#4952,#4953);
#4391=AXIS2_PLACEMENT_3D('',#6158,#5006,#5007);
#4392=AXIS2_PLACEMENT_3D('',#6164,#5011,#5012);
#4393=AXIS2_PLACEMENT_3D('',#6168,#5015,#5016);
#4394=AXIS2_PLACEMENT_3D('',#6172,#5019,#5020);
#4395=AXIS2_PLACEMENT_3D('',#6176,#5023,#5024);
#4396=AXIS2_PLACEMENT_3D('',#6180,#5027,#5028);
#4397=AXIS2_PLACEMENT_3D('',#6184,#5031,#5032);
#4398=AXIS2_PLACEMENT_3D('',#6188,#5035,#5036);
#4399=AXIS2_PLACEMENT_3D('',#6192,#5039,#5040);
#4400=AXIS2_PLACEMENT_3D('',#6196,#5043,#5044);
#4401=AXIS2_PLACEMENT_3D('',#6200,#5047,#5048);
#4402=AXIS2_PLACEMENT_3D('',#6204,#5051,#5052);
#4403=AXIS2_PLACEMENT_3D('',#6208,#5055,#5056);
#4404=AXIS2_PLACEMENT_3D('',#6212,#5059,#5060);
#4405=AXIS2_PLACEMENT_3D('',#6321,#5115,#5116);
#4406=AXIS2_PLACEMENT_3D('',#6327,#5120,#5121);
#4407=AXIS2_PLACEMENT_3D('',#6331,#5124,#5125);
#4408=AXIS2_PLACEMENT_3D('',#6335,#5128,#5129);
#4409=AXIS2_PLACEMENT_3D('',#6339,#5132,#5133);
#4410=AXIS2_PLACEMENT_3D('',#6343,#5136,#5137);
#4411=AXIS2_PLACEMENT_3D('',#6347,#5140,#5141);
#4412=AXIS2_PLACEMENT_3D('',#6351,#5144,#5145);
#4413=AXIS2_PLACEMENT_3D('',#6355,#5148,#5149);
#4414=AXIS2_PLACEMENT_3D('',#6359,#5152,#5153);
#4415=AXIS2_PLACEMENT_3D('',#6363,#5156,#5157);
#4416=AXIS2_PLACEMENT_3D('',#6367,#5160,#5161);
#4417=AXIS2_PLACEMENT_3D('',#6371,#5164,#5165);
#4418=AXIS2_PLACEMENT_3D('',#6375,#5168,#5169);
#4419=AXIS2_PLACEMENT_3D('',#6379,#5172,#5173);
#4420=AXIS2_PLACEMENT_3D('',#6383,#5176,#5177);
#4421=AXIS2_PLACEMENT_3D('',#6387,#5180,#5181);
#4422=AXIS2_PLACEMENT_3D('',#6391,#5184,#5185);
#4423=AXIS2_PLACEMENT_3D('',#6395,#5188,#5189);
#4424=AXIS2_PLACEMENT_3D('',#6399,#5192,#5193);
#4425=AXIS2_PLACEMENT_3D('',#6403,#5196,#5197);
#4426=AXIS2_PLACEMENT_3D('',#6407,#5200,#5201);
#4427=AXIS2_PLACEMENT_3D('',#6411,#5204,#5205);
#4428=AXIS2_PLACEMENT_3D('',#6415,#5208,#5209);
#4429=AXIS2_PLACEMENT_3D('',#6419,#5212,#5213);
#4430=AXIS2_PLACEMENT_3D('',#6423,#5216,#5217);
#4431=AXIS2_PLACEMENT_3D('',#6427,#5220,#5221);
#4432=AXIS2_PLACEMENT_3D('',#6429,#5223,#5224);
#4433=AXIS2_PLACEMENT_3D('',#6433,#5227,#5228);
#4434=AXIS2_PLACEMENT_3D('',#6437,#5231,#5232);
#4435=AXIS2_PLACEMENT_3D('',#6441,#5235,#5236);
#4436=AXIS2_PLACEMENT_3D('',#6445,#5239,#5240);
#4437=AXIS2_PLACEMENT_3D('',#6449,#5243,#5244);
#4438=AXIS2_PLACEMENT_3D('',#6453,#5247,#5248);
#4439=AXIS2_PLACEMENT_3D('',#6457,#5251,#5252);
#4440=AXIS2_PLACEMENT_3D('',#6461,#5255,#5256);
#4441=AXIS2_PLACEMENT_3D('',#6465,#5259,#5260);
#4442=AXIS2_PLACEMENT_3D('',#6469,#5263,#5264);
#4443=AXIS2_PLACEMENT_3D('',#6473,#5267,#5268);
#4444=AXIS2_PLACEMENT_3D('',#6477,#5271,#5272);
#4445=AXIS2_PLACEMENT_3D('',#6479,#5274,#5275);
#4446=AXIS2_PLACEMENT_3D('',#6485,#5279,#5280);
#4447=AXIS2_PLACEMENT_3D('',#6489,#5283,#5284);
#4448=AXIS2_PLACEMENT_3D('',#6493,#5287,#5288);
#4449=AXIS2_PLACEMENT_3D('',#6497,#5291,#5292);
#4450=AXIS2_PLACEMENT_3D('',#6501,#5295,#5296);
#4451=AXIS2_PLACEMENT_3D('',#6505,#5299,#5300);
#4452=AXIS2_PLACEMENT_3D('',#6509,#5303,#5304);
#4453=AXIS2_PLACEMENT_3D('',#6513,#5307,#5308);
#4454=AXIS2_PLACEMENT_3D('',#6517,#5311,#5312);
#4455=AXIS2_PLACEMENT_3D('',#6521,#5315,#5316);
#4456=AXIS2_PLACEMENT_3D('',#6525,#5319,#5320);
#4457=AXIS2_PLACEMENT_3D('',#6529,#5323,#5324);
#4458=AXIS2_PLACEMENT_3D('',#6533,#5327,#5328);
#4459=AXIS2_PLACEMENT_3D('',#6539,#5332,#5333);
#4460=AXIS2_PLACEMENT_3D('',#6543,#5336,#5337);
#4461=AXIS2_PLACEMENT_3D('',#6547,#5340,#5341);
#4462=AXIS2_PLACEMENT_3D('',#6551,#5344,#5345);
#4463=AXIS2_PLACEMENT_3D('',#6555,#5348,#5349);
#4464=AXIS2_PLACEMENT_3D('',#6559,#5352,#5353);
#4465=AXIS2_PLACEMENT_3D('',#6563,#5356,#5357);
#4466=AXIS2_PLACEMENT_3D('',#6567,#5360,#5361);
#4467=AXIS2_PLACEMENT_3D('',#6571,#5364,#5365);
#4468=AXIS2_PLACEMENT_3D('',#6575,#5368,#5369);
#4469=AXIS2_PLACEMENT_3D('',#6579,#5372,#5373);
#4470=AXIS2_PLACEMENT_3D('',#6583,#5376,#5377);
#4471=AXIS2_PLACEMENT_3D('',#6587,#5380,#5381);
#4472=AXIS2_PLACEMENT_3D('',#6591,#5384,#5385);
#4473=AXIS2_PLACEMENT_3D('',#6595,#5388,#5389);
#4474=AXIS2_PLACEMENT_3D('',#6599,#5392,#5393);
#4475=AXIS2_PLACEMENT_3D('',#6603,#5396,#5397);
#4476=AXIS2_PLACEMENT_3D('',#6607,#5400,#5401);
#4477=AXIS2_PLACEMENT_3D('',#6611,#5404,#5405);
#4478=AXIS2_PLACEMENT_3D('',#6615,#5408,#5409);
#4479=AXIS2_PLACEMENT_3D('',#6619,#5412,#5413);
#4480=AXIS2_PLACEMENT_3D('',#6623,#5416,#5417);
#4481=AXIS2_PLACEMENT_3D('',#6627,#5420,#5421);
#4482=AXIS2_PLACEMENT_3D('',#6631,#5424,#5425);
#4483=AXIS2_PLACEMENT_3D('',#6635,#5428,#5429);
#4484=AXIS2_PLACEMENT_3D('',#6639,#5432,#5433);
#4485=AXIS2_PLACEMENT_3D('',#6641,#5435,#5436);
#4486=AXIS2_PLACEMENT_3D('',#6645,#5439,#5440);
#4487=AXIS2_PLACEMENT_3D('',#6649,#5443,#5444);
#4488=AXIS2_PLACEMENT_3D('',#6653,#5447,#5448);
#4489=AXIS2_PLACEMENT_3D('',#6657,#5451,#5452);
#4490=AXIS2_PLACEMENT_3D('',#6661,#5455,#5456);
#4491=AXIS2_PLACEMENT_3D('',#6665,#5459,#5460);
#4492=AXIS2_PLACEMENT_3D('',#6669,#5463,#5464);
#4493=AXIS2_PLACEMENT_3D('',#6673,#5467,#5468);
#4494=AXIS2_PLACEMENT_3D('',#6677,#5471,#5472);
#4495=AXIS2_PLACEMENT_3D('',#6681,#5475,#5476);
#4496=AXIS2_PLACEMENT_3D('',#6685,#5479,#5480);
#4497=AXIS2_PLACEMENT_3D('',#6689,#5483,#5484);
#4498=AXIS2_PLACEMENT_3D('',#6691,#5486,#5487);
#4499=AXIS2_PLACEMENT_3D('',#6700,#5492,#5493);
#4500=AXIS2_PLACEMENT_3D('',#6706,#5497,#5498);
#4501=AXIS2_PLACEMENT_3D('',#6712,#5502,#5503);
#4502=AXIS2_PLACEMENT_3D('',#6718,#5507,#5508);
#4503=AXIS2_PLACEMENT_3D('',#6724,#5512,#5513);
#4504=AXIS2_PLACEMENT_3D('',#6730,#5517,#5518);
#4505=AXIS2_PLACEMENT_3D('',#6736,#5522,#5523);
#4506=AXIS2_PLACEMENT_3D('',#6739,#5526,#5527);
#4507=AXIS2_PLACEMENT_3D('',#6740,#5528,#5529);
#4508=DIRECTION('axis',(0.,0.,1.));
#4509=DIRECTION('refdir',(1.,0.,0.));
#4510=DIRECTION('center_axis',(0.991445216150645,0.130523497394152,0.));
#4511=DIRECTION('ref_axis',(-0.130523497394152,0.991445216150645,0.));
#4512=DIRECTION('',(-0.130523497394152,0.991445216150645,0.));
#4513=DIRECTION('',(0.,0.,1.));
#4514=DIRECTION('',(-0.130523497394152,0.991445216150645,0.));
#4515=DIRECTION('',(0.,0.,1.));
#4516=DIRECTION('center_axis',(0.923878775443339,0.382685260083683,0.));
#4517=DIRECTION('ref_axis',(-0.382685260083683,0.923878775443339,0.));
#4518=DIRECTION('',(-0.382685260083683,0.923878775443339,0.));
#4519=DIRECTION('',(-0.382685260083683,0.923878775443339,0.));
#4520=DIRECTION('',(0.,0.,1.));
#4521=DIRECTION('center_axis',(0.793357357644631,0.608756193456074,0.));
#4522=DIRECTION('ref_axis',(-0.608756193456074,0.793357357644631,0.));
#4523=DIRECTION('',(-0.608756193456074,0.793357357644631,0.));
#4524=DIRECTION('',(-0.608756193456074,0.793357357644631,0.));
#4525=DIRECTION('',(0.,0.,1.));
#4526=DIRECTION('center_axis',(0.608759167218007,0.793355075819168,0.));
#4527=DIRECTION('ref_axis',(-0.793355075819168,0.608759167218007,0.));
#4528=DIRECTION('',(-0.793355075819168,0.608759167218007,0.));
#4529=DIRECTION('',(-0.793355075819168,0.608759167218007,0.));
#4530=DIRECTION('',(0.,0.,1.));
#4531=DIRECTION('center_axis',(0.382681696701575,0.923880251444744,0.));
#4532=DIRECTION('ref_axis',(-0.923880251444744,0.382681696701575,0.));
#4533=DIRECTION('',(-0.923880251444744,0.382681696701575,0.));
#4534=DIRECTION('',(-0.923880251444744,0.382681696701575,0.));
#4535=DIRECTION('',(0.,0.,1.));
#4536=DIRECTION('center_axis',(0.130528281543963,0.991444586306859,0.));
#4537=DIRECTION('ref_axis',(-0.991444586306859,0.130528281543963,0.));
#4538=DIRECTION('',(-0.991444586306859,0.130528281543963,0.));
#4539=DIRECTION('',(-0.991444586306859,0.130528281543963,0.));
#4540=DIRECTION('',(0.,0.,1.));
#4541=DIRECTION('center_axis',(-0.130528577022311,0.991444547405719,0.));
#4542=DIRECTION('ref_axis',(-0.991444547405719,-0.130528577022311,0.));
#4543=DIRECTION('',(-0.991444547405719,-0.130528577022311,0.));
#4544=DIRECTION('',(-0.991444547405719,-0.130528577022311,0.));
#4545=DIRECTION('',(0.,0.,1.));
#4546=DIRECTION('center_axis',(-0.382680889455673,0.923880585814755,0.));
#4547=DIRECTION('ref_axis',(-0.923880585814755,-0.382680889455673,0.));
#4548=DIRECTION('',(-0.923880585814755,-0.382680889455673,0.));
#4549=DIRECTION('',(-0.923880585814755,-0.382680889455673,0.));
#4550=DIRECTION('',(0.,0.,1.));
#4551=DIRECTION('center_axis',(-0.608760269941087,0.793354229673766,0.));
#4552=DIRECTION('ref_axis',(-0.793354229673766,-0.608760269941087,0.));
#4553=DIRECTION('',(-0.793354229673766,-0.608760269941087,0.));
#4554=DIRECTION('',(-0.793354229673766,-0.608760269941087,0.));
#4555=DIRECTION('',(0.,0.,1.));
#4556=DIRECTION('center_axis',(-0.793357357644631,0.608756193456074,0.));
#4557=DIRECTION('ref_axis',(-0.608756193456074,-0.793357357644631,0.));
#4558=DIRECTION('',(-0.608756193456074,-0.793357357644631,0.));
#4559=DIRECTION('',(-0.608756193456074,-0.793357357644631,0.));
#4560=DIRECTION('',(0.,0.,1.));
#4561=DIRECTION('center_axis',(-0.923878775443339,0.382685260083683,0.));
#4562=DIRECTION('ref_axis',(-0.382685260083683,-0.923878775443339,0.));
#4563=DIRECTION('',(-0.382685260083683,-0.923878775443339,0.));
#4564=DIRECTION('',(-0.382685260083683,-0.923878775443339,0.));
#4565=DIRECTION('',(0.,0.,1.));
#4566=DIRECTION('center_axis',(-0.991444625207736,0.130527986066941,0.));
#4567=DIRECTION('ref_axis',(-0.130527986066941,-0.991444625207736,0.));
#4568=DIRECTION('',(-0.130527986066941,-0.991444625207736,0.));
#4569=DIRECTION('',(-0.130527986066941,-0.991444625207736,0.));
#4570=DIRECTION('',(0.,0.,1.));
#4571=DIRECTION('center_axis',(-0.999999999999991,-1.32454787220655E-7,
0.));
#4572=DIRECTION('ref_axis',(1.32454787220655E-7,-0.999999999999991,0.));
#4573=DIRECTION('',(1.32454787220655E-7,-0.999999999999991,0.));
#4574=DIRECTION('',(1.32454787220655E-7,-0.999999999999991,0.));
#4575=DIRECTION('',(0.,0.,1.));
#4576=DIRECTION('center_axis',(-0.991445216150645,-0.130523497394152,0.));
#4577=DIRECTION('ref_axis',(0.130523497394152,-0.991445216150645,0.));
#4578=DIRECTION('',(0.130523497394152,-0.991445216150645,0.));
#4579=DIRECTION('',(0.130523497394152,-0.991445216150645,0.));
#4580=DIRECTION('',(0.,0.,1.));
#4581=DIRECTION('center_axis',(-0.923879444195936,-0.382683645577138,0.));
#4582=DIRECTION('ref_axis',(0.382683645577138,-0.923879444195936,0.));
#4583=DIRECTION('',(0.382683645577138,-0.923879444195936,0.));
#4584=DIRECTION('',(0.382683645577138,-0.923879444195936,0.));
#4585=DIRECTION('',(0.,0.,1.));
#4586=DIRECTION('center_axis',(-0.793352870376753,-0.608762041412708,0.));
#4587=DIRECTION('ref_axis',(0.608762041412708,-0.793352870376753,0.));
#4588=DIRECTION('',(0.608762041412708,-0.793352870376753,0.));
#4589=DIRECTION('',(0.608762041412708,-0.793352870376753,0.));
#4590=DIRECTION('',(0.,0.,1.));
#4591=DIRECTION('center_axis',(-0.608759167218007,-0.793355075819168,0.));
#4592=DIRECTION('ref_axis',(0.793355075819168,-0.608759167218007,0.));
#4593=DIRECTION('',(0.793355075819168,-0.608759167218007,0.));
#4594=DIRECTION('',(0.793355075819168,-0.608759167218007,0.));
#4595=DIRECTION('',(0.,0.,1.));
#4596=DIRECTION('center_axis',(-0.38268640170201,-0.923878302566073,0.));
#4597=DIRECTION('ref_axis',(0.923878302566073,-0.38268640170201,0.));
#4598=DIRECTION('',(0.923878302566073,-0.38268640170201,0.));
#4599=DIRECTION('',(0.923878302566073,-0.38268640170201,0.));
#4600=DIRECTION('',(0.,0.,1.));
#4601=DIRECTION('center_axis',(-0.130523792861365,-0.991445177252421,0.));
#4602=DIRECTION('ref_axis',(0.99144517725242,-0.130523792861365,0.));
#4603=DIRECTION('',(0.99144517725242,-0.130523792861365,0.));
#4604=DIRECTION('',(0.99144517725242,-0.130523792861365,0.));
#4605=DIRECTION('',(0.,0.,1.));
#4606=DIRECTION('center_axis',(0.130524088329904,-0.991445138353932,0.));
#4607=DIRECTION('ref_axis',(0.991445138353932,0.130524088329904,0.));
#4608=DIRECTION('',(0.991445138353932,0.130524088329904,0.));
#4609=DIRECTION('',(0.991445138353932,0.130524088329904,0.));
#4610=DIRECTION('',(0.,0.,1.));
#4611=DIRECTION('center_axis',(0.382684787196291,-0.923878971320665,0.));
#4612=DIRECTION('ref_axis',(0.923878971320665,0.382684787196291,0.));
#4613=DIRECTION('',(0.923878971320665,0.382684787196291,0.));
#4614=DIRECTION('',(0.923878971320665,0.382684787196291,0.));
#4615=DIRECTION('',(0.,0.,1.));
#4616=DIRECTION('center_axis',(0.608763144134862,-0.793352024225713,0.));
#4617=DIRECTION('ref_axis',(0.793352024225713,0.608763144134862,0.));
#4618=DIRECTION('',(0.793352024225713,0.608763144134862,0.));
#4619=DIRECTION('',(0.793352024225713,0.608763144134862,0.));
#4620=DIRECTION('',(0.,0.,1.));
#4621=DIRECTION('center_axis',(0.79335228079669,-0.608762809766407,0.));
#4622=DIRECTION('ref_axis',(0.608762809766407,0.79335228079669,0.));
#4623=DIRECTION('',(0.608762809766407,0.79335228079669,0.));
#4624=DIRECTION('',(0.608762809766407,0.79335228079669,0.));
#4625=DIRECTION('',(0.,0.,1.));
#4626=DIRECTION('center_axis',(0.923879444195936,-0.382683645577138,0.));
#4627=DIRECTION('ref_axis',(0.382683645577138,0.923879444195936,0.));
#4628=DIRECTION('',(0.382683645577138,0.923879444195936,0.));
#4629=DIRECTION('',(0.382683645577138,0.923879444195936,0.));
#4630=DIRECTION('',(0.,0.,1.));
#4631=DIRECTION('center_axis',(0.991444625207736,-0.130527986066941,0.));
#4632=DIRECTION('ref_axis',(0.130527986066941,0.991444625207736,0.));
#4633=DIRECTION('',(0.130527986066941,0.991444625207736,0.));
#4634=DIRECTION('',(0.130527986066941,0.991444625207736,0.));
#4635=DIRECTION('',(0.,0.,1.));
#4636=DIRECTION('center_axis',(0.999999999999991,1.32454787220655E-7,0.));
#4637=DIRECTION('ref_axis',(-1.32454787220655E-7,0.999999999999991,0.));
#4638=DIRECTION('',(-1.32454787220655E-7,0.999999999999991,0.));
#4639=DIRECTION('',(-1.32454787220655E-7,0.999999999999991,0.));
#4640=DIRECTION('center_axis',(0.991444772945302,0.130526863899497,0.));
#4641=DIRECTION('ref_axis',(-0.130526863899497,0.991444772945302,0.));
#4642=DIRECTION('',(-0.130526863899497,0.991444772945302,0.));
#4643=DIRECTION('',(0.,0.,1.));
#4644=DIRECTION('',(-0.130526863899497,0.991444772945302,0.));
#4645=DIRECTION('',(0.,0.,1.));
#4646=DIRECTION('center_axis',(0.923879179071195,0.382684285643839,0.));
#4647=DIRECTION('ref_axis',(-0.382684285643839,0.923879179071194,0.));
#4648=DIRECTION('',(-0.382684285643839,0.923879179071194,0.));
#4649=DIRECTION('',(-0.382684285643839,0.923879179071194,0.));
#4650=DIRECTION('',(0.,0.,1.));
#4651=DIRECTION('center_axis',(0.793356806289722,0.608756912004925,0.));
#4652=DIRECTION('ref_axis',(-0.608756912004925,0.793356806289722,0.));
#4653=DIRECTION('',(-0.608756912004925,0.793356806289722,0.));
#4654=DIRECTION('',(-0.608756912004925,0.793356806289722,0.));
#4655=DIRECTION('',(0.,0.,1.));
#4656=DIRECTION('center_axis',(0.608759718579195,0.793354652747042,0.));
#4657=DIRECTION('ref_axis',(-0.793354652747042,0.608759718579195,0.));
#4658=DIRECTION('',(-0.793354652747042,0.608759718579195,0.));
#4659=DIRECTION('',(-0.793354652747042,0.608759718579195,0.));
#4660=DIRECTION('',(0.,0.,1.));
#4661=DIRECTION('center_axis',(0.382681696701575,0.923880251444744,0.));
#4662=DIRECTION('ref_axis',(-0.923880251444744,0.382681696701575,0.));
#4663=DIRECTION('',(-0.923880251444744,0.382681696701575,0.));
#4664=DIRECTION('',(-0.923880251444744,0.382681696701575,0.));
#4665=DIRECTION('',(0.,0.,1.));
#4666=DIRECTION('center_axis',(0.130528281543963,0.991444586306859,0.));
#4667=DIRECTION('ref_axis',(-0.991444586306859,0.130528281543963,0.));
#4668=DIRECTION('',(-0.991444586306859,0.130528281543963,0.));
#4669=DIRECTION('',(-0.991444586306859,0.130528281543963,0.));
#4670=DIRECTION('',(0.,0.,1.));
#4671=DIRECTION('center_axis',(-0.130528577022311,0.991444547405719,0.));
#4672=DIRECTION('ref_axis',(-0.991444547405719,-0.130528577022311,0.));
#4673=DIRECTION('',(-0.991444547405719,-0.130528577022311,0.));
#4674=DIRECTION('',(-0.991444547405719,-0.130528577022311,0.));
#4675=DIRECTION('',(0.,0.,1.));
#4676=DIRECTION('center_axis',(-0.382680889455673,0.923880585814755,0.));
#4677=DIRECTION('ref_axis',(-0.923880585814755,-0.382680889455673,0.));
#4678=DIRECTION('',(-0.923880585814755,-0.382680889455673,0.));
#4679=DIRECTION('',(-0.923880585814755,-0.382680889455673,0.));
#4680=DIRECTION('',(0.,0.,1.));
#4681=DIRECTION('center_axis',(-0.608759167218007,0.793355075819168,0.));
#4682=DIRECTION('ref_axis',(-0.793355075819168,-0.608759167218007,0.));
#4683=DIRECTION('',(-0.793355075819168,-0.608759167218007,0.));
#4684=DIRECTION('',(-0.793355075819168,-0.608759167218007,0.));
#4685=DIRECTION('',(0.,0.,1.));
#4686=DIRECTION('center_axis',(-0.793358460354794,0.608754756353879,0.));
#4687=DIRECTION('ref_axis',(-0.608754756353879,-0.793358460354794,0.));
#4688=DIRECTION('',(-0.608754756353879,-0.793358460354794,0.));
#4689=DIRECTION('',(-0.608754756353879,-0.793358460354794,0.));
#4690=DIRECTION('',(0.,0.,1.));
#4691=DIRECTION('center_axis',(-0.923877968185603,0.382687208959539,0.));
#4692=DIRECTION('ref_axis',(-0.382687208959539,-0.923877968185603,0.));
#4693=DIRECTION('',(-0.382687208959539,-0.923877968185603,0.));
#4694=DIRECTION('',(-0.382687208959539,-0.923877968185603,0.));
#4695=DIRECTION('',(0.,0.,1.));
#4696=DIRECTION('center_axis',(-0.991445216150645,0.130523497394152,0.));
#4697=DIRECTION('ref_axis',(-0.130523497394152,-0.991445216150645,0.));
#4698=DIRECTION('',(-0.130523497394152,-0.991445216150645,0.));
#4699=DIRECTION('',(-0.130523497394152,-0.991445216150645,0.));
#4700=DIRECTION('',(0.,0.,1.));
#4701=DIRECTION('center_axis',(-1.,0.,0.));
#4702=DIRECTION('ref_axis',(0.,-1.,0.));
#4703=DIRECTION('',(0.,-1.,0.));
#4704=DIRECTION('',(0.,-1.,0.));
#4705=DIRECTION('',(0.,0.,1.));
#4706=DIRECTION('center_axis',(-0.991444920681643,-0.13052574173155,0.));
#4707=DIRECTION('ref_axis',(0.13052574173155,-0.991444920681643,0.));
#4708=DIRECTION('',(0.13052574173155,-0.991444920681643,0.));
#4709=DIRECTION('',(0.13052574173155,-0.991444920681643,0.));
#4710=DIRECTION('',(0.,0.,1.));
#4711=DIRECTION('center_axis',(-0.923879444195936,-0.382683645577138,0.));
#4712=DIRECTION('ref_axis',(0.382683645577138,-0.923879444195936,0.));
#4713=DIRECTION('',(0.382683645577138,-0.923879444195936,0.));
#4714=DIRECTION('',(0.382683645577138,-0.923879444195936,0.));
#4715=DIRECTION('',(0.,0.,1.));
#4716=DIRECTION('center_axis',(-0.79335228079669,-0.608762809766407,0.));
#4717=DIRECTION('ref_axis',(0.608762809766407,-0.79335228079669,0.));
#4718=DIRECTION('',(0.608762809766407,-0.79335228079669,0.));
#4719=DIRECTION('',(0.608762809766407,-0.79335228079669,0.));
#4720=DIRECTION('',(0.,0.,1.));
#4721=DIRECTION('center_axis',(-0.608762041412708,-0.793352870376753,0.));
#4722=DIRECTION('ref_axis',(0.793352870376753,-0.608762041412708,0.));
#4723=DIRECTION('',(0.793352870376753,-0.608762041412708,0.));
#4724=DIRECTION('',(0.793352870376753,-0.608762041412708,0.));
#4725=DIRECTION('',(0.,0.,1.));
#4726=DIRECTION('center_axis',(-0.382684787196291,-0.923878971320665,0.));
#4727=DIRECTION('ref_axis',(0.923878971320665,-0.382684787196291,0.));
#4728=DIRECTION('',(0.923878971320665,-0.382684787196291,0.));
#4729=DIRECTION('',(0.923878971320665,-0.382684787196291,0.));
#4730=DIRECTION('',(0.,0.,1.));
#4731=DIRECTION('center_axis',(-0.130524088329904,-0.991445138353932,0.));
#4732=DIRECTION('ref_axis',(0.991445138353932,-0.130524088329904,0.));
#4733=DIRECTION('',(0.991445138353932,-0.130524088329904,0.));
#4734=DIRECTION('',(0.991445138353932,-0.130524088329904,0.));
#4735=DIRECTION('',(0.,0.,1.));
#4736=DIRECTION('center_axis',(0.130524088329904,-0.991445138353932,0.));
#4737=DIRECTION('ref_axis',(0.991445138353932,0.130524088329904,0.));
#4738=DIRECTION('',(0.991445138353932,0.130524088329904,0.));
#4739=DIRECTION('',(0.991445138353932,0.130524088329904,0.));
#4740=DIRECTION('',(0.,0.,1.));
#4741=DIRECTION('center_axis',(0.382684787196291,-0.923878971320665,0.));
#4742=DIRECTION('ref_axis',(0.923878971320665,0.382684787196291,0.));
#4743=DIRECTION('',(0.923878971320665,0.382684787196291,0.));
#4744=DIRECTION('',(0.923878971320665,0.382684787196291,0.));
#4745=DIRECTION('',(0.,0.,1.));
#4746=DIRECTION('center_axis',(0.608763144134862,-0.793352024225713,0.));
#4747=DIRECTION('ref_axis',(0.793352024225713,0.608763144134862,0.));
#4748=DIRECTION('',(0.793352024225713,0.608763144134862,0.));
#4749=DIRECTION('',(0.793352024225713,0.608763144134862,0.));
#4750=DIRECTION('',(0.,0.,1.));
#4751=DIRECTION('center_axis',(0.793351729433325,-0.60876352831387,0.));
#4752=DIRECTION('ref_axis',(0.60876352831387,0.793351729433325,0.));
#4753=DIRECTION('',(0.60876352831387,0.793351729433325,0.));
#4754=DIRECTION('',(0.60876352831387,0.793351729433325,0.));
#4755=DIRECTION('',(0.,0.,1.));
#4756=DIRECTION('center_axis',(0.923879444195936,-0.382683645577138,0.));
#4757=DIRECTION('ref_axis',(0.382683645577138,0.923879444195936,0.));
#4758=DIRECTION('',(0.382683645577138,0.923879444195936,0.));
#4759=DIRECTION('',(0.382683645577138,0.923879444195936,0.));
#4760=DIRECTION('',(0.,0.,1.));
#4761=DIRECTION('center_axis',(0.991444920681643,-0.13052574173155,0.));
#4762=DIRECTION('ref_axis',(0.13052574173155,0.991444920681643,0.));
#4763=DIRECTION('',(0.13052574173155,0.991444920681643,0.));
#4764=DIRECTION('',(0.13052574173155,0.991444920681643,0.));
#4765=DIRECTION('',(0.,0.,1.));
#4766=DIRECTION('center_axis',(1.,3.3113696805164E-8,0.));
#4767=DIRECTION('ref_axis',(-3.3113696805164E-8,0.999999999999999,0.));
#4768=DIRECTION('',(-3.3113696805164E-8,0.999999999999999,0.));
#4769=DIRECTION('',(-3.3113696805164E-8,0.999999999999999,0.));
#4770=DIRECTION('center_axis',(-0.999999999999999,-4.47029084340001E-8,
0.));
#4771=DIRECTION('ref_axis',(4.47029084340001E-8,-0.999999999999999,0.));
#4772=DIRECTION('',(4.47029084340001E-8,-0.999999999999999,0.));
#4773=DIRECTION('',(0.,0.,1.));
#4774=DIRECTION('',(4.47029084340001E-8,-0.999999999999999,0.));
#4775=DIRECTION('',(0.,0.,1.));
#4776=DIRECTION('center_axis',(-5.18301269661888E-8,0.999999999999999,0.));
#4777=DIRECTION('ref_axis',(-0.999999999999999,-5.18301269661888E-8,0.));
#4778=DIRECTION('',(0.999999999999999,5.18301269661888E-8,0.));
#4779=DIRECTION('',(-0.999999999999999,-5.18301269661888E-8,0.));
#4780=DIRECTION('',(0.,0.,1.));
#4781=DIRECTION('center_axis',(1.,0.,0.));
#4782=DIRECTION('ref_axis',(0.,1.,0.));
#4783=DIRECTION('',(0.,1.,0.));
#4784=DIRECTION('',(0.,1.,0.));
#4785=DIRECTION('',(0.,0.,1.));
#4786=DIRECTION('center_axis',(0.999999999999997,7.20743526218547E-8,0.));
#4787=DIRECTION('ref_axis',(-7.20743526218547E-8,0.999999999999997,0.));
#4788=DIRECTION('',(7.20743526218547E-8,-0.999999999999997,0.));
#4789=DIRECTION('',(-7.20743526218547E-8,0.999999999999997,0.));
#4790=DIRECTION('',(0.,0.,1.));
#4791=DIRECTION('center_axis',(2.07320501315021E-7,-0.999999999999979,0.));
#4792=DIRECTION('ref_axis',(0.999999999999978,2.07320501315021E-7,0.));
#4793=DIRECTION('',(0.999999999999978,2.07320501315021E-7,0.));
#4794=DIRECTION('',(0.999999999999978,2.07320501315021E-7,0.));
#4795=DIRECTION('center_axis',(0.,0.,1.));
#4796=DIRECTION('ref_axis',(1.,0.,0.));
#4797=DIRECTION('center_axis',(0.,0.,1.));
#4798=DIRECTION('ref_axis',(1.,0.,0.));
#4799=DIRECTION('center_axis',(0.,0.793356768096179,0.608756961780304));
#4800=DIRECTION('ref_axis',(-1.95713060697137E-8,0.608756961780304,-0.793356768096178));
#4801=DIRECTION('',(1.,0.,0.));
#4802=DIRECTION('',(0.,0.608756961780304,-0.793356768096179));
#4803=DIRECTION('',(1.,0.,0.));
#4804=DIRECTION('',(0.,0.608756961780304,-0.793356768096179));
#4805=DIRECTION('center_axis',(0.,0.923878636944427,0.382685594447593));
#4806=DIRECTION('ref_axis',(-1.23031971174518E-8,0.382685594447593,-0.923878636944427));
#4807=DIRECTION('',(0.,0.382685594447593,-0.923878636944427));
#4808=DIRECTION('',(0.,0.382685594447593,-0.923878636944427));
#4809=DIRECTION('',(1.,0.,0.));
#4810=DIRECTION('center_axis',(0.,0.991444547405719,0.130528577022313));
#4811=DIRECTION('ref_axis',(-4.19644438114833E-9,0.130528577022313,-0.991444547405719));
#4812=DIRECTION('',(0.,0.130528577022313,-0.991444547405719));
#4813=DIRECTION('',(0.,0.130528577022313,-0.991444547405719));
#4814=DIRECTION('',(1.,0.,0.));
#4815=DIRECTION('center_axis',(0.,1.,0.));
#4816=DIRECTION('ref_axis',(0.,0.,-1.));
#4817=DIRECTION('',(0.,0.,-1.));
#4818=DIRECTION('',(0.,0.,-1.));
#4819=DIRECTION('',(-1.,0.,0.));
#4820=DIRECTION('center_axis',(0.,0.991444547405719,-0.130528577022313));
#4821=DIRECTION('ref_axis',(4.19644438114833E-9,-0.130528577022313,-0.991444547405719));
#4822=DIRECTION('',(0.,-0.130528577022313,-0.991444547405719));
#4823=DIRECTION('',(0.,-0.130528577022313,-0.991444547405719));
#4824=DIRECTION('',(1.,0.,0.));
#4825=DIRECTION('center_axis',(0.,0.793355075819168,-0.608759167218008));
#4826=DIRECTION('ref_axis',(1.95713769737017E-8,-0.608759167218008,-0.793355075819168));
#4827=DIRECTION('',(-1.,0.,0.));
#4828=DIRECTION('',(0.668609616192956,-0.452681593833374,-0.589949621356591));
#4829=DIRECTION('',(1.,0.,0.));
#4830=DIRECTION('',(0.,-0.608759167218008,-0.793355075819168));
#4831=DIRECTION('center_axis',(0.,0.923878636944428,-0.382685594447591));
#4832=DIRECTION('ref_axis',(1.23031971174518E-8,-0.382685594447591,-0.923878636944428));
#4833=DIRECTION('',(0.723172267014333,-0.264308579450529,-0.638093133523778));
#4834=DIRECTION('',(0.,-0.382685594447591,-0.923878636944428));
#4835=DIRECTION('',(0.,-0.382685594447591,-0.923878636944428));
#4836=DIRECTION('center_axis',(-1.,0.,0.));
#4837=DIRECTION('ref_axis',(0.,0.,1.));
#4838=DIRECTION('',(0.,0.,1.));
#4839=DIRECTION('center_axis',(1.,0.,0.));
#4840=DIRECTION('ref_axis',(0.,0.,1.));
#4841=DIRECTION('',(0.,-1.,0.));
#4842=DIRECTION('',(0.,0.,1.));
#4843=DIRECTION('',(0.,-1.,0.));
#4844=DIRECTION('',(0.,0.,1.));
#4845=DIRECTION('center_axis',(0.661621611870489,0.,0.749837877614819));
#4846=DIRECTION('ref_axis',(-0.749837877614818,-3.88641924008336E-8,0.661621611870488));
#4847=DIRECTION('',(-0.749837877614819,0.,0.661621611870489));
#4848=DIRECTION('',(0.,-1.,0.));
#4849=DIRECTION('',(-0.749837877614818,-3.88641924008336E-8,0.661621611870488));
#4850=DIRECTION('center_axis',(1.,0.,0.));
#4851=DIRECTION('ref_axis',(0.,0.,1.));
#4852=DIRECTION('',(0.,0.,1.));
#4853=DIRECTION('',(0.,0.,1.));
#4854=DIRECTION('',(0.,-1.,0.));
#4855=DIRECTION('center_axis',(-7.87775633265546E-14,0.,-1.));
#4856=DIRECTION('ref_axis',(0.999999999999999,5.18301269661888E-8,-7.87775633265545E-14));
#4857=DIRECTION('',(0.999999999999999,5.18301269661888E-8,-7.87775633265545E-14));
#4858=DIRECTION('',(1.,0.,-7.87775633265546E-14));
#4859=DIRECTION('',(0.,-1.,0.));
#4860=DIRECTION('center_axis',(-1.,0.,-5.98351784442602E-15));
#4861=DIRECTION('ref_axis',(5.98351784442602E-15,3.10126489581057E-22,-1.));
#4862=DIRECTION('',(5.98351784442602E-15,3.10126489581057E-22,-1.));
#4863=DIRECTION('',(5.98351784442602E-15,0.,-1.));
#4864=DIRECTION('',(0.,-1.,0.));
#4865=DIRECTION('center_axis',(0.,0.,1.));
#4866=DIRECTION('ref_axis',(-0.999999999999999,-5.18301269661888E-8,0.));
#4867=DIRECTION('',(-0.999999999999999,-5.18301269661888E-8,0.));
#4868=DIRECTION('',(-1.,0.,0.));
#4869=DIRECTION('center_axis',(-5.18301269661888E-8,0.999999999999999,0.));
#4870=DIRECTION('ref_axis',(0.,0.,1.));
#4871=DIRECTION('center_axis',(0.,-1.,0.));
#4872=DIRECTION('ref_axis',(0.,0.,-1.));
#4873=DIRECTION('center_axis',(0.,-0.991445729282527,-0.130519599629471));
#4874=DIRECTION('ref_axis',(4.196155761364E-9,-0.130519599629471,0.991445729282527));
#4875=DIRECTION('',(0.,-0.130519599629471,0.991445729282527));
#4876=DIRECTION('',(1.,0.,0.));
#4877=DIRECTION('',(0.,-0.130519599629471,0.991445729282527));
#4878=DIRECTION('',(1.,0.,0.));
#4879=DIRECTION('center_axis',(0.,-1.,0.));
#4880=DIRECTION('ref_axis',(0.,0.,1.));
#4881=DIRECTION('',(0.,0.,1.));
#4882=DIRECTION('',(0.,0.,1.));
#4883=DIRECTION('',(1.,0.,0.));
#4884=DIRECTION('center_axis',(0.,-0.991448157393045,0.130501154025306));
#4885=DIRECTION('ref_axis',(-4.19556274216681E-9,0.130501154025306,0.991448157393045));
#4886=DIRECTION('',(0.,0.130501154025306,0.991448157393045));
#4887=DIRECTION('',(0.,0.130501154025306,0.991448157393045));
#4888=DIRECTION('',(1.,0.,0.));
#4889=DIRECTION('center_axis',(0.,-0.991444092137473,0.130532035017084));
#4890=DIRECTION('ref_axis',(-4.19655555437228E-9,0.130532035017084,0.991444092137473));
#4891=DIRECTION('',(0.,0.130532035017084,0.991444092137473));
#4892=DIRECTION('',(0.,0.130532035017084,0.991444092137473));
#4893=DIRECTION('',(1.,0.,0.));
#4894=DIRECTION('center_axis',(0.,-0.923880251444744,0.382681696701576));
#4895=DIRECTION('ref_axis',(-1.23030718063916E-8,0.382681696701576,0.923880251444744));
#4896=DIRECTION('',(0.,0.382681696701576,0.923880251444744));
#4897=DIRECTION('',(0.,0.382681696701576,0.923880251444744));
#4898=DIRECTION('',(1.,0.,0.));
#4899=DIRECTION('center_axis',(0.,-0.793352357235747,0.608762710149435));
#4900=DIRECTION('ref_axis',(-1.9571490877607E-8,0.608762710149434,0.793352357235746));
#4901=DIRECTION('',(-0.999999999999996,-5.18301269661886E-8,-6.75461106912414E-8));
#4902=DIRECTION('',(0.,0.608762710149435,0.793352357235747));
#4903=DIRECTION('',(0.,0.608762710149435,0.793352357235747));
#4904=DIRECTION('center_axis',(0.,-0.923880251444745,-0.382681696701574));
#4905=DIRECTION('ref_axis',(1.23030718063916E-8,-0.382681696701574,0.923880251444744));
#4906=DIRECTION('',(0.,-0.382681696701574,0.923880251444745));
#4907=DIRECTION('',(-0.723172869855178,-0.264305645849739,0.638093665442134));
#4908=DIRECTION('',(1.,0.,0.));
#4909=DIRECTION('',(0.,-0.382681696701574,0.923880251444745));
#4910=DIRECTION('center_axis',(0.,-0.793350664936187,-0.608764915583438));
#4911=DIRECTION('ref_axis',(1.9571561781476E-8,-0.608764915583438,0.793350664936187));
#4912=DIRECTION('',(-0.668607560648786,-0.452686993520399,0.589947807641271));
#4913=DIRECTION('',(0.999999999999996,5.18301269661886E-8,-6.75457219030831E-8));
#4914=DIRECTION('',(0.,-0.608764915583438,0.793350664936187));
#4915=DIRECTION('center_axis',(-1.,0.,0.));
#4916=DIRECTION('ref_axis',(0.,0.,1.));
#4917=DIRECTION('',(0.,0.,-1.));
#4918=DIRECTION('center_axis',(1.,0.,0.));
#4919=DIRECTION('ref_axis',(0.,0.,1.));
#4920=DIRECTION('',(0.,0.,1.));
#4921=DIRECTION('',(0.,-1.,0.));
#4922=DIRECTION('',(0.,0.,1.));
#4923=DIRECTION('',(0.,-1.,0.));
#4924=DIRECTION('center_axis',(0.661621611870489,0.,0.749837877614819));
#4925=DIRECTION('ref_axis',(-0.749837877614818,-3.88641924008336E-8,0.661621611870488));
#4926=DIRECTION('',(-0.749837877614819,0.,0.661621611870489));
#4927=DIRECTION('',(0.,-1.,0.));
#4928=DIRECTION('',(-0.749837877614818,-3.88641924008336E-8,0.661621611870488));
#4929=DIRECTION('center_axis',(1.,0.,0.));
#4930=DIRECTION('ref_axis',(0.,0.,1.));
#4931=DIRECTION('',(0.,0.,1.));
#4932=DIRECTION('',(0.,0.,1.));
#4933=DIRECTION('',(0.,-1.,0.));
#4934=DIRECTION('center_axis',(-7.87775633265546E-14,0.,-1.));
#4935=DIRECTION('ref_axis',(0.999999999999999,5.18301269661888E-8,-7.87775633265545E-14));
#4936=DIRECTION('',(0.999999999999999,5.18301269661888E-8,-7.87775633265545E-14));
#4937=DIRECTION('',(1.,0.,-7.87775633265546E-14));
#4938=DIRECTION('',(0.,-1.,0.));
#4939=DIRECTION('center_axis',(-1.,0.,-5.98351784442602E-15));
#4940=DIRECTION('ref_axis',(5.98351784442602E-15,3.10126489581057E-22,-1.));
#4941=DIRECTION('',(5.98351784442602E-15,3.10126489581057E-22,-1.));
#4942=DIRECTION('',(5.98351784442602E-15,0.,-1.));
#4943=DIRECTION('',(0.,-1.,0.));
#4944=DIRECTION('center_axis',(0.,0.,1.));
#4945=DIRECTION('ref_axis',(-0.999999999999999,-5.18301269661888E-8,0.));
#4946=DIRECTION('',(-0.999999999999999,-5.18301269661888E-8,0.));
#4947=DIRECTION('',(-1.,0.,0.));
#4948=DIRECTION('center_axis',(-5.18301269661888E-8,0.999999999999999,0.));
#4949=DIRECTION('ref_axis',(0.,0.,1.));
#4950=DIRECTION('center_axis',(0.,-1.,0.));
#4951=DIRECTION('ref_axis',(0.,0.,-1.));
#4952=DIRECTION('center_axis',(1.,0.,0.));
#4953=DIRECTION('ref_axis',(0.,0.,-1.));
#4954=DIRECTION('',(0.,0.,-1.));
#4955=DIRECTION('',(0.,0.130528577022313,-0.991444547405719));
#4956=DIRECTION('',(0.,0.382685594447593,-0.923878636944427));
#4957=DIRECTION('',(0.,0.608756961780304,-0.793356768096179));
#4958=DIRECTION('',(0.,0.793355075819168,-0.608759167218007));
#4959=DIRECTION('',(0.,0.923880251444745,-0.382681696701573));
#4960=DIRECTION('',(0.,0.991444547405719,-0.130528577022312));
#4961=DIRECTION('',(0.,0.991444625207736,0.130527986066942));
#4962=DIRECTION('',(0.,0.923880251444745,0.382681696701574));
#4963=DIRECTION('',(0.,0.793353383523766,0.608761372666985));
#4964=DIRECTION('',(0.,0.608759835976854,0.793354562665038));
#4965=DIRECTION('',(0.,0.382685594447594,0.923878636944427));
#4966=DIRECTION('',(0.,0.130524088329905,0.991445138353932));
#4967=DIRECTION('',(0.,0.,1.));
#4968=DIRECTION('',(0.,-0.130524088329905,0.991445138353932));
#4969=DIRECTION('',(0.,-0.382685594447592,0.923878636944427));
#4970=DIRECTION('',(0.,-0.608762041412708,0.793352870376752));
#4971=DIRECTION('',(0.,-0.793353383523766,0.608761372666985));
#4972=DIRECTION('',(0.,-0.923877022433308,0.382689492173179));
#4973=DIRECTION('',(0.,-0.991445216150645,0.130523497394152));
#4974=DIRECTION('',(0.,-0.991445138353932,-0.130524088329905));
#4975=DIRECTION('',(0.,-0.923877022433308,-0.382689492173177));
#4976=DIRECTION('',(0.,-0.793355075819168,-0.608759167218007));
#4977=DIRECTION('',(0.,-0.608759167218008,-0.793355075819168));
#4978=DIRECTION('',(0.,-0.382685594447591,-0.923878636944428));
#4979=DIRECTION('',(0.,-0.130528577022313,-0.991444547405719));
#4980=DIRECTION('',(0.,0.382685594447594,-0.923878636944427));
#4981=DIRECTION('',(0.,0.130528577022311,-0.991444547405719));
#4982=DIRECTION('',(0.,0.,-1.));
#4983=DIRECTION('',(0.,-0.130528577022311,-0.991444547405719));
#4984=DIRECTION('',(0.,-0.382685594447594,-0.923878636944427));
#4985=DIRECTION('',(0.,-0.608759167218007,-0.793355075819168));
#4986=DIRECTION('',(0.,-0.793355075819168,-0.608759167218007));
#4987=DIRECTION('',(0.,-0.923877022433308,-0.382689492173178));
#4988=DIRECTION('',(0.,-0.991445138353932,-0.130524088329904));
#4989=DIRECTION('',(0.,-0.991445216150645,0.130523497394152));
#4990=DIRECTION('',(0.,-0.923877022433308,0.382689492173178));
#4991=DIRECTION('',(0.,-0.793353383523766,0.608761372666985));
#4992=DIRECTION('',(0.,-0.608762041412708,0.793352870376753));
#4993=DIRECTION('',(0.,-0.382685594447594,0.923878636944427));
#4994=DIRECTION('',(0.,-0.130524088329904,0.991445138353932));
#4995=DIRECTION('',(0.,0.,1.));
#4996=DIRECTION('',(0.,0.130524088329904,0.991445138353932));
#4997=DIRECTION('',(0.,0.382685594447594,0.923878636944427));
#4998=DIRECTION('',(0.,0.608759835976855,0.793354562665038));
#4999=DIRECTION('',(0.,0.793353383523766,0.608761372666985));
#5000=DIRECTION('',(0.,0.923880251444744,0.382681696701575));
#5001=DIRECTION('',(0.,0.991444625207736,0.130527986066941));
#5002=DIRECTION('',(0.,0.991444547405719,-0.130528577022311));
#5003=DIRECTION('',(0.,0.923880251444744,-0.382681696701575));
#5004=DIRECTION('',(0.,0.793355075819168,-0.608759167218007));
#5005=DIRECTION('',(0.,0.608756961780306,-0.793356768096177));
#5006=DIRECTION('center_axis',(0.,-1.,0.));
#5007=DIRECTION('ref_axis',(0.,0.,1.));
#5008=DIRECTION('',(1.,0.,0.));
#5009=DIRECTION('',(0.,0.,1.));
#5010=DIRECTION('',(1.,0.,0.));
#5011=DIRECTION('center_axis',(0.,-0.991445138353932,0.130524088329905));
#5012=DIRECTION('ref_axis',(-4.19630007138517E-9,0.130524088329905,0.991445138353932));
#5013=DIRECTION('',(1.,0.,0.));
#5014=DIRECTION('',(-4.19630007138517E-9,0.130524088329905,0.991445138353932));
#5015=DIRECTION('center_axis',(0.,-0.923878636944427,0.382685594447594));
#5016=DIRECTION('ref_axis',(-1.23031971174519E-8,0.382685594447594,0.923878636944427));
#5017=DIRECTION('',(1.,0.,0.));
#5018=DIRECTION('',(-1.23031971174519E-8,0.382685594447594,0.923878636944427));
#5019=DIRECTION('center_axis',(0.,-0.793354562665038,0.608759835976854));
#5020=DIRECTION('ref_axis',(-1.95713984740457E-8,0.608759835976854,0.793354562665038));
#5021=DIRECTION('',(1.,0.,0.));
#5022=DIRECTION('',(-1.95713984740457E-8,0.608759835976854,0.793354562665038));
#5023=DIRECTION('center_axis',(0.,-0.608761372666985,0.793353383523766));
#5024=DIRECTION('ref_axis',(-2.55060112084437E-8,0.793353383523766,0.608761372666985));
#5025=DIRECTION('',(1.,0.,0.));
#5026=DIRECTION('',(-2.55060112084437E-8,0.793353383523766,0.608761372666985));
#5027=DIRECTION('center_axis',(0.,-0.382681696701574,0.923880251444745));
#5028=DIRECTION('ref_axis',(-2.97024006426306E-8,0.923880251444744,0.382681696701574));
#5029=DIRECTION('',(1.,0.,0.));
#5030=DIRECTION('',(-2.97024006426306E-8,0.923880251444744,0.382681696701574));
#5031=DIRECTION('center_axis',(0.,-0.130527986066942,0.991444625207736));
#5032=DIRECTION('ref_axis',(-3.18745697040848E-8,0.991444625207736,0.130527986066942));
#5033=DIRECTION('',(1.,0.,0.));
#5034=DIRECTION('',(-3.18745697040848E-8,0.991444625207736,0.130527986066942));
#5035=DIRECTION('center_axis',(0.,0.130528577022312,0.991444547405719));
#5036=DIRECTION('ref_axis',(-3.18745672027793E-8,0.991444547405718,-0.130528577022312));
#5037=DIRECTION('',(1.,0.,0.));
#5038=DIRECTION('',(-3.18745672027793E-8,0.991444547405718,-0.130528577022312));
#5039=DIRECTION('center_axis',(0.,0.382681696701573,0.923880251444745));
#5040=DIRECTION('ref_axis',(-2.97024006426306E-8,0.923880251444744,-0.382681696701573));
#5041=DIRECTION('',(1.,0.,0.));
#5042=DIRECTION('',(-2.97024006426306E-8,0.923880251444744,-0.382681696701573));
#5043=DIRECTION('center_axis',(0.,0.608759167218007,0.793355075819168));
#5044=DIRECTION('ref_axis',(-2.55060656151008E-8,0.793355075819168,-0.608759167218007));
#5045=DIRECTION('',(1.,0.,0.));
#5046=DIRECTION('',(-2.55060656151008E-8,0.793355075819168,-0.608759167218007));
#5047=DIRECTION('center_axis',(0.,0.793356768096179,0.608756961780304));
#5048=DIRECTION('ref_axis',(-1.95713060697137E-8,0.608756961780304,-0.793356768096178));
#5049=DIRECTION('',(1.,0.,0.));
#5050=DIRECTION('',(-1.95713060697137E-8,0.608756961780304,-0.793356768096178));
#5051=DIRECTION('center_axis',(0.,0.923878636944427,0.382685594447593));
#5052=DIRECTION('ref_axis',(-1.23031971174518E-8,0.382685594447593,-0.923878636944427));
#5053=DIRECTION('',(1.,0.,0.));
#5054=DIRECTION('',(-1.23031971174518E-8,0.382685594447593,-0.923878636944427));
#5055=DIRECTION('center_axis',(0.,0.991444547405719,0.130528577022313));
#5056=DIRECTION('ref_axis',(-4.19644438114833E-9,0.130528577022313,-0.991444547405719));
#5057=DIRECTION('',(1.,0.,0.));
#5058=DIRECTION('',(-4.19644438114833E-9,0.130528577022313,-0.991444547405719));
#5059=DIRECTION('center_axis',(1.,0.,0.));
#5060=DIRECTION('ref_axis',(0.,0.,-1.));
#5061=DIRECTION('',(0.,-0.130528577022311,-0.991444547405719));
#5062=DIRECTION('',(0.,0.,-1.));
#5063=DIRECTION('',(0.,0.130528577022311,-0.991444547405719));
#5064=DIRECTION('',(0.,0.382681696701576,-0.923880251444744));
#5065=DIRECTION('',(0.,0.608756961780304,-0.793356768096178));
#5066=DIRECTION('',(0.,0.793355075819168,-0.608759167218008));
#5067=DIRECTION('',(0.,0.92388092018265,-0.382680082212884));
#5068=DIRECTION('',(0.,0.991444469602645,-0.130529167982987));
#5069=DIRECTION('',(0.,0.991444625207736,0.130527986066942));
#5070=DIRECTION('',(0.,0.923879582698375,0.382683311202719));
#5071=DIRECTION('',(0.,0.793355075819167,0.608759167218009));
#5072=DIRECTION('',(0.,0.608762710149435,0.793352357235747));
#5073=DIRECTION('',(0.,0.382681696701576,0.923880251444744));
#5074=DIRECTION('',(0.,0.130532035017084,0.991444092137473));
#5075=DIRECTION('',(0.,0.130501154025306,0.991448157393045));
#5076=DIRECTION('',(0.,0.,1.));
#5077=DIRECTION('',(0.,-0.130519599629471,0.991445729282527));
#5078=DIRECTION('',(0.,-0.382681696701574,0.923880251444745));
#5079=DIRECTION('',(0.,-0.608764915583438,0.793350664936187));
#5080=DIRECTION('',(0.,-0.793355075819168,0.608759167218007));
#5081=DIRECTION('',(0.,-0.923877968185604,0.382687208959537));
#5082=DIRECTION('',(0.,-0.991444625207736,0.130527986066942));
#5083=DIRECTION('',(0.,-0.991444469602645,-0.130529167982987));
#5084=DIRECTION('',(0.,-0.923879305694787,-0.382683979948102));
#5085=DIRECTION('',(0.,-0.793355075819168,-0.608759167218007));
#5086=DIRECTION('',(0.,-0.608759167218007,-0.793355075819168));
#5087=DIRECTION('',(0.,-0.382681696701574,-0.923880251444745));
#5088=DIRECTION('',(0.,0.130528577022311,-0.991444547405719));
#5089=DIRECTION('',(0.,0.,-1.));
#5090=DIRECTION('',(0.,-0.130528577022311,-0.991444547405719));
#5091=DIRECTION('',(0.,-0.382681696701575,-0.923880251444744));
#5092=DIRECTION('',(0.,-0.608759167218007,-0.793355075819168));
#5093=DIRECTION('',(0.,-0.793355075819168,-0.608759167218007));
#5094=DIRECTION('',(0.,-0.923879305694786,-0.382683979948102));
#5095=DIRECTION('',(0.,-0.991444469602645,-0.130529167982986));
#5096=DIRECTION('',(0.,-0.991444625207736,0.130527986066941));
#5097=DIRECTION('',(0.,-0.923877968185603,0.382687208959539));
#5098=DIRECTION('',(0.,-0.793355075819168,0.608759167218007));
#5099=DIRECTION('',(0.,-0.608764915583438,0.793350664936187));
#5100=DIRECTION('',(0.,-0.382681696701575,0.923880251444744));
#5101=DIRECTION('',(0.,-0.13051959962947,0.991445729282527));
#5102=DIRECTION('',(0.,0.,1.));
#5103=DIRECTION('',(0.,0.130501154025314,0.991448157393044));
#5104=DIRECTION('',(0.,0.130532035017082,0.991444092137474));
#5105=DIRECTION('',(0.,0.382681696701575,0.923880251444744));
#5106=DIRECTION('',(0.,0.608762710149434,0.793352357235747));
#5107=DIRECTION('',(0.,0.793355075819168,0.608759167218007));
#5108=DIRECTION('',(0.,0.923879582698375,0.382683311202719));
#5109=DIRECTION('',(0.,0.991444625207736,0.130527986066941));
#5110=DIRECTION('',(0.,0.991444469602645,-0.130529167982986));
#5111=DIRECTION('',(0.,0.92388092018265,-0.382680082212885));
#5112=DIRECTION('',(0.,0.793355075819168,-0.608759167218007));
#5113=DIRECTION('',(0.,0.608756961780306,-0.793356768096177));
#5114=DIRECTION('',(0.,0.382681696701575,-0.923880251444744));
#5115=DIRECTION('center_axis',(0.,-0.991448157393045,0.130501154025306));
#5116=DIRECTION('ref_axis',(-4.19556274216681E-9,0.130501154025306,0.991448157393045));
#5117=DIRECTION('',(1.,0.,0.));
#5118=DIRECTION('',(-4.19556274216681E-9,0.130501154025306,0.991448157393045));
#5119=DIRECTION('',(1.,0.,0.));
#5120=DIRECTION('center_axis',(0.,-0.991444092137473,0.130532035017084));
#5121=DIRECTION('ref_axis',(-4.19655555437228E-9,0.130532035017084,0.991444092137473));
#5122=DIRECTION('',(1.,0.,0.));
#5123=DIRECTION('',(-4.19655555437228E-9,0.130532035017084,0.991444092137473));
#5124=DIRECTION('center_axis',(0.,-0.923880251444744,0.382681696701576));
#5125=DIRECTION('ref_axis',(-1.23030718063916E-8,0.382681696701576,0.923880251444744));
#5126=DIRECTION('',(1.,0.,0.));
#5127=DIRECTION('',(-1.23030718063916E-8,0.382681696701576,0.923880251444744));
#5128=DIRECTION('center_axis',(0.,-0.793352357235747,0.608762710149435));
#5129=DIRECTION('ref_axis',(-1.9571490877607E-8,0.608762710149434,0.793352357235746));
#5130=DIRECTION('',(1.,0.,0.));
#5131=DIRECTION('',(-1.9571490877607E-8,0.608762710149434,0.793352357235746));
#5132=DIRECTION('center_axis',(0.,-0.608759167218009,0.793355075819167));
#5133=DIRECTION('ref_axis',(-2.55060656151008E-8,0.793355075819167,0.608759167218008));
#5134=DIRECTION('',(1.,0.,0.));
#5135=DIRECTION('',(-2.55060656151008E-8,0.793355075819167,0.608759167218009));
#5136=DIRECTION('center_axis',(0.,-0.382683311202719,0.923879582698375));
#5137=DIRECTION('ref_axis',(-2.97023791426877E-8,0.923879582698375,0.382683311202718));
#5138=DIRECTION('',(1.,0.,0.));
#5139=DIRECTION('',(-2.97023791426877E-8,0.923879582698375,0.382683311202718));
#5140=DIRECTION('center_axis',(0.,-0.130527986066942,0.991444625207736));
#5141=DIRECTION('ref_axis',(-3.18745697040848E-8,0.991444625207736,0.130527986066942));
#5142=DIRECTION('',(1.,0.,0.));
#5143=DIRECTION('',(-3.18745697040848E-8,0.991444625207736,0.130527986066942));
#5144=DIRECTION('center_axis',(0.,0.130529167982987,0.991444469602645));
#5145=DIRECTION('ref_axis',(-3.18745647014399E-8,0.991444469602644,-0.130529167982987));
#5146=DIRECTION('',(1.,0.,0.));
#5147=DIRECTION('',(-3.18745647014399E-8,0.991444469602644,-0.130529167982987));
#5148=DIRECTION('center_axis',(0.,0.382680082212885,0.92388092018265));
#5149=DIRECTION('ref_axis',(-2.97024221423013E-8,0.923880920182649,-0.382680082212884));
#5150=DIRECTION('',(1.,0.,0.));
#5151=DIRECTION('',(-2.97024221423013E-8,0.923880920182649,-0.382680082212884));
#5152=DIRECTION('center_axis',(0.,0.608759167218008,0.793355075819168));
#5153=DIRECTION('ref_axis',(-2.55060656151008E-8,0.793355075819168,-0.608759167218008));
#5154=DIRECTION('',(1.,0.,0.));
#5155=DIRECTION('',(-2.55060656151008E-8,0.793355075819168,-0.608759167218008));
#5156=DIRECTION('center_axis',(0.,0.793356768096178,0.608756961780304));
#5157=DIRECTION('ref_axis',(-1.95713060697137E-8,0.608756961780304,-0.793356768096178));
#5158=DIRECTION('',(1.,0.,0.));
#5159=DIRECTION('',(-1.95713060697137E-8,0.608756961780304,-0.793356768096178));
#5160=DIRECTION('center_axis',(0.,0.923880251444744,0.382681696701576));
#5161=DIRECTION('ref_axis',(-1.23030718063916E-8,0.382681696701576,-0.923880251444744));
#5162=DIRECTION('',(1.,0.,0.));
#5163=DIRECTION('',(-1.23030718063916E-8,0.382681696701576,-0.923880251444744));
#5164=DIRECTION('center_axis',(0.,0.991444547405719,0.130528577022311));
#5165=DIRECTION('ref_axis',(-4.19644438114828E-9,0.130528577022311,-0.991444547405719));
#5166=DIRECTION('',(1.,0.,0.));
#5167=DIRECTION('',(-4.19644438114828E-9,0.130528577022311,-0.991444547405719));
#5168=DIRECTION('center_axis',(0.,1.,0.));
#5169=DIRECTION('ref_axis',(0.,0.,-1.));
#5170=DIRECTION('',(1.,0.,0.));
#5171=DIRECTION('',(0.,0.,-1.));
#5172=DIRECTION('center_axis',(0.,-0.991445138353932,-0.130524088329905));
#5173=DIRECTION('ref_axis',(4.19630007138517E-9,-0.130524088329905,0.991445138353932));
#5174=DIRECTION('',(4.19630007138517E-9,-0.130524088329905,0.991445138353932));
#5175=DIRECTION('',(1.,0.,0.));
#5176=DIRECTION('center_axis',(0.,-0.923878636944427,-0.382685594447592));
#5177=DIRECTION('ref_axis',(1.23031971174518E-8,-0.382685594447592,0.923878636944427));
#5178=DIRECTION('',(1.23031971174518E-8,-0.382685594447592,0.923878636944427));
#5179=DIRECTION('',(1.,0.,0.));
#5180=DIRECTION('center_axis',(0.,-0.793352870376752,-0.608762041412708));
#5181=DIRECTION('ref_axis',(1.95714693779742E-8,-0.608762041412708,0.793352870376752));
#5182=DIRECTION('',(1.95714693779742E-8,-0.608762041412708,0.793352870376752));
#5183=DIRECTION('',(1.,0.,0.));
#5184=DIRECTION('center_axis',(0.,-0.608761372666985,-0.793353383523766));
#5185=DIRECTION('ref_axis',(2.55060112084437E-8,-0.793353383523766,0.608761372666985));
#5186=DIRECTION('',(2.55060112084437E-8,-0.793353383523766,0.608761372666985));
#5187=DIRECTION('',(1.,0.,0.));
#5188=DIRECTION('center_axis',(0.,-0.382689492173179,-0.923877022433308));
#5189=DIRECTION('ref_axis',(2.97022968311342E-8,-0.923877022433307,0.382689492173178));
#5190=DIRECTION('',(2.97022968311342E-8,-0.923877022433307,0.382689492173178));
#5191=DIRECTION('',(1.,0.,0.));
#5192=DIRECTION('center_axis',(0.,-0.130523497394152,-0.991445216150645));
#5193=DIRECTION('ref_axis',(3.18745887026758E-8,-0.991445216150644,0.130523497394152));
#5194=DIRECTION('',(3.18745887026758E-8,-0.991445216150644,0.130523497394152));
#5195=DIRECTION('',(1.,0.,0.));
#5196=DIRECTION('center_axis',(0.,0.130524088329905,-0.991445138353932));
#5197=DIRECTION('ref_axis',(3.18745862015409E-8,-0.991445138353931,-0.130524088329905));
#5198=DIRECTION('',(3.18745862015409E-8,-0.991445138353931,-0.130524088329905));
#5199=DIRECTION('',(1.,0.,0.));
#5200=DIRECTION('center_axis',(0.,0.382689492173177,-0.923877022433308));
#5201=DIRECTION('ref_axis',(2.97022968311342E-8,-0.923877022433308,-0.382689492173177));
#5202=DIRECTION('',(2.97022968311342E-8,-0.923877022433308,-0.382689492173177));
#5203=DIRECTION('',(1.,0.,0.));
#5204=DIRECTION('center_axis',(0.,0.608759167218007,-0.793355075819168));
#5205=DIRECTION('ref_axis',(2.55060656151008E-8,-0.793355075819168,-0.608759167218007));
#5206=DIRECTION('',(2.55060656151008E-8,-0.793355075819168,-0.608759167218007));
#5207=DIRECTION('',(1.,0.,0.));
#5208=DIRECTION('center_axis',(0.,0.793355075819168,-0.608759167218008));
#5209=DIRECTION('ref_axis',(1.95713769737017E-8,-0.608759167218008,-0.793355075819168));
#5210=DIRECTION('',(1.95713769737017E-8,-0.608759167218008,-0.793355075819168));
#5211=DIRECTION('',(1.,0.,0.));
#5212=DIRECTION('center_axis',(0.,0.923878636944428,-0.382685594447591));
#5213=DIRECTION('ref_axis',(1.23031971174518E-8,-0.382685594447591,-0.923878636944428));
#5214=DIRECTION('',(1.23031971174518E-8,-0.382685594447591,-0.923878636944428));
#5215=DIRECTION('',(1.,0.,0.));
#5216=DIRECTION('center_axis',(0.,0.991444547405719,-0.130528577022313));
#5217=DIRECTION('ref_axis',(4.19644438114833E-9,-0.130528577022313,-0.991444547405719));
#5218=DIRECTION('',(4.19644438114833E-9,-0.130528577022313,-0.991444547405719));
#5219=DIRECTION('',(-1.,0.,0.));
#5220=DIRECTION('center_axis',(0.,1.,0.));
#5221=DIRECTION('ref_axis',(0.,0.,-1.));
#5222=DIRECTION('',(0.,0.,-1.));
#5223=DIRECTION('center_axis',(0.,-1.,0.));
#5224=DIRECTION('ref_axis',(0.,0.,1.));
#5225=DIRECTION('',(0.,0.,1.));
#5226=DIRECTION('',(1.,0.,0.));
#5227=DIRECTION('center_axis',(0.,-0.991445729282527,-0.130519599629471));
#5228=DIRECTION('ref_axis',(4.196155761364E-9,-0.130519599629471,0.991445729282527));
#5229=DIRECTION('',(4.196155761364E-9,-0.130519599629471,0.991445729282527));
#5230=DIRECTION('',(1.,0.,0.));
#5231=DIRECTION('center_axis',(0.,-0.923880251444745,-0.382681696701574));
#5232=DIRECTION('ref_axis',(1.23030718063916E-8,-0.382681696701574,0.923880251444744));
#5233=DIRECTION('',(1.23030718063916E-8,-0.382681696701574,0.923880251444744));
#5234=DIRECTION('',(1.,0.,0.));
#5235=DIRECTION('center_axis',(0.,-0.793350664936187,-0.608764915583438));
#5236=DIRECTION('ref_axis',(1.9571561781476E-8,-0.608764915583438,0.793350664936187));
#5237=DIRECTION('',(1.9571561781476E-8,-0.608764915583438,0.793350664936187));
#5238=DIRECTION('',(1.,0.,0.));
#5239=DIRECTION('center_axis',(0.,-0.608759167218007,-0.793355075819168));
#5240=DIRECTION('ref_axis',(2.55060656151008E-8,-0.793355075819168,0.608759167218007));
#5241=DIRECTION('',(2.55060656151008E-8,-0.793355075819168,0.608759167218007));
#5242=DIRECTION('',(1.,0.,0.));
#5243=DIRECTION('center_axis',(0.,-0.382687208959537,-0.923877968185604));
#5244=DIRECTION('ref_axis',(2.97023272367128E-8,-0.923877968185603,0.382687208959537));
#5245=DIRECTION('',(2.97023272367128E-8,-0.923877968185603,0.382687208959537));
#5246=DIRECTION('',(1.,0.,0.));
#5247=DIRECTION('center_axis',(0.,-0.130527986066942,-0.991444625207736));
#5248=DIRECTION('ref_axis',(3.18745697040848E-8,-0.991444625207736,0.130527986066942));
#5249=DIRECTION('',(3.18745697040848E-8,-0.991444625207736,0.130527986066942));
#5250=DIRECTION('',(1.,0.,0.));
#5251=DIRECTION('center_axis',(0.,0.130529167982987,-0.991444469602645));
#5252=DIRECTION('ref_axis',(3.18745647014399E-8,-0.991444469602644,-0.130529167982987));
#5253=DIRECTION('',(3.18745647014399E-8,-0.991444469602644,-0.130529167982987));
#5254=DIRECTION('',(1.,0.,0.));
#5255=DIRECTION('center_axis',(0.,0.382683979948102,-0.923879305694787));
#5256=DIRECTION('ref_axis',(2.97023702371271E-8,-0.923879305694786,-0.382683979948101));
#5257=DIRECTION('',(2.97023702371271E-8,-0.923879305694786,-0.382683979948101));
#5258=DIRECTION('',(1.,0.,0.));
#5259=DIRECTION('center_axis',(0.,0.608759167218007,-0.793355075819168));
#5260=DIRECTION('ref_axis',(2.55060656151008E-8,-0.793355075819168,-0.608759167218007));
#5261=DIRECTION('',(2.55060656151008E-8,-0.793355075819168,-0.608759167218007));
#5262=DIRECTION('',(1.,0.,0.));
#5263=DIRECTION('center_axis',(0.,0.793355075819168,-0.608759167218007));
#5264=DIRECTION('ref_axis',(1.95713769737017E-8,-0.608759167218007,-0.793355075819168));
#5265=DIRECTION('',(1.95713769737017E-8,-0.608759167218007,-0.793355075819168));
#5266=DIRECTION('',(1.,0.,0.));
#5267=DIRECTION('center_axis',(0.,0.923880251444745,-0.382681696701574));
#5268=DIRECTION('ref_axis',(1.23030718063916E-8,-0.382681696701574,-0.923880251444745));
#5269=DIRECTION('',(1.23030718063916E-8,-0.382681696701574,-0.923880251444745));
#5270=DIRECTION('',(-1.,0.,0.));
#5271=DIRECTION('center_axis',(0.,0.991444547405719,-0.130528577022311));
#5272=DIRECTION('ref_axis',(4.19644438114828E-9,-0.130528577022311,-0.991444547405719));
#5273=DIRECTION('',(4.19644438114828E-9,-0.130528577022311,-0.991444547405719));
#5274=DIRECTION('center_axis',(0.,-0.793352870376753,-0.608762041412708));
#5275=DIRECTION('ref_axis',(0.,0.608762041412708,-0.793352870376753));
#5276=DIRECTION('',(1.,0.,0.));
#5277=DIRECTION('',(-2.72134579085153E-8,0.608762041412707,-0.793352870376753));
#5278=DIRECTION('',(1.,0.,0.));
#5279=DIRECTION('center_axis',(0.,-0.608761372666985,-0.793353383523766));
#5280=DIRECTION('ref_axis',(0.,0.793353383523766,-0.608761372666985));
#5281=DIRECTION('',(1.,0.,0.));
#5282=DIRECTION('',(-3.54652350843035E-8,0.793353383523766,-0.608761372666985));
#5283=DIRECTION('center_axis',(0.,-0.382689492173178,-0.923877022433308));
#5284=DIRECTION('ref_axis',(0.,0.923877022433308,-0.382689492173178));
#5285=DIRECTION('',(1.,0.,0.));
#5286=DIRECTION('',(-4.13000265330085E-8,0.923877022433307,-0.382689492173178));
#5287=DIRECTION('center_axis',(0.,-0.130523497394152,-0.991445216150645));
#5288=DIRECTION('ref_axis',(0.,0.991445216150645,-0.130523497394152));
#5289=DIRECTION('',(1.,0.,0.));
#5290=DIRECTION('',(-4.43205239861908E-8,0.991445216150644,-0.130523497394152));
#5291=DIRECTION('center_axis',(0.,0.130524088329904,-0.991445138353932));
#5292=DIRECTION('ref_axis',(0.,0.991445138353932,0.130524088329904));
#5293=DIRECTION('',(1.,0.,0.));
#5294=DIRECTION('',(-4.43205205084484E-8,0.991445138353931,0.130524088329904));
#5295=DIRECTION('center_axis',(0.,0.382689492173178,-0.923877022433308));
#5296=DIRECTION('ref_axis',(0.,0.923877022433308,0.382689492173178));
#5297=DIRECTION('',(1.,0.,0.));
#5298=DIRECTION('',(-4.13000265330085E-8,0.923877022433307,0.382689492173178));
#5299=DIRECTION('center_axis',(0.,0.608759167218007,-0.793355075819168));
#5300=DIRECTION('ref_axis',(0.,0.793355075819168,0.608759167218007));
#5301=DIRECTION('',(1.,0.,0.));
#5302=DIRECTION('',(-3.54653107348969E-8,0.793355075819168,0.608759167218007));
#5303=DIRECTION('center_axis',(0.,0.793355075819168,-0.608759167218007));
#5304=DIRECTION('ref_axis',(0.,0.608759167218007,0.793355075819168));
#5305=DIRECTION('',(1.,0.,0.));
#5306=DIRECTION('',(-2.72133294235389E-8,0.608759167218007,0.793355075819168));
#5307=DIRECTION('center_axis',(0.,0.923878636944427,-0.382685594447594));
#5308=DIRECTION('ref_axis',(0.,0.382685594447594,0.923878636944427));
#5309=DIRECTION('',(1.,0.,0.));
#5310=DIRECTION('',(-1.71071742458306E-8,0.382685594447594,0.923878636944427));
#5311=DIRECTION('center_axis',(0.,0.991444547405719,-0.130528577022311));
#5312=DIRECTION('ref_axis',(0.,0.130528577022311,0.991444547405719));
#5313=DIRECTION('',(1.,0.,0.));
#5314=DIRECTION('',(-5.83501219690356E-9,0.130528577022311,0.991444547405719));
#5315=DIRECTION('center_axis',(0.,1.,0.));
#5316=DIRECTION('ref_axis',(0.,0.,1.));
#5317=DIRECTION('',(1.,0.,0.));
#5318=DIRECTION('',(0.,0.,1.));
#5319=DIRECTION('center_axis',(0.,0.991444547405719,0.130528577022311));
#5320=DIRECTION('ref_axis',(0.,-0.130528577022311,0.991444547405719));
#5321=DIRECTION('',(1.,0.,0.));
#5322=DIRECTION('',(5.83501219690356E-9,-0.130528577022311,0.991444547405719));
#5323=DIRECTION('center_axis',(0.,0.923878636944427,0.382685594447594));
#5324=DIRECTION('ref_axis',(0.,-0.382685594447594,0.923878636944427));
#5325=DIRECTION('',(1.,0.,0.));
#5326=DIRECTION('',(1.71071742458306E-8,-0.382685594447594,0.923878636944427));
#5327=DIRECTION('center_axis',(0.,-0.991445729282527,-0.13051959962947));
#5328=DIRECTION('ref_axis',(0.,0.13051959962947,-0.991445729282527));
#5329=DIRECTION('',(1.,0.,0.));
#5330=DIRECTION('',(-5.83454372203595E-9,0.13051959962947,-0.991445729282527));
#5331=DIRECTION('',(1.,0.,0.));
#5332=DIRECTION('center_axis',(0.,-0.923880251444744,-0.382681696701575));
#5333=DIRECTION('ref_axis',(0.,0.382681696701575,-0.923880251444744));
#5334=DIRECTION('',(1.,0.,0.));
#5335=DIRECTION('',(-1.71068030959857E-8,0.382681696701574,-0.923880251444744));
#5336=DIRECTION('center_axis',(0.,-0.793350664936187,-0.608764915583438));
#5337=DIRECTION('ref_axis',(0.,0.608764915583438,-0.793350664936187));
#5338=DIRECTION('',(1.,0.,0.));
#5339=DIRECTION('',(-2.72132731520509E-8,0.608764915583437,-0.793350664936187));
#5340=DIRECTION('center_axis',(0.,-0.608759167218007,-0.793355075819168));
#5341=DIRECTION('ref_axis',(0.,0.793355075819168,-0.608759167218007));
#5342=DIRECTION('',(1.,0.,0.));
#5343=DIRECTION('',(-3.54649025135449E-8,0.793355075819168,-0.608759167218007));
#5344=DIRECTION('center_axis',(0.,-0.382687208959539,-0.923877968185603));
#5345=DIRECTION('ref_axis',(0.,0.923877968185603,-0.382687208959539));
#5346=DIRECTION('',(1.,0.,0.));
#5347=DIRECTION('',(-4.12995934289361E-8,0.923877968185602,-0.382687208959539));
#5348=DIRECTION('center_axis',(0.,-0.130527986066941,-0.991444625207736));
#5349=DIRECTION('ref_axis',(0.,0.991444625207736,-0.130527986066941));
#5350=DIRECTION('',(1.,0.,0.));
#5351=DIRECTION('',(-4.43199874208468E-8,0.991444625207735,-0.130527986066941));
#5352=DIRECTION('center_axis',(0.,0.130529167982986,-0.991444469602645));
#5353=DIRECTION('ref_axis',(0.,0.991444469602645,0.130529167982986));
#5354=DIRECTION('',(1.,0.,0.));
#5355=DIRECTION('',(-4.43199804649205E-8,0.991444469602644,0.130529167982986));
#5356=DIRECTION('center_axis',(0.,0.382683979948102,-0.923879305694786));
#5357=DIRECTION('ref_axis',(0.,0.923879305694786,0.382683979948102));
#5358=DIRECTION('',(1.,0.,0.));
#5359=DIRECTION('',(-4.12996532188514E-8,0.923879305694786,0.382683979948102));
#5360=DIRECTION('center_axis',(0.,0.608759167218007,-0.793355075819168));
#5361=DIRECTION('ref_axis',(0.,0.793355075819168,0.608759167218007));
#5362=DIRECTION('',(1.,0.,0.));
#5363=DIRECTION('',(-3.54649025135449E-8,0.793355075819168,0.608759167218007));
#5364=DIRECTION('center_axis',(0.,0.793355075819168,-0.608759167218007));
#5365=DIRECTION('ref_axis',(0.,0.608759167218007,0.793355075819168));
#5366=DIRECTION('',(1.,0.,0.));
#5367=DIRECTION('',(-2.72130161861275E-8,0.608759167218007,0.793355075819168));
#5368=DIRECTION('center_axis',(0.,0.923880251444744,-0.382681696701575));
#5369=DIRECTION('ref_axis',(0.,0.382681696701575,0.923880251444744));
#5370=DIRECTION('',(1.,0.,0.));
#5371=DIRECTION('',(-1.71068030959857E-8,0.382681696701574,0.923880251444744));
#5372=DIRECTION('center_axis',(0.,0.991444547405719,-0.130528577022311));
#5373=DIRECTION('ref_axis',(0.,0.130528577022311,0.991444547405719));
#5374=DIRECTION('',(1.,0.,0.));
#5375=DIRECTION('',(-5.83494503334237E-9,0.130528577022311,0.991444547405719));
#5376=DIRECTION('center_axis',(0.,1.,0.));
#5377=DIRECTION('ref_axis',(0.,0.,1.));
#5378=DIRECTION('',(1.,0.,0.));
#5379=DIRECTION('',(0.,0.,1.));
#5380=DIRECTION('center_axis',(0.,0.991444547405719,0.130528577022311));
#5381=DIRECTION('ref_axis',(0.,-0.130528577022311,0.991444547405719));
#5382=DIRECTION('',(1.,0.,0.));
#5383=DIRECTION('',(5.83494503334237E-9,-0.130528577022311,0.991444547405719));
#5384=DIRECTION('center_axis',(0.,-0.923878636944427,-0.382685594447594));
#5385=DIRECTION('ref_axis',(0.,0.382685594447594,-0.923878636944427));
#5386=DIRECTION('',(-1.71071742458306E-8,0.382685594447594,-0.923878636944427));
#5387=DIRECTION('',(1.,0.,0.));
#5388=DIRECTION('center_axis',(0.,-0.991445138353932,-0.130524088329904));
#5389=DIRECTION('ref_axis',(0.,0.130524088329904,-0.991445138353932));
#5390=DIRECTION('',(-5.83481153912009E-9,0.130524088329904,-0.991445138353932));
#5391=DIRECTION('',(1.,0.,0.));
#5392=DIRECTION('center_axis',(0.,-1.,0.));
#5393=DIRECTION('ref_axis',(0.,0.,-1.));
#5394=DIRECTION('',(0.,0.,-1.));
#5395=DIRECTION('',(1.,0.,0.));
#5396=DIRECTION('center_axis',(0.,-0.991445138353932,0.130524088329904));
#5397=DIRECTION('ref_axis',(0.,-0.130524088329904,-0.991445138353932));
#5398=DIRECTION('',(5.83481153912009E-9,-0.130524088329904,-0.991445138353932));
#5399=DIRECTION('',(1.,0.,0.));
#5400=DIRECTION('center_axis',(0.,-0.923878636944427,0.382685594447594));
#5401=DIRECTION('ref_axis',(0.,-0.382685594447594,-0.923878636944427));
#5402=DIRECTION('',(1.71071742458306E-8,-0.382685594447594,-0.923878636944427));
#5403=DIRECTION('',(1.,0.,0.));
#5404=DIRECTION('center_axis',(0.,-0.793354562665038,0.608759835976855));
#5405=DIRECTION('ref_axis',(0.,-0.608759835976855,-0.793354562665038));
#5406=DIRECTION('',(2.72133593190309E-8,-0.608759835976854,-0.793354562665037));
#5407=DIRECTION('',(1.,0.,0.));
#5408=DIRECTION('center_axis',(0.,-0.608761372666985,0.793353383523766));
#5409=DIRECTION('ref_axis',(0.,-0.793353383523766,-0.608761372666985));
#5410=DIRECTION('',(3.54652350843035E-8,-0.793353383523766,-0.608761372666985));
#5411=DIRECTION('',(1.,0.,0.));
#5412=DIRECTION('center_axis',(0.,-0.382681696701575,0.923880251444744));
#5413=DIRECTION('ref_axis',(0.,-0.923880251444744,-0.382681696701575));
#5414=DIRECTION('',(4.13001708793389E-8,-0.923880251444744,-0.382681696701574));
#5415=DIRECTION('',(1.,0.,0.));
#5416=DIRECTION('center_axis',(0.,-0.130527986066941,0.991444625207736));
#5417=DIRECTION('ref_axis',(0.,-0.991444625207736,-0.130527986066941));
#5418=DIRECTION('',(4.43204975693006E-8,-0.991444625207735,-0.130527986066941));
#5419=DIRECTION('',(1.,0.,0.));
#5420=DIRECTION('center_axis',(0.,0.130528577022311,0.991444547405719));
#5421=DIRECTION('ref_axis',(0.,-0.991444547405719,0.130528577022311));
#5422=DIRECTION('',(4.43204940913211E-8,-0.991444547405718,0.130528577022311));
#5423=DIRECTION('',(1.,0.,0.));
#5424=DIRECTION('center_axis',(0.,0.382681696701575,0.923880251444744));
#5425=DIRECTION('ref_axis',(0.,-0.923880251444744,0.382681696701575));
#5426=DIRECTION('',(4.13001708793389E-8,-0.923880251444744,0.382681696701574));
#5427=DIRECTION('',(1.,0.,0.));
#5428=DIRECTION('center_axis',(0.,0.608759167218007,0.793355075819168));
#5429=DIRECTION('ref_axis',(0.,-0.793355075819168,0.608759167218007));
#5430=DIRECTION('',(3.54653107348969E-8,-0.793355075819168,0.608759167218007));
#5431=DIRECTION('',(1.,0.,0.));
#5432=DIRECTION('center_axis',(0.,0.793356768096177,0.608756961780306));
#5433=DIRECTION('ref_axis',(0.,-0.608756961780306,0.793356768096177));
#5434=DIRECTION('',(2.72132308339719E-8,-0.608756961780305,0.793356768096177));
#5435=DIRECTION('center_axis',(0.,-1.,0.));
#5436=DIRECTION('ref_axis',(0.,0.,-1.));
#5437=DIRECTION('',(0.,0.,-1.));
#5438=DIRECTION('',(1.,0.,0.));
#5439=DIRECTION('center_axis',(0.,-0.991448157393044,0.130501154025314));
#5440=DIRECTION('ref_axis',(0.,-0.130501154025314,-0.991448157393044));
#5441=DIRECTION('',(5.83371915864289E-9,-0.130501154025314,-0.991448157393044));
#5442=DIRECTION('',(1.,0.,0.));
#5443=DIRECTION('center_axis',(0.,-0.991444092137474,0.130532035017082));
#5444=DIRECTION('ref_axis',(0.,-0.130532035017082,-0.991444092137474));
#5445=DIRECTION('',(5.83509961412362E-9,-0.130532035017082,-0.991444092137474));
#5446=DIRECTION('',(1.,0.,0.));
#5447=DIRECTION('center_axis',(0.,-0.923880251444744,0.382681696701575));
#5448=DIRECTION('ref_axis',(0.,-0.382681696701575,-0.923880251444744));
#5449=DIRECTION('',(1.71068030959857E-8,-0.382681696701574,-0.923880251444744));
#5450=DIRECTION('',(1.,0.,0.));
#5451=DIRECTION('center_axis',(0.,-0.793352357235747,0.608762710149434));
#5452=DIRECTION('ref_axis',(0.,-0.608762710149434,-0.793352357235747));
#5453=DIRECTION('',(2.7213174563784E-8,-0.608762710149434,-0.793352357235747));
#5454=DIRECTION('',(1.,0.,0.));
#5455=DIRECTION('center_axis',(0.,-0.608759167218007,0.793355075819168));
#5456=DIRECTION('ref_axis',(0.,-0.793355075819168,-0.608759167218007));
#5457=DIRECTION('',(3.54649025135449E-8,-0.793355075819168,-0.608759167218007));
#5458=DIRECTION('',(1.,0.,0.));
#5459=DIRECTION('center_axis',(0.,-0.382683311202719,0.923879582698375));
#5460=DIRECTION('ref_axis',(0.,-0.923879582698375,-0.382683311202719));
#5461=DIRECTION('',(4.12996656015859E-8,-0.923879582698374,-0.382683311202718));
#5462=DIRECTION('',(1.,0.,0.));
#5463=DIRECTION('center_axis',(0.,-0.130527986066941,0.991444625207736));
#5464=DIRECTION('ref_axis',(0.,-0.991444625207736,-0.130527986066941));
#5465=DIRECTION('',(4.43199874208468E-8,-0.991444625207735,-0.130527986066941));
#5466=DIRECTION('',(1.,0.,0.));
#5467=DIRECTION('center_axis',(0.,0.130529167982986,0.991444469602645));
#5468=DIRECTION('ref_axis',(0.,-0.991444469602645,0.130529167982986));
#5469=DIRECTION('',(4.43199804649205E-8,-0.991444469602644,0.130529167982986));
#5470=DIRECTION('',(1.,0.,0.));
#5471=DIRECTION('center_axis',(0.,0.382680082212885,0.92388092018265));
#5472=DIRECTION('ref_axis',(0.,-0.92388092018265,0.382680082212885));
#5473=DIRECTION('',(4.12997253903877E-8,-0.923880920182649,0.382680082212884));
#5474=DIRECTION('',(1.,0.,0.));
#5475=DIRECTION('center_axis',(0.,0.608759167218007,0.793355075819168));
#5476=DIRECTION('ref_axis',(0.,-0.793355075819168,0.608759167218007));
#5477=DIRECTION('',(3.54649025135449E-8,-0.793355075819168,0.608759167218007));
#5478=DIRECTION('',(1.,0.,0.));
#5479=DIRECTION('center_axis',(0.,0.793356768096177,0.608756961780306));
#5480=DIRECTION('ref_axis',(0.,-0.608756961780306,0.793356768096177));
#5481=DIRECTION('',(2.72129175976953E-8,-0.608756961780305,0.793356768096177));
#5482=DIRECTION('',(1.,0.,0.));
#5483=DIRECTION('center_axis',(0.,0.923880251444744,0.382681696701575));
#5484=DIRECTION('ref_axis',(0.,-0.382681696701575,0.923880251444744));
#5485=DIRECTION('',(1.71068030959857E-8,-0.382681696701574,0.923880251444744));
#5486=DIRECTION('center_axis',(7.94728627078984E-7,-0.999999999999684,0.));
#5487=DIRECTION('ref_axis',(-0.999999999999684,-7.94728627078984E-7,0.));
#5488=DIRECTION('',(0.999999999999684,7.94728627078984E-7,0.));
#5489=DIRECTION('',(0.,0.,-1.));
#5490=DIRECTION('',(-0.999999999999684,-7.94728627078984E-7,0.));
#5491=DIRECTION('',(0.,0.,-1.));
#5492=DIRECTION('center_axis',(1.,3.21496217677373E-8,0.));
#5493=DIRECTION('ref_axis',(3.21496217677373E-8,-0.999999999999999,0.));
#5494=DIRECTION('',(3.21496217677373E-8,-0.999999999999999,0.));
#5495=DIRECTION('',(3.21496217677373E-8,-0.999999999999999,0.));
#5496=DIRECTION('',(0.,0.,-1.));
#5497=DIRECTION('center_axis',(-1.98682141356697E-7,0.99999999999998,0.));
#5498=DIRECTION('ref_axis',(0.99999999999998,1.98682141356697E-7,0.));
#5499=DIRECTION('',(0.99999999999998,1.98682141356697E-7,0.));
#5500=DIRECTION('',(0.99999999999998,1.98682141356697E-7,0.));
#5501=DIRECTION('',(0.,0.,-1.));
#5502=DIRECTION('center_axis',(-0.999999999999999,-4.47029480441373E-8,
0.));
#5503=DIRECTION('ref_axis',(-4.47029480441373E-8,0.999999999999999,0.));
#5504=DIRECTION('',(4.47029480441373E-8,-0.999999999999999,0.));
#5505=DIRECTION('',(-4.47029480441373E-8,0.999999999999999,0.));
#5506=DIRECTION('',(0.,0.,-1.));
#5507=DIRECTION('center_axis',(0.,-1.,0.));
#5508=DIRECTION('ref_axis',(-1.,0.,0.));
#5509=DIRECTION('',(1.,0.,0.));
#5510=DIRECTION('',(-1.,0.,0.));
#5511=DIRECTION('',(0.,0.,-1.));
#5512=DIRECTION('center_axis',(-0.999999999999998,-6.69715210303969E-8,
0.));
#5513=DIRECTION('ref_axis',(-6.69715210303969E-8,0.999999999999998,0.));
#5514=DIRECTION('',(6.69715210303969E-8,-0.999999999999998,0.));
#5515=DIRECTION('',(-6.69715210303969E-8,0.999999999999998,0.));
#5516=DIRECTION('',(0.,0.,-1.));
#5517=DIRECTION('center_axis',(0.,1.,0.));
#5518=DIRECTION('ref_axis',(1.,0.,0.));
#5519=DIRECTION('',(1.,0.,0.));
#5520=DIRECTION('',(1.,0.,0.));
#5521=DIRECTION('',(0.,0.,-1.));
#5522=DIRECTION('center_axis',(-0.999999999999999,-4.470243349351E-8,0.));
#5523=DIRECTION('ref_axis',(-4.470243349351E-8,0.999999999999999,0.));
#5524=DIRECTION('',(4.470243349351E-8,-0.999999999999999,0.));
#5525=DIRECTION('',(-4.470243349351E-8,0.999999999999999,0.));
#5526=DIRECTION('center_axis',(0.,0.,1.));
#5527=DIRECTION('ref_axis',(1.,0.,0.));
#5528=DIRECTION('center_axis',(0.,0.,-1.));
#5529=DIRECTION('ref_axis',(-1.,0.,0.));
#5530=CARTESIAN_POINT('',(0.,0.,0.));
#5531=CARTESIAN_POINT('Origin',(32.1362996101379,-90.6545734405518,0.));
#5532=CARTESIAN_POINT('',(32.1362996101379,-90.6545734405518,0.));
#5533=CARTESIAN_POINT('',(32.0000052452087,-89.6192932128906,0.));
#5534=CARTESIAN_POINT('',(32.0000052452087,-89.6192932128906,0.));
#5535=CARTESIAN_POINT('',(32.0000052452087,-89.6192932128906,10.));
#5536=CARTESIAN_POINT('',(32.0000052452087,-89.6192932128906,0.));
#5537=CARTESIAN_POINT('',(32.1362996101379,-90.6545734405518,10.));
#5538=CARTESIAN_POINT('',(32.0000052452087,-89.6192932128906,10.));
#5539=CARTESIAN_POINT('',(32.1362996101379,-90.6545734405518,0.));
#5540=CARTESIAN_POINT('Origin',(32.5359010696411,-91.619291305542,0.));
#5541=CARTESIAN_POINT('',(32.5359010696411,-91.619291305542,0.));
#5542=CARTESIAN_POINT('',(32.1362996101379,-90.6545734405518,0.));
#5543=CARTESIAN_POINT('',(32.5359010696411,-91.619291305542,10.));
#5544=CARTESIAN_POINT('',(32.1362996101379,-90.6545734405518,10.));
#5545=CARTESIAN_POINT('',(32.5359010696411,-91.619291305542,0.));
#5546=CARTESIAN_POINT('Origin',(33.1715750694275,-92.4477291107178,0.));
#5547=CARTESIAN_POINT('',(33.1715750694275,-92.4477291107178,0.));
#5548=CARTESIAN_POINT('',(32.5359010696411,-91.619291305542,0.));
#5549=CARTESIAN_POINT('',(33.1715750694275,-92.4477291107178,10.));
#5550=CARTESIAN_POINT('',(32.5359010696411,-91.619291305542,10.));
#5551=CARTESIAN_POINT('',(33.1715750694275,-92.4477291107178,0.));
#5552=CARTESIAN_POINT('Origin',(34.0000033378601,-93.0834007263184,0.));
#5553=CARTESIAN_POINT('',(34.0000033378601,-93.0834007263184,0.));
#5554=CARTESIAN_POINT('',(33.1715750694275,-92.4477291107178,0.));
#5555=CARTESIAN_POINT('',(34.0000033378601,-93.0834007263184,10.));
#5556=CARTESIAN_POINT('',(33.1715750694275,-92.4477291107178,10.));
#5557=CARTESIAN_POINT('',(34.0000033378601,-93.0834007263184,0.));
#5558=CARTESIAN_POINT('Origin',(34.9647259712219,-93.4829998016357,0.));
#5559=CARTESIAN_POINT('',(34.9647259712219,-93.4829998016357,0.));
#5560=CARTESIAN_POINT('',(34.0000033378601,-93.0834007263184,0.));
#5561=CARTESIAN_POINT('',(34.9647259712219,-93.4829998016357,10.));
#5562=CARTESIAN_POINT('',(34.0000033378601,-93.0834007263184,10.));
#5563=CARTESIAN_POINT('',(34.9647259712219,-93.4829998016357,0.));
#5564=CARTESIAN_POINT('Origin',(36.0000038146973,-93.6192989349365,0.));
#5565=CARTESIAN_POINT('',(36.0000038146973,-93.6192989349365,0.));
#5566=CARTESIAN_POINT('',(34.9647259712219,-93.4829998016357,0.));
#5567=CARTESIAN_POINT('',(36.0000038146973,-93.6192989349365,10.));
#5568=CARTESIAN_POINT('',(34.9647259712219,-93.4829998016357,10.));
#5569=CARTESIAN_POINT('',(36.0000038146973,-93.6192989349365,0.));
#5570=CARTESIAN_POINT('Origin',(37.0352792739868,-93.4829998016357,0.));
#5571=CARTESIAN_POINT('',(37.0352792739868,-93.4829998016357,0.));
#5572=CARTESIAN_POINT('',(36.0000038146973,-93.6192989349365,0.));
#5573=CARTESIAN_POINT('',(37.0352792739868,-93.4829998016357,10.));
#5574=CARTESIAN_POINT('',(36.0000038146973,-93.6192989349365,10.));
#5575=CARTESIAN_POINT('',(37.0352792739868,-93.4829998016357,0.));
#5576=CARTESIAN_POINT('Origin',(38.0000042915344,-93.0834007263184,0.));
#5577=CARTESIAN_POINT('',(38.0000042915344,-93.0834007263184,0.));
#5578=CARTESIAN_POINT('',(37.0352792739868,-93.4829998016357,0.));
#5579=CARTESIAN_POINT('',(38.0000042915344,-93.0834007263184,10.));
#5580=CARTESIAN_POINT('',(37.0352792739868,-93.4829998016357,10.));
#5581=CARTESIAN_POINT('',(38.0000042915344,-93.0834007263184,0.));
#5582=CARTESIAN_POINT('Origin',(38.8284301757813,-92.4477291107178,0.));
#5583=CARTESIAN_POINT('',(38.8284301757813,-92.4477291107178,0.));
#5584=CARTESIAN_POINT('',(38.0000042915344,-93.0834007263184,0.));
#5585=CARTESIAN_POINT('',(38.8284301757813,-92.4477291107178,10.));
#5586=CARTESIAN_POINT('',(38.0000042915344,-93.0834007263184,10.));
#5587=CARTESIAN_POINT('',(38.8284301757813,-92.4477291107178,0.));
#5588=CARTESIAN_POINT('Origin',(39.4641041755676,-91.619291305542,0.));
#5589=CARTESIAN_POINT('',(39.4641041755676,-91.619291305542,0.));
#5590=CARTESIAN_POINT('',(38.8284301757813,-92.4477291107178,0.));
#5591=CARTESIAN_POINT('',(39.4641041755676,-91.619291305542,10.));
#5592=CARTESIAN_POINT('',(38.8284301757813,-92.4477291107178,10.));
#5593=CARTESIAN_POINT('',(39.4641041755676,-91.619291305542,0.));
#5594=CARTESIAN_POINT('Origin',(39.8637056350708,-90.6545734405518,0.));
#5595=CARTESIAN_POINT('',(39.8637056350708,-90.6545734405518,0.));
#5596=CARTESIAN_POINT('',(39.4641041755676,-91.619291305542,0.));
#5597=CARTESIAN_POINT('',(39.8637056350708,-90.6545734405518,10.));
#5598=CARTESIAN_POINT('',(39.4641041755676,-91.619291305542,10.));
#5599=CARTESIAN_POINT('',(39.8637056350708,-90.6545734405518,0.));
#5600=CARTESIAN_POINT('Origin',(40.0000047683716,-89.6192932128906,0.));
#5601=CARTESIAN_POINT('',(40.0000047683716,-89.6192932128906,0.));
#5602=CARTESIAN_POINT('',(39.8637056350708,-90.6545734405518,0.));
#5603=CARTESIAN_POINT('',(40.0000047683716,-89.6192932128906,10.));
#5604=CARTESIAN_POINT('',(39.8637056350708,-90.6545734405518,10.));
#5605=CARTESIAN_POINT('',(40.0000047683716,-89.6192932128906,0.));
#5606=CARTESIAN_POINT('Origin',(40.,-53.6192989349365,0.));
#5607=CARTESIAN_POINT('',(40.,-53.6192989349365,0.));
#5608=CARTESIAN_POINT('',(40.,-53.6192989349365,0.));
#5609=CARTESIAN_POINT('',(40.,-53.6192989349365,10.));
#5610=CARTESIAN_POINT('',(40.,-53.6192989349365,10.));
#5611=CARTESIAN_POINT('',(40.,-53.6192989349365,0.));
#5612=CARTESIAN_POINT('Origin',(39.8637056350708,-52.5840187072754,0.));
#5613=CARTESIAN_POINT('',(39.8637056350708,-52.5840187072754,0.));
#5614=CARTESIAN_POINT('',(39.8637056350708,-52.5840187072754,0.));
#5615=CARTESIAN_POINT('',(39.8637056350708,-52.5840187072754,10.));
#5616=CARTESIAN_POINT('',(39.8637056350708,-52.5840187072754,10.));
#5617=CARTESIAN_POINT('',(39.8637056350708,-52.5840187072754,0.));
#5618=CARTESIAN_POINT('Origin',(39.4641041755676,-51.6192960739136,0.));
#5619=CARTESIAN_POINT('',(39.4641041755676,-51.6192960739136,0.));
#5620=CARTESIAN_POINT('',(39.4641041755676,-51.6192960739136,0.));
#5621=CARTESIAN_POINT('',(39.4641041755676,-51.6192960739136,10.));
#5622=CARTESIAN_POINT('',(39.4641041755676,-51.6192960739136,10.));
#5623=CARTESIAN_POINT('',(39.4641041755676,-51.6192960739136,0.));
#5624=CARTESIAN_POINT('Origin',(38.8284277915955,-50.790867805481,0.));
#5625=CARTESIAN_POINT('',(38.8284277915955,-50.790867805481,0.));
#5626=CARTESIAN_POINT('',(38.8284277915955,-50.790867805481,0.));
#5627=CARTESIAN_POINT('',(38.8284277915955,-50.790867805481,10.));
#5628=CARTESIAN_POINT('',(38.8284277915955,-50.790867805481,10.));
#5629=CARTESIAN_POINT('',(38.8284277915955,-50.790867805481,0.));
#5630=CARTESIAN_POINT('Origin',(37.9999995231628,-50.1551961898804,0.));
#5631=CARTESIAN_POINT('',(37.9999995231628,-50.1551961898804,0.));
#5632=CARTESIAN_POINT('',(37.9999995231628,-50.1551961898804,0.));
#5633=CARTESIAN_POINT('',(37.9999995231628,-50.1551961898804,10.));
#5634=CARTESIAN_POINT('',(37.9999995231628,-50.1551961898804,10.));
#5635=CARTESIAN_POINT('',(37.9999995231628,-50.1551961898804,0.));
#5636=CARTESIAN_POINT('Origin',(37.0352792739868,-49.7555923461914,0.));
#5637=CARTESIAN_POINT('',(37.0352792739868,-49.7555923461914,0.));
#5638=CARTESIAN_POINT('',(37.0352792739868,-49.7555923461914,0.));
#5639=CARTESIAN_POINT('',(37.0352792739868,-49.7555923461914,10.));
#5640=CARTESIAN_POINT('',(37.0352792739868,-49.7555923461914,10.));
#5641=CARTESIAN_POINT('',(37.0352792739868,-49.7555923461914,0.));
#5642=CARTESIAN_POINT('Origin',(36.0000014305115,-49.6192979812622,0.));
#5643=CARTESIAN_POINT('',(36.0000014305115,-49.6192979812622,0.));
#5644=CARTESIAN_POINT('',(36.0000014305115,-49.6192979812622,0.));
#5645=CARTESIAN_POINT('',(36.0000014305115,-49.6192979812622,10.));
#5646=CARTESIAN_POINT('',(36.0000014305115,-49.6192979812622,10.));
#5647=CARTESIAN_POINT('',(36.0000014305115,-49.6192979812622,0.));
#5648=CARTESIAN_POINT('Origin',(34.9647259712219,-49.7555923461914,0.));
#5649=CARTESIAN_POINT('',(34.9647259712219,-49.7555923461914,0.));
#5650=CARTESIAN_POINT('',(34.9647259712219,-49.7555923461914,0.));
#5651=CARTESIAN_POINT('',(34.9647259712219,-49.7555923461914,10.));
#5652=CARTESIAN_POINT('',(34.9647259712219,-49.7555923461914,10.));
#5653=CARTESIAN_POINT('',(34.9647259712219,-49.7555923461914,0.));
#5654=CARTESIAN_POINT('Origin',(34.0000009536743,-50.1551961898804,0.));
#5655=CARTESIAN_POINT('',(34.0000009536743,-50.1551961898804,0.));
#5656=CARTESIAN_POINT('',(34.0000009536743,-50.1551961898804,0.));
#5657=CARTESIAN_POINT('',(34.0000009536743,-50.1551961898804,10.));
#5658=CARTESIAN_POINT('',(34.0000009536743,-50.1551961898804,10.));
#5659=CARTESIAN_POINT('',(34.0000009536743,-50.1551961898804,0.));
#5660=CARTESIAN_POINT('Origin',(33.1715750694275,-50.7908725738525,0.));
#5661=CARTESIAN_POINT('',(33.1715750694275,-50.7908725738525,0.));
#5662=CARTESIAN_POINT('',(33.1715750694275,-50.7908725738525,0.));
#5663=CARTESIAN_POINT('',(33.1715750694275,-50.7908725738525,10.));
#5664=CARTESIAN_POINT('',(33.1715750694275,-50.7908725738525,10.));
#5665=CARTESIAN_POINT('',(33.1715750694275,-50.7908725738525,0.));
#5666=CARTESIAN_POINT('Origin',(32.5359010696411,-51.6192960739136,0.));
#5667=CARTESIAN_POINT('',(32.5359010696411,-51.6192960739136,0.));
#5668=CARTESIAN_POINT('',(32.5359010696411,-51.6192960739136,0.));
#5669=CARTESIAN_POINT('',(32.5359010696411,-51.6192960739136,10.));
#5670=CARTESIAN_POINT('',(32.5359010696411,-51.6192960739136,10.));
#5671=CARTESIAN_POINT('',(32.5359010696411,-51.6192960739136,0.));
#5672=CARTESIAN_POINT('Origin',(32.1362996101379,-52.5840187072754,0.));
#5673=CARTESIAN_POINT('',(32.1362996101379,-52.5840187072754,0.));
#5674=CARTESIAN_POINT('',(32.1362996101379,-52.5840187072754,0.));
#5675=CARTESIAN_POINT('',(32.1362996101379,-52.5840187072754,10.));
#5676=CARTESIAN_POINT('',(32.1362996101379,-52.5840187072754,10.));
#5677=CARTESIAN_POINT('',(32.1362996101379,-52.5840187072754,0.));
#5678=CARTESIAN_POINT('Origin',(32.0000004768372,-53.6192989349365,0.));
#5679=CARTESIAN_POINT('',(32.0000004768372,-53.6192989349365,0.));
#5680=CARTESIAN_POINT('',(32.0000004768372,-53.6192989349365,0.));
#5681=CARTESIAN_POINT('',(32.0000004768372,-53.6192989349365,10.));
#5682=CARTESIAN_POINT('',(32.0000004768372,-53.6192989349365,10.));
#5683=CARTESIAN_POINT('',(32.0000004768372,-53.6192989349365,0.));
#5684=CARTESIAN_POINT('Origin',(32.0000052452087,-89.6192932128906,0.));
#5685=CARTESIAN_POINT('',(32.0000004768372,-53.6192989349365,0.));
#5686=CARTESIAN_POINT('',(32.0000004768372,-53.6192989349365,10.));
#5687=CARTESIAN_POINT('Origin',(18.1362998485565,-90.6545734405518,0.));
#5688=CARTESIAN_POINT('',(18.1362998485565,-90.6545734405518,0.));
#5689=CARTESIAN_POINT('',(18.0000019073486,-89.6192932128906,0.));
#5690=CARTESIAN_POINT('',(18.0000019073486,-89.6192932128906,0.));
#5691=CARTESIAN_POINT('',(18.0000019073486,-89.6192932128906,10.));
#5692=CARTESIAN_POINT('',(18.0000019073486,-89.6192932128906,0.));
#5693=CARTESIAN_POINT('',(18.1362998485565,-90.6545734405518,10.));
#5694=CARTESIAN_POINT('',(18.0000019073486,-89.6192932128906,10.));
#5695=CARTESIAN_POINT('',(18.1362998485565,-90.6545734405518,0.));
#5696=CARTESIAN_POINT('Origin',(18.5359001159668,-91.619291305542,0.));
#5697=CARTESIAN_POINT('',(18.5359001159668,-91.619291305542,0.));
#5698=CARTESIAN_POINT('',(18.1362998485565,-90.6545734405518,0.));
#5699=CARTESIAN_POINT('',(18.5359001159668,-91.619291305542,10.));
#5700=CARTESIAN_POINT('',(18.1362998485565,-90.6545734405518,10.));
#5701=CARTESIAN_POINT('',(18.5359001159668,-91.619291305542,0.));
#5702=CARTESIAN_POINT('Origin',(19.1715753078461,-92.4477291107178,0.));
#5703=CARTESIAN_POINT('',(19.1715753078461,-92.4477291107178,0.));
#5704=CARTESIAN_POINT('',(18.5359001159668,-91.619291305542,0.));
#5705=CARTESIAN_POINT('',(19.1715753078461,-92.4477291107178,10.));
#5706=CARTESIAN_POINT('',(18.5359001159668,-91.619291305542,10.));
#5707=CARTESIAN_POINT('',(19.1715753078461,-92.4477291107178,0.));
#5708=CARTESIAN_POINT('Origin',(20.0000023841858,-93.0834007263184,0.));
#5709=CARTESIAN_POINT('',(20.0000023841858,-93.0834007263184,0.));
#5710=CARTESIAN_POINT('',(19.1715753078461,-92.4477291107178,0.));
#5711=CARTESIAN_POINT('',(20.0000023841858,-93.0834007263184,10.));
#5712=CARTESIAN_POINT('',(19.1715753078461,-92.4477291107178,10.));
#5713=CARTESIAN_POINT('',(20.0000023841858,-93.0834007263184,0.));
#5714=CARTESIAN_POINT('Origin',(20.9647250175476,-93.4829998016357,0.));
#5715=CARTESIAN_POINT('',(20.9647250175476,-93.4829998016357,0.));
#5716=CARTESIAN_POINT('',(20.0000023841858,-93.0834007263184,0.));
#5717=CARTESIAN_POINT('',(20.9647250175476,-93.4829998016357,10.));
#5718=CARTESIAN_POINT('',(20.0000023841858,-93.0834007263184,10.));
#5719=CARTESIAN_POINT('',(20.9647250175476,-93.4829998016357,0.));
#5720=CARTESIAN_POINT('Origin',(22.0000028610229,-93.6192989349365,0.));
#5721=CARTESIAN_POINT('',(22.0000028610229,-93.6192989349365,0.));
#5722=CARTESIAN_POINT('',(20.9647250175476,-93.4829998016357,0.));
#5723=CARTESIAN_POINT('',(22.0000028610229,-93.6192989349365,10.));
#5724=CARTESIAN_POINT('',(20.9647250175476,-93.4829998016357,10.));
#5725=CARTESIAN_POINT('',(22.0000028610229,-93.6192989349365,0.));
#5726=CARTESIAN_POINT('Origin',(23.0352783203125,-93.4829998016357,0.));
#5727=CARTESIAN_POINT('',(23.0352783203125,-93.4829998016357,0.));
#5728=CARTESIAN_POINT('',(22.0000028610229,-93.6192989349365,0.));
#5729=CARTESIAN_POINT('',(23.0352783203125,-93.4829998016357,10.));
#5730=CARTESIAN_POINT('',(22.0000028610229,-93.6192989349365,10.));
#5731=CARTESIAN_POINT('',(23.0352783203125,-93.4829998016357,0.));
#5732=CARTESIAN_POINT('Origin',(24.0000033378601,-93.0834007263184,0.));
#5733=CARTESIAN_POINT('',(24.0000033378601,-93.0834007263184,0.));
#5734=CARTESIAN_POINT('',(23.0352783203125,-93.4829998016357,0.));
#5735=CARTESIAN_POINT('',(24.0000033378601,-93.0834007263184,10.));
#5736=CARTESIAN_POINT('',(23.0352783203125,-93.4829998016357,10.));
#5737=CARTESIAN_POINT('',(24.0000033378601,-93.0834007263184,0.));
#5738=CARTESIAN_POINT('Origin',(24.8284316062927,-92.4477291107178,0.));
#5739=CARTESIAN_POINT('',(24.8284316062927,-92.4477291107178,0.));
#5740=CARTESIAN_POINT('',(24.0000033378601,-93.0834007263184,0.));
#5741=CARTESIAN_POINT('',(24.8284316062927,-92.4477291107178,10.));
#5742=CARTESIAN_POINT('',(24.0000033378601,-93.0834007263184,10.));
#5743=CARTESIAN_POINT('',(24.8284316062927,-92.4477291107178,0.));
#5744=CARTESIAN_POINT('Origin',(25.4641032218933,-91.619291305542,0.));
#5745=CARTESIAN_POINT('',(25.4641032218933,-91.619291305542,0.));
#5746=CARTESIAN_POINT('',(24.8284316062927,-92.4477291107178,0.));
#5747=CARTESIAN_POINT('',(25.4641032218933,-91.619291305542,10.));
#5748=CARTESIAN_POINT('',(24.8284316062927,-92.4477291107178,10.));
#5749=CARTESIAN_POINT('',(25.4641032218933,-91.619291305542,0.));
#5750=CARTESIAN_POINT('Origin',(25.8637070655823,-90.6545734405518,0.));
#5751=CARTESIAN_POINT('',(25.8637070655823,-90.6545734405518,0.));
#5752=CARTESIAN_POINT('',(25.4641032218933,-91.619291305542,0.));
#5753=CARTESIAN_POINT('',(25.8637070655823,-90.6545734405518,10.));
#5754=CARTESIAN_POINT('',(25.4641032218933,-91.619291305542,10.));
#5755=CARTESIAN_POINT('',(25.8637070655823,-90.6545734405518,0.));
#5756=CARTESIAN_POINT('Origin',(26.0000014305115,-89.6192932128906,0.));
#5757=CARTESIAN_POINT('',(26.0000014305115,-89.6192932128906,0.));
#5758=CARTESIAN_POINT('',(25.8637070655823,-90.6545734405518,0.));
#5759=CARTESIAN_POINT('',(26.0000014305115,-89.6192932128906,10.));
#5760=CARTESIAN_POINT('',(25.8637070655823,-90.6545734405518,10.));
#5761=CARTESIAN_POINT('',(26.0000014305115,-89.6192932128906,0.));
#5762=CARTESIAN_POINT('Origin',(26.0000014305115,-53.6192989349365,0.));
#5763=CARTESIAN_POINT('',(26.0000014305115,-53.6192989349365,0.));
#5764=CARTESIAN_POINT('',(26.0000014305115,-53.6192989349365,0.));
#5765=CARTESIAN_POINT('',(26.0000014305115,-53.6192989349365,10.));
#5766=CARTESIAN_POINT('',(26.0000014305115,-53.6192989349365,10.));
#5767=CARTESIAN_POINT('',(26.0000014305115,-53.6192989349365,0.));
#5768=CARTESIAN_POINT('Origin',(25.8637046813965,-52.5840187072754,0.));
#5769=CARTESIAN_POINT('',(25.8637046813965,-52.5840187072754,0.));
#5770=CARTESIAN_POINT('',(25.8637046813965,-52.5840187072754,0.));
#5771=CARTESIAN_POINT('',(25.8637046813965,-52.5840187072754,10.));
#5772=CARTESIAN_POINT('',(25.8637046813965,-52.5840187072754,10.));
#5773=CARTESIAN_POINT('',(25.8637046813965,-52.5840187072754,0.));
#5774=CARTESIAN_POINT('Origin',(25.4641032218933,-51.6192960739136,0.));
#5775=CARTESIAN_POINT('',(25.4641032218933,-51.6192960739136,0.));
#5776=CARTESIAN_POINT('',(25.4641032218933,-51.6192960739136,0.));
#5777=CARTESIAN_POINT('',(25.4641032218933,-51.6192960739136,10.));
#5778=CARTESIAN_POINT('',(25.4641032218933,-51.6192960739136,10.));
#5779=CARTESIAN_POINT('',(25.4641032218933,-51.6192960739136,0.));
#5780=CARTESIAN_POINT('Origin',(24.8284292221069,-50.7908725738525,0.));
#5781=CARTESIAN_POINT('',(24.8284292221069,-50.7908725738525,0.));
#5782=CARTESIAN_POINT('',(24.8284292221069,-50.7908725738525,0.));
#5783=CARTESIAN_POINT('',(24.8284292221069,-50.7908725738525,10.));
#5784=CARTESIAN_POINT('',(24.8284292221069,-50.7908725738525,10.));
#5785=CARTESIAN_POINT('',(24.8284292221069,-50.7908725738525,0.));
#5786=CARTESIAN_POINT('Origin',(24.0000009536743,-50.1551961898804,0.));
#5787=CARTESIAN_POINT('',(24.0000009536743,-50.1551961898804,0.));
#5788=CARTESIAN_POINT('',(24.0000009536743,-50.1551961898804,0.));
#5789=CARTESIAN_POINT('',(24.0000009536743,-50.1551961898804,10.));
#5790=CARTESIAN_POINT('',(24.0000009536743,-50.1551961898804,10.));
#5791=CARTESIAN_POINT('',(24.0000009536743,-50.1551961898804,0.));
#5792=CARTESIAN_POINT('Origin',(23.0352759361267,-49.7555923461914,0.));
#5793=CARTESIAN_POINT('',(23.0352759361267,-49.7555923461914,0.));
#5794=CARTESIAN_POINT('',(23.0352759361267,-49.7555923461914,0.));
#5795=CARTESIAN_POINT('',(23.0352759361267,-49.7555923461914,10.));
#5796=CARTESIAN_POINT('',(23.0352759361267,-49.7555923461914,10.));
#5797=CARTESIAN_POINT('',(23.0352759361267,-49.7555923461914,0.));
#5798=CARTESIAN_POINT('Origin',(22.0000004768372,-49.6192979812622,0.));
#5799=CARTESIAN_POINT('',(22.0000004768372,-49.6192979812622,0.));
#5800=CARTESIAN_POINT('',(22.0000004768372,-49.6192979812622,0.));
#5801=CARTESIAN_POINT('',(22.0000004768372,-49.6192979812622,10.));
#5802=CARTESIAN_POINT('',(22.0000004768372,-49.6192979812622,10.));
#5803=CARTESIAN_POINT('',(22.0000004768372,-49.6192979812622,0.));
#5804=CARTESIAN_POINT('Origin',(20.9647250175476,-49.7555923461914,0.));
#5805=CARTESIAN_POINT('',(20.9647250175476,-49.7555923461914,0.));
#5806=CARTESIAN_POINT('',(20.9647250175476,-49.7555923461914,0.));
#5807=CARTESIAN_POINT('',(20.9647250175476,-49.7555923461914,10.));
#5808=CARTESIAN_POINT('',(20.9647250175476,-49.7555923461914,10.));
#5809=CARTESIAN_POINT('',(20.9647250175476,-49.7555923461914,0.));
#5810=CARTESIAN_POINT('Origin',(20.,-50.1551961898804,0.));
#5811=CARTESIAN_POINT('',(20.,-50.1551961898804,0.));
#5812=CARTESIAN_POINT('',(20.,-50.1551961898804,0.));
#5813=CARTESIAN_POINT('',(20.,-50.1551961898804,10.));
#5814=CARTESIAN_POINT('',(20.,-50.1551961898804,10.));
#5815=CARTESIAN_POINT('',(20.,-50.1551961898804,0.));
#5816=CARTESIAN_POINT('Origin',(19.1715741157532,-50.7908725738525,0.));
#5817=CARTESIAN_POINT('',(19.1715741157532,-50.7908725738525,0.));
#5818=CARTESIAN_POINT('',(19.1715741157532,-50.7908725738525,0.));
#5819=CARTESIAN_POINT('',(19.1715741157532,-50.7908725738525,10.));
#5820=CARTESIAN_POINT('',(19.1715741157532,-50.7908725738525,10.));
#5821=CARTESIAN_POINT('',(19.1715741157532,-50.7908725738525,0.));
#5822=CARTESIAN_POINT('Origin',(18.5358989238739,-51.6192960739136,0.));
#5823=CARTESIAN_POINT('',(18.5358989238739,-51.6192960739136,0.));
#5824=CARTESIAN_POINT('',(18.5358989238739,-51.6192960739136,0.));
#5825=CARTESIAN_POINT('',(18.5358989238739,-51.6192960739136,10.));
#5826=CARTESIAN_POINT('',(18.5358989238739,-51.6192960739136,10.));
#5827=CARTESIAN_POINT('',(18.5358989238739,-51.6192960739136,0.));
#5828=CARTESIAN_POINT('Origin',(18.1362974643707,-52.5840187072754,0.));
#5829=CARTESIAN_POINT('',(18.1362974643707,-52.5840187072754,0.));
#5830=CARTESIAN_POINT('',(18.1362974643707,-52.5840187072754,0.));
#5831=CARTESIAN_POINT('',(18.1362974643707,-52.5840187072754,10.));
#5832=CARTESIAN_POINT('',(18.1362974643707,-52.5840187072754,10.));
#5833=CARTESIAN_POINT('',(18.1362974643707,-52.5840187072754,0.));
#5834=CARTESIAN_POINT('Origin',(18.0000007152557,-53.6192989349365,0.));
#5835=CARTESIAN_POINT('',(18.0000007152557,-53.6192989349365,0.));
#5836=CARTESIAN_POINT('',(18.0000007152557,-53.6192989349365,0.));
#5837=CARTESIAN_POINT('',(18.0000007152557,-53.6192989349365,10.));
#5838=CARTESIAN_POINT('',(18.0000007152557,-53.6192989349365,10.));
#5839=CARTESIAN_POINT('',(18.0000007152557,-53.6192989349365,0.));
#5840=CARTESIAN_POINT('Origin',(18.0000019073486,-89.6192932128906,0.));
#5841=CARTESIAN_POINT('',(18.0000007152557,-53.6192989349365,0.));
#5842=CARTESIAN_POINT('',(18.0000007152557,-53.6192989349365,10.));
#5843=CARTESIAN_POINT('Origin',(1.98422020696411E-14,-35.,0.));
#5844=CARTESIAN_POINT('',(1.98422020696411E-14,-35.,0.));
#5845=CARTESIAN_POINT('',(3.31512609363927E-6,-109.159069061279,0.));
#5846=CARTESIAN_POINT('',(1.98422020696411E-14,-35.,0.));
#5847=CARTESIAN_POINT('',(3.31512609363926E-6,-109.159069061279,10.));
#5848=CARTESIAN_POINT('',(3.31512609363927E-6,-109.159069061279,0.));
#5849=CARTESIAN_POINT('',(1.99840144432528E-14,-35.,10.));
#5850=CARTESIAN_POINT('',(1.98422020696411E-14,-35.,10.));
#5851=CARTESIAN_POINT('',(1.98422020696411E-14,-35.,0.));
#5852=CARTESIAN_POINT('Origin',(45.9999990463257,-34.9999976158142,0.));
#5853=CARTESIAN_POINT('',(45.9999990463257,-34.9999976158142,0.));
#5854=CARTESIAN_POINT('',(1.98422020696411E-14,-35.,0.));
#5855=CARTESIAN_POINT('',(45.9999990463257,-34.9999976158142,10.));
#5856=CARTESIAN_POINT('',(1.98422020696411E-14,-35.,10.));
#5857=CARTESIAN_POINT('',(45.9999990463257,-34.9999976158142,0.));
#5858=CARTESIAN_POINT('Origin',(45.9999990463257,-42.9999971389771,0.));
#5859=CARTESIAN_POINT('',(45.9999990463257,-42.9999971389771,0.));
#5860=CARTESIAN_POINT('',(45.9999990463257,-42.9999971389771,0.));
#5861=CARTESIAN_POINT('',(45.9999990463257,-42.9999971389771,10.));
#5862=CARTESIAN_POINT('',(45.9999990463257,-42.9999971389771,10.));
#5863=CARTESIAN_POINT('',(45.9999990463257,-42.9999971389771,0.));
#5864=CARTESIAN_POINT('Origin',(46.0000038146973,-109.159059524536,0.));
#5865=CARTESIAN_POINT('',(46.0000038146973,-109.159059524536,0.));
#5866=CARTESIAN_POINT('',(46.0000032381023,-101.159057617188,0.));
#5867=CARTESIAN_POINT('',(46.0000038146973,-109.159059524536,10.));
#5868=CARTESIAN_POINT('',(46.0000032381023,-101.159057617188,10.));
#5869=CARTESIAN_POINT('',(46.0000038146973,-109.159059524536,0.));
#5870=CARTESIAN_POINT('Origin',(3.31512609363927E-6,-109.159069061279,0.));
#5871=CARTESIAN_POINT('',(3.31512609363927E-6,-109.159069061279,0.));
#5872=CARTESIAN_POINT('',(3.31512609363927E-6,-109.159069061279,10.));
#5873=CARTESIAN_POINT('Origin',(23.0000019073486,-72.0795333385468,10.));
#5874=CARTESIAN_POINT('Origin',(23.0000019073486,-72.0795333385468,0.));
#5875=CARTESIAN_POINT('Origin',(12.0000007686103,-44.0754745560814,75.4642836367893));
#5876=CARTESIAN_POINT('',(6.00000088436785,-42.9999993780383,74.0626807558552));
#5877=CARTESIAN_POINT('',(12.0000028610229,-42.9999993780383,74.0626807558552));
#5878=CARTESIAN_POINT('',(17.5000021667609,-42.9999993780383,74.0626807558552));
#5879=CARTESIAN_POINT('',(6.00000088436785,-42.3979250448049,73.2780330603761));
#5880=CARTESIAN_POINT('',(6.00000088436785,-44.5641670181279,76.1011674781638));
#5881=CARTESIAN_POINT('',(12.0000028610229,-42.3979250448049,73.2780330603761));
#5882=CARTESIAN_POINT('',(12.0000007146777,-42.3979250448049,73.2780330603761));
#5883=CARTESIAN_POINT('',(12.0000028610229,-33.8299158706289,62.1118559253115));
#5884=CARTESIAN_POINT('Origin',(12.0000007146777,-42.3979250448049,73.2780330603761));
#5885=CARTESIAN_POINT('',(12.0000028610229,-41.3433716832805,70.7321328844453));
#5886=CARTESIAN_POINT('',(12.0000028610229,-35.9734101141729,57.7679846465882));
#5887=CARTESIAN_POINT('',(6.00000088436785,-41.3433716832805,70.7321328844453));
#5888=CARTESIAN_POINT('',(6.00000088436785,-41.5169669865056,71.1512262458119));
#5889=CARTESIAN_POINT('',(12.0000006807742,-41.3433716832805,70.7321328844453));
#5890=CARTESIAN_POINT('Origin',(12.0000006807742,-41.3433716832805,70.7321328844453));
#5891=CARTESIAN_POINT('',(12.0000028610229,-41.0397634506226,68.42604226672));
#5892=CARTESIAN_POINT('',(12.0000028610229,-39.3007823926659,55.2174152573392));
#5893=CARTESIAN_POINT('',(6.00000088436785,-41.0397634506226,68.42604226672));
#5894=CARTESIAN_POINT('',(6.00000088436785,-40.6519523647216,65.4803793681327));
#5895=CARTESIAN_POINT('',(12.0000006710133,-41.0397634506226,68.42604226672));
#5896=CARTESIAN_POINT('Origin',(12.0000006710133,-41.0397634506226,68.42604226672));
#5897=CARTESIAN_POINT('',(12.0000028610229,-41.0397634506226,43.5739605943029));
#5898=CARTESIAN_POINT('',(12.0000028610229,-41.0397634506226,54.21302113336));
#5899=CARTESIAN_POINT('',(6.00000088436785,-41.0397634506226,43.5739605943029));
#5900=CARTESIAN_POINT('',(6.00000088436785,-41.0397634506226,62.2130218486158));
#5901=CARTESIAN_POINT('',(12.0000006710133,-41.0397634506226,43.5739605943029));
#5902=CARTESIAN_POINT('Origin',(12.0000006710133,-41.0397634506226,43.5739605943029));
#5903=CARTESIAN_POINT('',(12.0000028610229,-41.3433716832805,41.2678699765777));
#5904=CARTESIAN_POINT('',(12.0000028610229,-41.2195679969725,42.208234857119));
#5905=CARTESIAN_POINT('',(6.00000088436785,-41.3433716832805,41.2678699765777));
#5906=CARTESIAN_POINT('',(6.00000088436785,-40.5001482483926,47.6726688017528));
#5907=CARTESIAN_POINT('',(12.0000006807742,-41.3433716832805,41.2678699765777));
#5908=CARTESIAN_POINT('Origin',(12.0000007146778,-42.3979285621476,38.7219613090864));
#5909=CARTESIAN_POINT('',(14.3377039437633,-42.9999993780383,37.9373227138726));
#5910=CARTESIAN_POINT('',(6.00000088436785,-42.9999993780383,37.9373227138726));
#5911=CARTESIAN_POINT('',(17.5000021397946,-42.9999993780383,37.9373227138726));
#5912=CARTESIAN_POINT('',(13.4484468089088,-42.3979285621477,38.7219613090864));
#5913=CARTESIAN_POINT('',(24.945671017193,-50.1821148095733,28.5773524012007));
#5914=CARTESIAN_POINT('',(6.00000088436785,-42.3979285621477,38.7219613090864));
#5915=CARTESIAN_POINT('',(12.0000007146778,-42.3979285621477,38.7219613090864));
#5916=CARTESIAN_POINT('',(6.00000088436785,-43.7254267115486,36.9919218260166));
#5917=CARTESIAN_POINT('Origin',(12.0000006807742,-41.3433716832805,41.2678699765777));
#5918=CARTESIAN_POINT('',(12.0000028610229,-41.8685440990791,40.));
#5919=CARTESIAN_POINT('',(26.8132491475488,-47.2825626692421,26.9294894567059));
#5920=CARTESIAN_POINT('',(12.0000028610229,-41.1030146651994,41.8481393085479));
#5921=CARTESIAN_POINT('',(6.00000088436785,-40.9896903057434,42.1217267031765));
#5922=CARTESIAN_POINT('Origin',(6.00000088436785,-72.0795273780823,56.0000014305115));
#5923=CARTESIAN_POINT('',(6.00000088436785,-42.9999993780383,51.7500009915301));
#5924=CARTESIAN_POINT('Origin',(12.0000028610229,-34.9999993780383,40.));
#5925=CARTESIAN_POINT('',(12.0000028610229,-34.9999993780383,40.));
#5926=CARTESIAN_POINT('',(12.0000028610229,-34.9999993780383,40.));
#5927=CARTESIAN_POINT('',(12.0000028610229,-34.9999993780383,95.));
#5928=CARTESIAN_POINT('',(12.0000028610229,-34.9999993780383,43.7500002762743));
#5929=CARTESIAN_POINT('',(12.0000028610229,-42.9999993780383,95.));
#5930=CARTESIAN_POINT('',(12.0000028610229,-34.9999993780383,95.));
#5931=CARTESIAN_POINT('',(12.0000028610229,-42.9999993780383,43.7500002762743));
#5932=CARTESIAN_POINT('Origin',(46.0000038146973,-34.999997615814,10.0000011920929));
#5933=CARTESIAN_POINT('',(46.0000038146973,-42.9999993780383,10.0000011920929));
#5934=CARTESIAN_POINT('',(30.2320074889544,-42.9999993780383,23.912938183474));
#5935=CARTESIAN_POINT('',(46.0000038146973,-34.999997615814,10.0000011920929));
#5936=CARTESIAN_POINT('',(46.0000038146973,-34.999997615814,10.0000011920929));
#5937=CARTESIAN_POINT('',(30.2320079989367,-34.9999984330712,23.9129377334897));
#5938=CARTESIAN_POINT('Origin',(46.0000038146973,-34.999997615814,1.1050973824922E-6));
#5939=CARTESIAN_POINT('',(46.0000038146973,-34.999997615814,1.1050973824922E-6));
#5940=CARTESIAN_POINT('',(46.0000038146973,-34.999997615814,23.750000828823));
#5941=CARTESIAN_POINT('',(46.0000038146973,-42.9999993780383,1.1050973824922E-6));
#5942=CARTESIAN_POINT('',(46.0000038146973,-42.9999993780383,23.750000828823));
#5943=CARTESIAN_POINT('',(46.0000038146973,-34.999997615814,1.1050973824922E-6));
#5944=CARTESIAN_POINT('Origin',(3.31512609363926E-6,-34.9999999999998,1.10510100626016E-6));
#5945=CARTESIAN_POINT('',(3.31512609363926E-6,-34.9999999999998,1.10510100626016E-6));
#5946=CARTESIAN_POINT('',(11.5000043470441,-34.9999994039533,1.1051001003181E-6));
#5947=CARTESIAN_POINT('',(3.31512609363926E-6,-42.9999993780383,1.10510100626016E-6));
#5948=CARTESIAN_POINT('',(11.5000034400169,-42.9999993780383,1.10510010031817E-6));
#5949=CARTESIAN_POINT('',(3.31512609363926E-6,-34.9999999999998,1.10510100626016E-6));
#5950=CARTESIAN_POINT('Origin',(3.31512552520508E-6,-34.9999999999998,95.));
#5951=CARTESIAN_POINT('',(3.31512552520508E-6,-34.9999999999998,95.));
#5952=CARTESIAN_POINT('',(3.31512566731362E-6,-34.9999999999998,71.2500002762743));
#5953=CARTESIAN_POINT('',(3.31512552520508E-6,-42.9999993780383,95.));
#5954=CARTESIAN_POINT('',(3.31512566731362E-6,-42.9999993780383,71.2500002762743));
#5955=CARTESIAN_POINT('',(3.31512552520508E-6,-34.9999999999998,95.));
#5956=CARTESIAN_POINT('Origin',(12.0000028610229,-34.9999993780383,95.));
#5957=CARTESIAN_POINT('',(17.5000041199944,-34.9999990929726,95.));
#5958=CARTESIAN_POINT('',(17.5000032129672,-42.9999993780383,95.));
#5959=CARTESIAN_POINT('Origin',(23.0000035649114,-34.9999988079069,47.5000005525487));
#5960=CARTESIAN_POINT('Origin',(23.0000035649114,-42.9999993780383,47.5000005525487));
#5961=CARTESIAN_POINT('Origin',(12.0000026570865,-102.815705887232,41.2679114657233));
#5962=CARTESIAN_POINT('',(12.0000076293945,-102.815705887232,41.2679114657233));
#5963=CARTESIAN_POINT('',(12.0000076293945,-103.119291305542,43.5739901490028));
#5964=CARTESIAN_POINT('',(12.0000076293945,-102.719559280969,40.5375679584277));
#5965=CARTESIAN_POINT('',(6.00000220067741,-102.815705887232,41.2679114657233));
#5966=CARTESIAN_POINT('',(12.0000026570865,-102.815705887232,41.2679114657233));
#5967=CARTESIAN_POINT('',(6.00000220067741,-103.119291305542,43.5739901490028));
#5968=CARTESIAN_POINT('',(6.00000220067741,-103.507093916601,46.5197947916081));
#5969=CARTESIAN_POINT('',(12.0000026668467,-103.119291305542,43.5739901490028));
#5970=CARTESIAN_POINT('Origin',(12.0000026668467,-103.119291305542,43.5739901490028));
#5971=CARTESIAN_POINT('',(12.0000076293945,-103.119291305542,68.4259519869505));
#5972=CARTESIAN_POINT('',(12.0000076293945,-103.119291305542,41.7869950745014));
#5973=CARTESIAN_POINT('',(6.00000220067741,-103.119291305542,68.4259519869505));
#5974=CARTESIAN_POINT('',(6.00000220067741,-103.119291305542,49.7869957897571));
#5975=CARTESIAN_POINT('',(12.0000026668467,-103.119291305542,68.4259519869505));
#5976=CARTESIAN_POINT('Origin',(12.0000026668467,-103.119291305542,68.4259519869505));
#5977=CARTESIAN_POINT('',(12.0000076293945,-103.008816697916,69.2652537309632));
#5978=CARTESIAN_POINT('',(12.0000076293945,-104.941547138821,54.5818430846432));
#5979=CARTESIAN_POINT('',(6.00000220067741,-103.008816697916,69.2652537309632));
#5980=CARTESIAN_POINT('',(6.00000220067741,-103.658845767069,64.3268290275479));
#5981=CARTESIAN_POINT('',(12.000002663295,-103.008816697916,69.2652537309632));
#5982=CARTESIAN_POINT('Origin',(12.000002663295,-103.008816697916,69.2652537309632));
#5983=CARTESIAN_POINT('',(12.0000076293945,-102.815690017318,70.7321297088648));
#5984=CARTESIAN_POINT('',(12.0000076293945,-104.886742620567,55.001639735825));
#5985=CARTESIAN_POINT('',(6.00000220067741,-102.815690017318,70.7321297088648));
#5986=CARTESIAN_POINT('',(6.00000220067741,-103.603683354206,64.7469986381763));
#5987=CARTESIAN_POINT('',(12.000002657086,-102.815690017318,70.7321297088648));
#5988=CARTESIAN_POINT('Origin',(12.000002657086,-102.815690017318,70.7321297088648));
#5989=CARTESIAN_POINT('',(12.0000076293945,-101.761143340328,73.2780441267621));
#5990=CARTESIAN_POINT('',(12.0000076293945,-108.127091239014,57.9092047074341));
#5991=CARTESIAN_POINT('',(6.00000220067741,-101.761143340328,73.2780441267621));
#5992=CARTESIAN_POINT('',(6.00000220067741,-103.16939419668,69.8782077445204));
#5993=CARTESIAN_POINT('',(12.0000026231827,-101.761143340328,73.2780441267621));
#5994=CARTESIAN_POINT('Origin',(12.0000026231827,-101.761143340328,73.2780441267621));
#5995=CARTESIAN_POINT('',(12.0000076293945,-101.159061763597,74.0626894905199));
#5996=CARTESIAN_POINT('',(6.00000220067741,-101.159062074578,74.0626890852429));
#5997=CARTESIAN_POINT('',(17.5000045390268,-101.159061478532,74.0626898620234));
#5998=CARTESIAN_POINT('',(12.0000076293945,-109.685617543148,62.9507028099488));
#5999=CARTESIAN_POINT('',(6.00000220067741,-100.433588603578,75.008141358738));
#6000=CARTESIAN_POINT('Origin',(12.0000026231826,-101.761139823002,38.7219502426398));
#6001=CARTESIAN_POINT('',(12.0000076293945,-102.290522552908,40.));
#6002=CARTESIAN_POINT('',(12.0000076293945,-101.942982641345,39.1609599736562));
#6003=CARTESIAN_POINT('',(13.448464119254,-101.761139823002,38.7219502426398));
#6004=CARTESIAN_POINT('',(28.2660349054194,-96.3456053362812,25.6476239646283));
#6005=CARTESIAN_POINT('',(6.00000220067741,-101.761139823002,38.7219502426398));
#6006=CARTESIAN_POINT('',(12.0000026231826,-101.761139823002,38.7219502426398));
#6007=CARTESIAN_POINT('',(6.00000220067741,-102.642119099522,40.8488336617435));
#6008=CARTESIAN_POINT('Origin',(12.000002569249,-100.083558670498,36.5357038135924));
#6009=CARTESIAN_POINT('',(14.3377187905651,-101.159061642434,37.9373138211406));
#6010=CARTESIAN_POINT('',(26.8413259293482,-92.6933776493846,26.9047200347721));
#6011=CARTESIAN_POINT('',(6.00000220067741,-101.159062074578,37.9373143843177));
#6012=CARTESIAN_POINT('',(17.5000052035148,-101.159061478532,37.9373136075417));
#6013=CARTESIAN_POINT('',(6.00000220067741,-99.5947635776802,35.8986994429762));
#6014=CARTESIAN_POINT('Origin',(6.00000220067741,-72.0795273780823,56.0000014305115));
#6015=CARTESIAN_POINT('',(6.00000220067741,-101.159062074578,51.7500009915301));
#6016=CARTESIAN_POINT('Origin',(12.0000076293945,-101.159061763597,40.));
#6017=CARTESIAN_POINT('',(12.0000076293945,-101.159061763597,95.));
#6018=CARTESIAN_POINT('',(12.0000076293945,-101.159061763597,43.7500002762743));
#6019=CARTESIAN_POINT('',(12.0000076293945,-109.159061763597,95.));
#6020=CARTESIAN_POINT('',(12.0000076293945,-101.159061763597,95.));
#6021=CARTESIAN_POINT('',(12.0000076293945,-109.159061763597,40.));
#6022=CARTESIAN_POINT('',(12.0000076293945,-109.159061763597,43.7500002762743));
#6023=CARTESIAN_POINT('',(12.0000076293945,-101.159061763597,40.));
#6024=CARTESIAN_POINT('Origin',(46.0000085830688,-101.159060001373,10.0000011920929));
#6025=CARTESIAN_POINT('',(46.0000085830688,-109.159061763597,10.0000011920929));
#6026=CARTESIAN_POINT('',(30.232012257326,-109.159061763597,23.912938183474));
#6027=CARTESIAN_POINT('',(46.0000085830688,-101.159060001373,10.0000011920929));
#6028=CARTESIAN_POINT('',(46.0000085830688,-101.159060001373,10.0000011920929));
#6029=CARTESIAN_POINT('',(30.2320127673082,-101.15906081863,23.9129377334897));
#6030=CARTESIAN_POINT('Origin',(46.0000085830688,-101.159060001373,1.1050973824922E-6));
#6031=CARTESIAN_POINT('',(46.0000085830688,-101.159060001373,1.1050973824922E-6));
#6032=CARTESIAN_POINT('',(46.0000085830688,-101.159060001373,23.750000828823));
#6033=CARTESIAN_POINT('',(46.0000085830688,-109.159061763597,1.1050973824922E-6));
#6034=CARTESIAN_POINT('',(46.0000085830688,-109.159061763597,23.750000828823));
#6035=CARTESIAN_POINT('',(46.0000085830688,-101.159060001373,1.1050973824922E-6));
#6036=CARTESIAN_POINT('Origin',(8.08349767567051E-6,-101.159062385559,1.10510100626016E-6));
#6037=CARTESIAN_POINT('',(8.08349767567051E-6,-101.159062385559,1.10510100626016E-6));
#6038=CARTESIAN_POINT('',(11.5000091154157,-101.159061789512,1.1051001003181E-6));
#6039=CARTESIAN_POINT('',(8.08349767567051E-6,-109.159061763597,1.10510100626016E-6));
#6040=CARTESIAN_POINT('',(11.5000082083885,-109.159061763597,1.10510010031817E-6));
#6041=CARTESIAN_POINT('',(8.08349767567051E-6,-101.159062385559,1.10510100626016E-6));
#6042=CARTESIAN_POINT('Origin',(8.08349710723633E-6,-101.159062385559,95.));
#6043=CARTESIAN_POINT('',(8.08349710723633E-6,-101.159062385559,95.));
#6044=CARTESIAN_POINT('',(8.08349724934487E-6,-101.159062385559,71.2500002762743));
#6045=CARTESIAN_POINT('',(8.08349710723633E-6,-109.159061763597,95.));
#6046=CARTESIAN_POINT('',(8.08349724934487E-6,-109.159061763597,71.2500002762743));
#6047=CARTESIAN_POINT('',(8.08349710723633E-6,-101.159062385559,95.));
#6048=CARTESIAN_POINT('Origin',(12.0000076293945,-101.159061763597,95.));
#6049=CARTESIAN_POINT('',(17.500008888366,-101.159061478532,95.));
#6050=CARTESIAN_POINT('',(17.5000079813388,-109.159061763597,95.));
#6051=CARTESIAN_POINT('Origin',(23.000008333283,-101.159061193466,47.5000005525487));
#6052=CARTESIAN_POINT('Origin',(23.000008333283,-109.159061763597,47.5000005525487));
#6053=CARTESIAN_POINT('Origin',(8.00000088436785,-72.0795273780823,56.0000014305115));
#6054=CARTESIAN_POINT('',(8.00000088436785,-41.0397634506226,68.42604226672));
#6055=CARTESIAN_POINT('',(8.00000088436785,-41.0397634506226,43.5739605943029));
#6056=CARTESIAN_POINT('',(8.00000088436785,-41.0397634506226,62.2130218486158));
#6057=CARTESIAN_POINT('',(8.00000088436785,-41.3433716832805,70.7321328844453));
#6058=CARTESIAN_POINT('',(8.00000088436785,-40.6519523647216,65.4803793681327));
#6059=CARTESIAN_POINT('',(8.00000088436785,-42.3979250448049,73.2780330603761));
#6060=CARTESIAN_POINT('',(8.00000088436785,-41.5169669865056,71.1512262458119));
#6061=CARTESIAN_POINT('',(8.00000088436785,-44.0754745560814,75.4642836367893));
#6062=CARTESIAN_POINT('',(8.00000088436785,-44.5641670181279,76.1011674781638));
#6063=CARTESIAN_POINT('',(8.00000088436785,-46.2617358262497,77.1418510094747));
#6064=CARTESIAN_POINT('',(8.00000088436785,-49.2813964705719,79.4589044388242));
#6065=CARTESIAN_POINT('',(8.00000088436785,-48.8076472569004,78.1963964491135));
#6066=CARTESIAN_POINT('',(8.00000088436785,-54.8157681899257,80.6850284001081));
#6067=CARTESIAN_POINT('',(8.00000088436785,-51.5397624504022,78.5560929237191));
#6068=CARTESIAN_POINT('',(8.00000088436785,-60.1751569220559,79.6929853050033));
#6069=CARTESIAN_POINT('',(8.00000088436785,-54.271884499325,78.1963972032846));
#6070=CARTESIAN_POINT('',(8.00000088436785,-64.4602384756025,76.8550562024375));
#6071=CARTESIAN_POINT('',(8.00000088436785,-56.8178062423602,77.1418474921391));
#6072=CARTESIAN_POINT('',(8.00000088436785,-67.0685349267675,72.8958792086498));
#6073=CARTESIAN_POINT('',(8.00000088436785,-59.0040503447541,75.4642836367395));
#6074=CARTESIAN_POINT('',(8.00000088436785,-67.8192287109751,68.7001603671193));
#6075=CARTESIAN_POINT('',(8.00000088436785,-60.6816039482457,73.2780441268519));
#6076=CARTESIAN_POINT('',(8.00000088436785,-66.9658962650041,65.0881608790179));
#6077=CARTESIAN_POINT('',(8.00000088436785,-61.7361676221695,70.7321190547514));
#6078=CARTESIAN_POINT('',(8.00000088436785,-65.0978584208476,62.616333255721));
#6079=CARTESIAN_POINT('',(8.00000088436785,-62.0397653579712,68.4260274893768));
#6080=CARTESIAN_POINT('',(8.00000088436785,-62.9292970644106,61.6692525749107));
#6081=CARTESIAN_POINT('',(8.00000088436785,-62.0397653579712,43.5739753716462));
#6082=CARTESIAN_POINT('',(8.00000088436785,-62.0397653579712,49.7869884010788));
#6083=CARTESIAN_POINT('',(8.00000088436785,-61.7361676221695,41.2678838062715));
#6084=CARTESIAN_POINT('',(8.00000088436785,-62.7774981965098,49.1777045034249));
#6085=CARTESIAN_POINT('',(8.00000088436785,-60.6816004308945,38.7219502425901));
#6086=CARTESIAN_POINT('',(8.00000088436785,-64.57057482521,48.1107028234612));
#6087=CARTESIAN_POINT('',(8.00000088436785,-59.0040430528572,36.5357183973866));
#6088=CARTESIAN_POINT('',(8.00000088436785,-66.1271382793091,45.8187019926816));
#6089=CARTESIAN_POINT('',(8.00000088436785,-56.8178283753579,34.8581771204994));
#6090=CARTESIAN_POINT('',(8.00000088436785,-66.7261165748037,42.461072942641));
#6091=CARTESIAN_POINT('',(8.00000088436785,-54.2718983290721,33.8035988023208));
#6092=CARTESIAN_POINT('',(8.00000088436785,-65.7955962866815,38.5769593387043));
#6093=CARTESIAN_POINT('',(8.00000088436785,-51.5397624504694,33.443913845026));
#6094=CARTESIAN_POINT('',(8.00000088436785,-63.0941399118636,34.9650445458516));
#6095=CARTESIAN_POINT('',(8.00000088436785,-48.8076334272181,33.8035995564832));
#6096=CARTESIAN_POINT('',(8.00000088436785,-58.8091540180646,32.4868959825462));
#6097=CARTESIAN_POINT('',(8.00000088436785,-46.261713693213,34.858173603096));
#6098=CARTESIAN_POINT('',(8.00000088436785,-53.5426635424932,31.8422494782371));
#6099=CARTESIAN_POINT('',(8.00000088436785,-44.0754818479858,36.5357183973633));
#6100=CARTESIAN_POINT('',(8.00000088436785,-48.1882706329115,33.3798831957421));
#6101=CARTESIAN_POINT('',(8.00000088436785,-42.3979285621477,38.7219613090864));
#6102=CARTESIAN_POINT('',(8.00000088436785,-43.7254267115486,36.9919218260166));
#6103=CARTESIAN_POINT('',(8.00000088436785,-41.3433716832805,41.2678699765777));
#6104=CARTESIAN_POINT('',(8.00000088436785,-40.9896903057434,42.1217267031765));
#6105=CARTESIAN_POINT('',(8.00000088436785,-40.5001482483926,47.6726688017528));
#6106=CARTESIAN_POINT('',(8.00000088436785,-48.0756664276123,70.));
#6107=CARTESIAN_POINT('',(8.00000088436785,-47.6760625839233,69.0352773666382));
#6108=CARTESIAN_POINT('',(8.00000088436785,-47.1586413261343,67.7861202169883));
#6109=CARTESIAN_POINT('',(8.00000088436785,-47.5397634506226,68.0000019073486));
#6110=CARTESIAN_POINT('',(8.00000088436785,-46.9723430274612,63.6900960042619));
#6111=CARTESIAN_POINT('',(8.00000088436785,-47.5397634506226,44.0000009536743));
#6112=CARTESIAN_POINT('',(8.00000088436785,-47.5397634506226,50.0000011920929));
#6113=CARTESIAN_POINT('',(8.00000088436785,-47.6760625839233,42.9647254943848));
#6114=CARTESIAN_POINT('',(8.00000088436785,-47.0404925941116,47.7922691271163));
#6115=CARTESIAN_POINT('',(8.00000088436785,-48.0756664276123,42.0000028610229));
#6116=CARTESIAN_POINT('',(8.00000088436785,-47.3584432479787,43.7315213273538));
#6117=CARTESIAN_POINT('',(8.00000088436785,-48.7113380432129,41.1715745925903));
#6118=CARTESIAN_POINT('',(8.00000088436785,-49.4605354484936,40.1951957612271));
#6119=CARTESIAN_POINT('',(8.00000088436785,-49.5397663116455,40.5359029769897));
#6120=CARTESIAN_POINT('',(8.00000088436785,-52.8988801581999,37.9583794819677));
#6121=CARTESIAN_POINT('',(8.00000088436785,-50.5044889450073,40.1362943649292));
#6122=CARTESIAN_POINT('',(8.00000088436785,-56.9077920179531,37.483910182062));
#6123=CARTESIAN_POINT('',(8.00000088436785,-51.5397644042969,40.));
#6124=CARTESIAN_POINT('',(8.00000088436785,-60.5994227936763,38.8072929039549));
#6125=CARTESIAN_POINT('',(8.00000088436785,-52.575044631958,40.1362943649292));
#6126=CARTESIAN_POINT('',(8.00000088436785,-63.1875796360769,41.5334317582927));
#6127=CARTESIAN_POINT('',(8.00000088436785,-53.5397672653198,40.5359029769897));
#6128=CARTESIAN_POINT('',(8.00000088436785,-64.1857899052425,44.945711748947));
#6129=CARTESIAN_POINT('',(8.00000088436785,-54.3681907653809,41.1715745925903));
#6130=CARTESIAN_POINT('',(8.00000088436785,-63.5228233086475,48.1961701751387));
#6131=CARTESIAN_POINT('',(8.00000088436785,-55.003867149353,42.0000028610229));
#6132=CARTESIAN_POINT('',(8.00000088436785,-61.5486534988325,50.5293208590911));
#6133=CARTESIAN_POINT('',(8.00000088436785,-55.403470993042,42.9647254943848));
#6134=CARTESIAN_POINT('',(8.00000088436785,-58.9289045362144,51.4758186313132));
#6135=CARTESIAN_POINT('',(8.00000088436785,-55.5397653579712,44.0000009536743));
#6136=CARTESIAN_POINT('',(8.00000088436785,-56.4571003647603,50.9679663641985));
#6137=CARTESIAN_POINT('',(8.00000088436785,-55.5397653579712,68.0000019073486));
#6138=CARTESIAN_POINT('',(8.00000088436785,-55.5397653579712,62.0000016689301));
#6139=CARTESIAN_POINT('',(8.00000088436785,-55.403470993042,69.0352773666382));
#6140=CARTESIAN_POINT('',(8.00000088436785,-56.3889531822957,61.5496742264692));
#6141=CARTESIAN_POINT('',(8.00000088436785,-55.003867149353,70.));
#6142=CARTESIAN_POINT('',(8.00000088436785,-58.7291026143699,61.0065455463906));
#6143=CARTESIAN_POINT('',(8.00000088436785,-54.3681907653809,70.8284330368042));
#6144=CARTESIAN_POINT('',(8.00000088436785,-61.2307873449103,61.8848858670692));
#6145=CARTESIAN_POINT('',(8.00000088436785,-53.5397672653198,71.4641046524048));
#6146=CARTESIAN_POINT('',(8.00000088436785,-63.1086127100902,64.1216723784997));
#6147=CARTESIAN_POINT('',(8.00000088436785,-52.575044631958,71.8637037277222));
#6148=CARTESIAN_POINT('',(8.00000088436785,-63.7034386072863,67.2541965092459));
#6149=CARTESIAN_POINT('',(8.00000088436785,-51.5397644042969,72.0000028610229));
#6150=CARTESIAN_POINT('',(8.00000088436785,-62.6699624733709,70.5346639993816));
#6151=CARTESIAN_POINT('',(8.00000088436785,-50.5044889450073,71.8637037277222));
#6152=CARTESIAN_POINT('',(8.00000088436785,-60.081738044681,73.1245959279362));
#6153=CARTESIAN_POINT('',(8.00000088436785,-49.5397663116455,71.4641046524048));
#6154=CARTESIAN_POINT('',(8.00000088436785,-56.4255432315784,74.3162716845584));
#6155=CARTESIAN_POINT('',(8.00000088436785,-48.7113380432129,70.8284330368042));
#6156=CARTESIAN_POINT('',(8.00000088436785,-52.484664872512,73.7237914560766));
#6157=CARTESIAN_POINT('',(8.00000088436785,-49.1426724502059,71.3905655339832));
#6158=CARTESIAN_POINT('Origin',(12.0000013461555,-62.0397653579712,43.5739753716462));
#6159=CARTESIAN_POINT('',(12.0000013461555,-62.0397653579712,68.4260274893768));
#6160=CARTESIAN_POINT('',(12.0000013461555,-62.0397653579712,68.4260274893768));
#6161=CARTESIAN_POINT('',(12.0000013461555,-62.0397653579712,43.5739753716462));
#6162=CARTESIAN_POINT('',(12.0000013461555,-62.0397653579712,69.2869876858231));
#6163=CARTESIAN_POINT('',(12.0000013461555,-62.0397653579712,43.5739753716462));
#6164=CARTESIAN_POINT('Origin',(12.0000013461555,-62.0397653579712,68.4260274893768));
#6165=CARTESIAN_POINT('',(12.0000013363949,-61.7361676221695,70.7321190547514));
#6166=CARTESIAN_POINT('',(12.0000013363949,-61.7361676221695,70.7321190547514));
#6167=CARTESIAN_POINT('',(12.0000012834712,-60.0899980349917,83.2362235077809));
#6168=CARTESIAN_POINT('Origin',(12.0000013363949,-61.7361676221695,70.7321190547514));
#6169=CARTESIAN_POINT('',(12.0000013024911,-60.6816039482457,73.2780441268519));
#6170=CARTESIAN_POINT('',(12.0000013024911,-60.6816039482457,73.2780441268519));
#6171=CARTESIAN_POINT('',(12.0000011355322,-55.4884189034122,85.8154189071771));
#6172=CARTESIAN_POINT('Origin',(12.0000013024911,-60.6816039482457,73.2780441268519));
#6173=CARTESIAN_POINT('',(12.0000012485584,-59.0040503447541,75.4642836367395));
#6174=CARTESIAN_POINT('',(12.0000012485584,-59.0040503447541,75.4642836367395));
#6175=CARTESIAN_POINT('',(12.0000009808631,-50.6775055780936,86.3156931606029));
#6176=CARTESIAN_POINT('Origin',(12.0000012485584,-59.0040503447541,75.4642836367395));
#6177=CARTESIAN_POINT('',(12.0000011782715,-56.8178062423602,77.1418474921391));
#6178=CARTESIAN_POINT('',(12.0000011782715,-56.8178062423602,77.1418474921391));
#6179=CARTESIAN_POINT('',(12.0000008540277,-46.7323467746946,84.8806915898896));
#6180=CARTESIAN_POINT('Origin',(12.0000011782715,-56.8178062423602,77.1418474921391));
#6181=CARTESIAN_POINT('',(12.000001096421,-54.271884499325,78.1963972032846));
#6182=CARTESIAN_POINT('',(12.000001096421,-54.271884499325,78.1963972032846));
#6183=CARTESIAN_POINT('',(12.0000007774223,-44.3495661636741,82.3063341891247));
#6184=CARTESIAN_POINT('Origin',(12.000001096421,-54.271884499325,78.1963972032846));
#6185=CARTESIAN_POINT('',(12.0000010085843,-51.5397624504022,78.5560929237191));
#6186=CARTESIAN_POINT('',(12.0000010085843,-51.5397624504022,78.5560929237191));
#6187=CARTESIAN_POINT('',(12.0000007569513,-43.7128261842071,79.586543038557));
#6188=CARTESIAN_POINT('Origin',(12.0000010085843,-51.5397624504022,78.5560929237191));
#6189=CARTESIAN_POINT('',(12.0000009207479,-48.8076472569004,78.1963964491135));
#6190=CARTESIAN_POINT('',(12.0000009207479,-48.8076472569004,78.1963964491135));
#6191=CARTESIAN_POINT('',(12.0000007814484,-44.4747980715126,77.6259554293904));
#6192=CARTESIAN_POINT('Origin',(12.0000009207479,-48.8076472569004,78.1963964491135));
#6193=CARTESIAN_POINT('',(12.0000008388978,-46.2617358262497,77.1418510094747));
#6194=CARTESIAN_POINT('',(12.0000008388978,-46.2617358262497,77.1418510094747));
#6195=CARTESIAN_POINT('',(12.0000008267965,-45.8853293457781,76.9859391687669));
#6196=CARTESIAN_POINT('Origin',(12.0000008388978,-46.2617358262497,77.1418510094747));
#6197=CARTESIAN_POINT('',(12.0000007686103,-44.0754745560814,75.4642836367893));
#6198=CARTESIAN_POINT('',(12.0000007686103,-44.0754745560814,75.4642836367893));
#6199=CARTESIAN_POINT('',(12.0000008635973,-47.0300029263545,77.7313596094895));
#6200=CARTESIAN_POINT('Origin',(12.0000007686103,-44.0754745560814,75.4642836367893));
#6201=CARTESIAN_POINT('',(12.0000007146777,-42.3979250448049,73.2780330603761));
#6202=CARTESIAN_POINT('',(12.0000007146777,-42.3979250448049,73.2780330603761));
#6203=CARTESIAN_POINT('',(12.0000008662127,-47.1113555773389,79.4207669405787));
#6204=CARTESIAN_POINT('Origin',(12.0000007146777,-42.3979250448049,73.2780330603761));
#6205=CARTESIAN_POINT('',(12.0000006807742,-41.3433716832805,70.7321328844453));
#6206=CARTESIAN_POINT('',(12.0000006807742,-41.3433716832805,70.7321328844453));
#6207=CARTESIAN_POINT('',(12.0000008207152,-45.6961737329896,81.2406570696297));
#6208=CARTESIAN_POINT('Origin',(12.0000006807742,-41.3433716832805,70.7321328844453));
#6209=CARTESIAN_POINT('',(12.0000006710133,-41.0397634506226,68.42604226672));
#6210=CARTESIAN_POINT('',(12.0000006710133,-41.0397634506226,68.42604226672));
#6211=CARTESIAN_POINT('',(12.0000007295207,-42.8596081418122,82.2488781342774));
#6212=CARTESIAN_POINT('Origin',(8.00000220067741,-72.0795273780823,56.0000014305115));
#6213=CARTESIAN_POINT('',(8.00000220067741,-82.1192989349365,43.5739605943029));
#6214=CARTESIAN_POINT('',(8.00000220067741,-82.422905346846,41.2678838062778));
#6215=CARTESIAN_POINT('',(8.00000220067741,-81.2297331383723,50.3307580610481));
#6216=CARTESIAN_POINT('',(8.00000220067741,-82.1192989349365,68.42604226672));
#6217=CARTESIAN_POINT('',(8.00000220067741,-82.1192989349365,62.2130218486158));
#6218=CARTESIAN_POINT('',(8.00000220067741,-82.422905346846,70.7321190547451));
#6219=CARTESIAN_POINT('',(8.00000220067741,-81.3815363443271,62.8222831939874));
#6220=CARTESIAN_POINT('',(8.00000220067741,-83.4774472691758,73.2780219938158));
#6221=CARTESIAN_POINT('',(8.00000220067741,-79.5885215783944,63.8892749593557));
#6222=CARTESIAN_POINT('',(8.00000220067741,-85.1550052720238,75.4642836367893));
#6223=CARTESIAN_POINT('',(8.00000220067741,-78.0319679977772,66.181252500031));
#6224=CARTESIAN_POINT('',(8.00000220067741,-87.3412711260695,77.1418545267868));
#6225=CARTESIAN_POINT('',(8.00000220067741,-77.4329490092486,69.5389764407852));
#6226=CARTESIAN_POINT('',(8.00000220067741,-89.8871866488597,78.1963964491114));
#6227=CARTESIAN_POINT('',(8.00000220067741,-78.3634929421725,73.4231751835404));
#6228=CARTESIAN_POINT('',(8.00000220067741,-92.619291212432,78.5560931809602));
#6229=CARTESIAN_POINT('',(8.00000220067741,-81.064866914553,77.0348890829344));
#6230=CARTESIAN_POINT('',(8.00000220067741,-95.3514209437205,78.1963964491089));
#6231=CARTESIAN_POINT('',(8.00000220067741,-85.3499540827868,79.5131329504535));
#6232=CARTESIAN_POINT('',(8.00000220067741,-97.8973282822014,77.1418474921338));
#6233=CARTESIAN_POINT('',(8.00000220067741,-90.6162760343888,80.1577569628192));
#6234=CARTESIAN_POINT('',(8.00000220067741,-100.083565962424,75.4642982205438));
#6235=CARTESIAN_POINT('',(8.00000220067741,-95.970782685397,78.6201291958302));
#6236=CARTESIAN_POINT('',(8.00000220067741,-101.761143340328,73.2780441267621));
#6237=CARTESIAN_POINT('',(8.00000220067741,-100.433588603578,75.008141358738));
#6238=CARTESIAN_POINT('',(8.00000220067741,-102.815690017318,70.7321297088648));
#6239=CARTESIAN_POINT('',(8.00000220067741,-103.16939419668,69.8782077445204));
#6240=CARTESIAN_POINT('',(8.00000220067741,-103.008816697916,69.2652537309632));
#6241=CARTESIAN_POINT('',(8.00000220067741,-103.603683354206,64.7469986381763));
#6242=CARTESIAN_POINT('',(8.00000220067741,-103.119291305542,68.4259519869505));
#6243=CARTESIAN_POINT('',(8.00000220067741,-103.658845767069,64.3268290275479));
#6244=CARTESIAN_POINT('',(8.00000220067741,-103.119291305542,43.5739901490028));
#6245=CARTESIAN_POINT('',(8.00000220067741,-103.119291305542,49.7869957897571));
#6246=CARTESIAN_POINT('',(8.00000220067741,-102.815705887232,41.2679114657233));
#6247=CARTESIAN_POINT('',(8.00000220067741,-103.507093916601,46.5197947916081));
#6248=CARTESIAN_POINT('',(8.00000220067741,-101.761139823002,38.7219502426398));
#6249=CARTESIAN_POINT('',(8.00000220067741,-102.642119099522,40.8488336617435));
#6250=CARTESIAN_POINT('',(8.00000220067741,-100.083558670498,36.5357038135924));
#6251=CARTESIAN_POINT('',(8.00000220067741,-99.5947635776802,35.8986994429762));
#6252=CARTESIAN_POINT('',(8.00000220067741,-97.8973393487783,34.8581686288938));
#6253=CARTESIAN_POINT('',(8.00000220067741,-94.8776682271028,32.5411071600358));
#6254=CARTESIAN_POINT('',(8.00000220067741,-95.3514347734743,33.8036082326611));
#6255=CARTESIAN_POINT('',(8.00000220067741,-89.3433977917147,31.3149690583872));
#6256=CARTESIAN_POINT('',(8.00000220067741,-92.619291212432,33.4439096800628));
#6257=CARTESIAN_POINT('',(8.00000220067741,-83.9838892171426,32.3070215446438));
#6258=CARTESIAN_POINT('',(8.00000220067741,-89.8871728192132,33.8036082326613));
#6259=CARTESIAN_POINT('',(8.00000220067741,-79.6988077179436,35.1449630543879));
#6260=CARTESIAN_POINT('',(8.00000220067741,-87.3412600595648,34.8581615941853));
#6261=CARTESIAN_POINT('',(8.00000220067741,-77.0905224103269,39.1041632708482));
#6262=CARTESIAN_POINT('',(8.00000220067741,-85.1550125639282,36.5357183973633));
#6263=CARTESIAN_POINT('',(8.00000220067741,-76.3398208796495,43.2998129524371));
#6264=CARTESIAN_POINT('',(8.00000220067741,-83.4774507864847,38.7219723756272));
#6265=CARTESIAN_POINT('',(8.00000220067741,-77.1931682929216,46.911857115982));
#6266=CARTESIAN_POINT('',(8.00000220067741,-79.0612506172295,49.3836793712026));
#6267=CARTESIAN_POINT('',(8.00000220067741,-88.7555980682373,69.0352773666382));
#6268=CARTESIAN_POINT('',(8.00000220067741,-88.6192989349365,68.0000019073486));
#6269=CARTESIAN_POINT('',(8.00000220067741,-87.7019279174409,61.0320067449667));
#6270=CARTESIAN_POINT('',(8.00000220067741,-88.6192989349365,44.0000009536743));
#6271=CARTESIAN_POINT('',(8.00000220067741,-88.6192989349365,50.0000011920929));
#6272=CARTESIAN_POINT('',(8.00000220067741,-88.7555980682373,42.9647254943848));
#6273=CARTESIAN_POINT('',(8.00000220067741,-87.7700774840913,50.4503583864115));
#6274=CARTESIAN_POINT('',(8.00000220067741,-89.1551971435547,42.0000028610229));
#6275=CARTESIAN_POINT('',(8.00000220067741,-85.4300073327792,50.9934544128553));
#6276=CARTESIAN_POINT('',(8.00000220067741,-89.7908687591553,41.1715745925903));
#6277=CARTESIAN_POINT('',(8.00000220067741,-82.9282812756692,50.1151255179221));
#6278=CARTESIAN_POINT('',(8.00000220067741,-90.6192970275879,40.5359029769897));
#6279=CARTESIAN_POINT('',(8.00000220067741,-81.0504304049378,47.8783092386626));
#6280=CARTESIAN_POINT('',(8.00000220067741,-91.5840244293213,40.1362991333008));
#6281=CARTESIAN_POINT('',(8.00000220067741,-80.4556275300364,44.745839783914));
#6282=CARTESIAN_POINT('',(8.00000220067741,-92.6192951202393,40.));
#6283=CARTESIAN_POINT('',(8.00000220067741,-81.4890886644013,41.4653534642658));
#6284=CARTESIAN_POINT('',(8.00000220067741,-93.6545753479004,40.1362991333008));
#6285=CARTESIAN_POINT('',(8.00000220067741,-84.0773153301592,38.875411303188));
#6286=CARTESIAN_POINT('',(8.00000220067741,-94.6192932128906,40.5359029769897));
#6287=CARTESIAN_POINT('',(8.00000220067741,-87.7335935823044,37.6837198271548));
#6288=CARTESIAN_POINT('',(8.00000220067741,-95.4477214813232,41.1715745925903));
#6289=CARTESIAN_POINT('',(8.00000220067741,-91.6743919999168,38.2762141382964));
#6290=CARTESIAN_POINT('',(8.00000220067741,-96.083402633667,42.0000028610229));
#6291=CARTESIAN_POINT('',(8.00000220067741,-95.0162958982222,40.6093349423376));
#6292=CARTESIAN_POINT('',(8.00000220067741,-96.4830017089844,42.9647254943848));
#6293=CARTESIAN_POINT('',(8.00000220067741,-97.0004392253179,44.213936801896));
#6294=CARTESIAN_POINT('',(8.00000220067741,-96.619291305542,44.0000009536743));
#6295=CARTESIAN_POINT('',(8.00000220067741,-97.1866880055881,48.3100282343794));
#6296=CARTESIAN_POINT('',(8.00000220067741,-96.619291305542,68.0000019073486));
#6297=CARTESIAN_POINT('',(8.00000220067741,-96.619291305542,62.0000016689301));
#6298=CARTESIAN_POINT('',(8.00000220067741,-96.564416885376,68.416895866394));
#6299=CARTESIAN_POINT('',(8.00000220067741,-97.1592020454581,63.8981722166875));
#6300=CARTESIAN_POINT('',(8.00000220067741,-96.4830017089844,69.0352773666382));
#6301=CARTESIAN_POINT('',(8.00000220067741,-97.1185825602931,64.2077813422082));
#6302=CARTESIAN_POINT('',(8.00000220067741,-96.083402633667,70.));
#6303=CARTESIAN_POINT('',(8.00000220067741,-96.8006396876592,68.2684273758078));
#6304=CARTESIAN_POINT('',(8.00000220067741,-95.4477214813232,70.8284330368042));
#6305=CARTESIAN_POINT('',(8.00000220067741,-94.6984825130599,71.8048570057735));
#6306=CARTESIAN_POINT('',(8.00000220067741,-94.6192932128906,71.4641046524048));
#6307=CARTESIAN_POINT('',(8.00000220067741,-91.260179017172,74.0416284153484));
#6308=CARTESIAN_POINT('',(8.00000220067741,-93.6545753479004,71.8637037277222));
#6309=CARTESIAN_POINT('',(8.00000220067741,-87.2511788058294,74.5160764368437));
#6310=CARTESIAN_POINT('',(8.00000220067741,-92.6192951202393,72.0000028610229));
#6311=CARTESIAN_POINT('',(8.00000220067741,-83.5596752163286,73.1927411244854));
#6312=CARTESIAN_POINT('',(8.00000220067741,-91.5840244293213,71.8637037277222));
#6313=CARTESIAN_POINT('',(8.00000220067741,-80.9714533189423,70.4664998301068));
#6314=CARTESIAN_POINT('',(8.00000220067741,-90.6192970275879,71.4641046524048));
#6315=CARTESIAN_POINT('',(8.00000220067741,-79.9732583987285,67.0544162945934));
#6316=CARTESIAN_POINT('',(8.00000220067741,-89.7908687591553,70.8284330368042));
#6317=CARTESIAN_POINT('',(8.00000220067741,-80.63621511925,63.8038616993816));
#6318=CARTESIAN_POINT('',(8.00000220067741,-89.1551971435547,70.));
#6319=CARTESIAN_POINT('',(8.00000220067741,-82.6104734298552,61.4706505558504));
#6320=CARTESIAN_POINT('',(8.00000220067741,-85.2302077951205,60.5241871314868));
#6321=CARTESIAN_POINT('Origin',(12.0000026668467,-103.119291305542,68.4259519869505));
#6322=CARTESIAN_POINT('',(12.000002663295,-103.008816697916,69.2652537309632));
#6323=CARTESIAN_POINT('',(12.000002663295,-103.008816697916,69.2652537309632));
#6324=CARTESIAN_POINT('',(12.0000026668467,-103.119291305542,68.4259519869505));
#6325=CARTESIAN_POINT('',(12.0000025929283,-100.820093434959,85.8935024411757));
#6326=CARTESIAN_POINT('',(12.0000026668467,-103.119291305542,68.4259519869505));
#6327=CARTESIAN_POINT('Origin',(12.000002663295,-103.008816697916,69.2652537309632));
#6328=CARTESIAN_POINT('',(12.000002657086,-102.815690017318,70.7321297088648));
#6329=CARTESIAN_POINT('',(12.000002657086,-102.815690017318,70.7321297088648));
#6330=CARTESIAN_POINT('',(12.0000025911312,-100.764194891747,86.3140726551347));
#6331=CARTESIAN_POINT('Origin',(12.000002657086,-102.815690017318,70.7321297088648));
#6332=CARTESIAN_POINT('',(12.0000026231827,-101.761143340328,73.2780441267621));
#6333=CARTESIAN_POINT('',(12.0000026231827,-101.761143340328,73.2780441267621));
#6334=CARTESIAN_POINT('',(12.0000023595213,-93.5600681596938,93.0772962606058));
#6335=CARTESIAN_POINT('Origin',(12.0000026231827,-101.761143340328,73.2780441267621));
#6336=CARTESIAN_POINT('',(12.0000025692493,-100.083565962424,75.4642982205438));
#6337=CARTESIAN_POINT('',(12.0000025692493,-100.083565962424,75.4642982205438));
#6338=CARTESIAN_POINT('',(12.0000020568341,-84.1451147549042,96.2356227865121));
#6339=CARTESIAN_POINT('Origin',(12.0000025692493,-100.083565962424,75.4642982205438));
#6340=CARTESIAN_POINT('',(12.0000024989625,-97.8973282822014,77.1418474921338));
#6341=CARTESIAN_POINT('',(12.0000024989625,-97.8973282822014,77.1418474921338));
#6342=CARTESIAN_POINT('',(12.0000017590884,-74.8838649967721,94.8005947182415));
#6343=CARTESIAN_POINT('Origin',(12.0000024989625,-97.8973282822014,77.1418474921338));
#6344=CARTESIAN_POINT('',(12.0000024171126,-95.3514209437205,78.1963964491089));
#6345=CARTESIAN_POINT('',(12.0000024171126,-95.3514209437205,78.1963964491089));
#6346=CARTESIAN_POINT('',(12.0000015344732,-67.8973060846535,89.5682589484641));
#6347=CARTESIAN_POINT('Origin',(12.0000024171126,-95.3514209437205,78.1963964491089));
#6348=CARTESIAN_POINT('',(12.0000023292757,-92.619291212432,78.5560931809602));
#6349=CARTESIAN_POINT('',(12.0000023292757,-92.619291212432,78.5560931809602));
#6350=CARTESIAN_POINT('',(12.0000014285478,-64.6025417913914,82.244619786573));
#6351=CARTESIAN_POINT('Origin',(12.0000023292757,-92.619291212432,78.5560931809602));
#6352=CARTESIAN_POINT('',(12.0000022414395,-89.8871866488597,78.1963964491114));
#6353=CARTESIAN_POINT('',(12.0000022414395,-89.8871866488597,78.1963964491114));
#6354=CARTESIAN_POINT('',(12.0000014530451,-65.3645221513377,74.967851541427));
#6355=CARTESIAN_POINT('Origin',(12.0000022414395,-89.8871866488597,78.1963964491114));
#6356=CARTESIAN_POINT('',(12.0000021595893,-87.3412711260695,77.1418545267868));
#6357=CARTESIAN_POINT('',(12.0000021595893,-87.3412711260695,77.1418545267868));
#6358=CARTESIAN_POINT('',(12.0000015838454,-69.4330070932428,69.7240847659205));
#6359=CARTESIAN_POINT('Origin',(12.0000021595893,-87.3412711260695,77.1418545267868));
#6360=CARTESIAN_POINT('',(12.0000020893017,-85.1550052720238,75.4642836367893));
#6361=CARTESIAN_POINT('',(12.0000020893017,-85.1550052720238,75.4642836367893));
#6362=CARTESIAN_POINT('',(12.000001768659,-75.1815554650311,67.8114316114505));
#6363=CARTESIAN_POINT('Origin',(12.0000020893017,-85.1550052720238,75.4642836367893));
#6364=CARTESIAN_POINT('',(12.0000020353688,-83.4774472691758,73.2780219938158));
#6365=CARTESIAN_POINT('',(12.0000020353688,-83.4774472691758,73.2780219938158));
#6366=CARTESIAN_POINT('',(12.0000019421899,-80.5791565569882,69.5008519624459));
#6367=CARTESIAN_POINT('Origin',(12.0000020353688,-83.4774472691758,73.2780219938158));
#6368=CARTESIAN_POINT('',(12.0000020014657,-82.422905346846,70.7321190547451));
#6369=CARTESIAN_POINT('',(12.0000020014657,-82.422905346846,70.7321190547451));
#6370=CARTESIAN_POINT('',(12.0000020447012,-83.7677254603538,73.9788192636249));
#6371=CARTESIAN_POINT('Origin',(12.0000020014657,-82.422905346846,70.7321190547451));
#6372=CARTESIAN_POINT('',(12.0000019917049,-82.1192989349365,68.42604226672));
#6373=CARTESIAN_POINT('',(12.0000019917049,-82.1192989349365,68.42604226672));
#6374=CARTESIAN_POINT('',(12.0000020389614,-83.5891921214177,79.5907819601322));
#6375=CARTESIAN_POINT('Origin',(12.0000019917049,-82.1192989349365,68.42604226672));
#6376=CARTESIAN_POINT('',(12.0000019917049,-82.1192989349365,43.5739605943029));
#6377=CARTESIAN_POINT('',(12.0000019917049,-82.1192989349365,43.5739605943029));
#6378=CARTESIAN_POINT('',(12.0000019917049,-82.1192989349365,81.71302113336));
#6379=CARTESIAN_POINT('Origin',(12.0000013363949,-61.7361676221695,41.2678838062715));
#6380=CARTESIAN_POINT('',(12.0000013363949,-61.7361676221695,41.2678838062715));
#6381=CARTESIAN_POINT('',(12.0000014408465,-64.9850904216698,65.9463071966744));
#6382=CARTESIAN_POINT('',(12.0000013363949,-61.7361676221695,41.2678838062715));
#6383=CARTESIAN_POINT('Origin',(12.000001302491,-60.6816004308945,38.7219502425901));
#6384=CARTESIAN_POINT('',(12.000001302491,-60.6816004308945,38.7219502425901));
#6385=CARTESIAN_POINT('',(12.0000015618799,-68.749781571694,58.200133647279));
#6386=CARTESIAN_POINT('',(12.000001302491,-60.6816004308945,38.7219502425901));
#6387=CARTESIAN_POINT('Origin',(12.0000012485581,-59.0040430528573,36.5357183973866));
#6388=CARTESIAN_POINT('',(12.0000012485581,-59.0040430528572,36.5357183973866));
#6389=CARTESIAN_POINT('',(12.0000015594515,-68.6742444933886,49.1381501327217));
#6390=CARTESIAN_POINT('',(12.0000012485581,-59.0040430528572,36.5357183973866));
#6391=CARTESIAN_POINT('Origin',(12.0000011782722,-56.8178283753579,34.8581771204994));
#6392=CARTESIAN_POINT('',(12.0000011782722,-56.8178283753579,34.8581771204994));
#6393=CARTESIAN_POINT('',(12.0000014244405,-64.4747868434323,40.7335671349411));
#6394=CARTESIAN_POINT('',(12.0000011782722,-56.8178283753579,34.8581771204994));
#6395=CARTESIAN_POINT('Origin',(12.0000010964215,-54.2718983290721,33.8035988023208));
#6396=CARTESIAN_POINT('',(12.0000010964215,-54.2718983290721,33.8035988023208));
#6397=CARTESIAN_POINT('',(12.0000011798011,-56.8653844030109,34.8778758375693));
#6398=CARTESIAN_POINT('',(12.0000010964215,-54.2718983290721,33.8035988023208));
#6399=CARTESIAN_POINT('Origin',(12.0000010085843,-51.5397624504694,33.4439138450261));
#6400=CARTESIAN_POINT('',(12.0000010085843,-51.5397624504694,33.443913845026));
#6401=CARTESIAN_POINT('',(12.0000008752887,-47.3936599735026,32.898080563436));
#6402=CARTESIAN_POINT('',(12.0000010085843,-51.5397624504694,33.443913845026));
#6403=CARTESIAN_POINT('Origin',(12.0000009207474,-48.8076334272181,33.8035995564832));
#6404=CARTESIAN_POINT('',(12.0000009207474,-48.8076334272181,33.8035995564832));
#6405=CARTESIAN_POINT('',(12.0000005752728,-38.0617969117706,35.218292574041));
#6406=CARTESIAN_POINT('',(12.0000009207474,-48.8076334272181,33.8035995564832));
#6407=CARTESIAN_POINT('Origin',(12.0000008388971,-46.261713693213,34.858173603096));
#6408=CARTESIAN_POINT('',(12.0000008388971,-46.261713693213,34.858173603096));
#6409=CARTESIAN_POINT('',(12.0000003425704,-30.8236890513181,41.2529314192427));
#6410=CARTESIAN_POINT('',(12.0000008388971,-46.261713693213,34.858173603096));
#6411=CARTESIAN_POINT('Origin',(12.0000007686105,-44.0754818479858,36.5357183973633));
#6412=CARTESIAN_POINT('',(12.0000007686105,-44.0754818479858,36.5357183973633));
#6413=CARTESIAN_POINT('',(12.0000002228987,-27.1013529442866,49.5603487181533));
#6414=CARTESIAN_POINT('',(12.0000007686105,-44.0754818479858,36.5357183973633));
#6415=CARTESIAN_POINT('Origin',(12.0000007146778,-42.3979285621476,38.7219613090864));
#6416=CARTESIAN_POINT('',(12.0000007146778,-42.3979285621477,38.7219613090864));
#6417=CARTESIAN_POINT('',(12.0000002336914,-27.4370553746321,58.2194659400955));
#6418=CARTESIAN_POINT('',(12.0000007146778,-42.3979285621477,38.7219613090864));
#6419=CARTESIAN_POINT('Origin',(12.0000006807742,-41.3433716832805,41.2678699765777));
#6420=CARTESIAN_POINT('',(12.0000006807742,-41.3433716832805,41.2678699765777));
#6421=CARTESIAN_POINT('',(12.0000003604637,-31.3802507883081,65.3208123546326));
#6422=CARTESIAN_POINT('',(12.0000006807742,-41.3433716832805,41.2678699765777));
#6423=CARTESIAN_POINT('Origin',(12.0000006710133,-41.0397634506226,43.5739605943029));
#6424=CARTESIAN_POINT('',(12.0000006710133,-41.0397634506226,43.5739605943029));
#6425=CARTESIAN_POINT('',(12.0000005623791,-37.6607422178018,69.2396979621099));
#6426=CARTESIAN_POINT('',(12.0000006710133,-41.0397634506226,43.5739605943029));
#6427=CARTESIAN_POINT('Origin',(12.0000006710133,-41.0397634506226,68.42604226672));
#6428=CARTESIAN_POINT('',(12.0000006710133,-41.0397634506226,81.71302113336));
#6429=CARTESIAN_POINT('Origin',(12.0000026668467,-103.119291305542,43.5739901490028));
#6430=CARTESIAN_POINT('',(12.0000026668467,-103.119291305542,43.5739901490028));
#6431=CARTESIAN_POINT('',(12.0000026668467,-103.119291305542,69.2869950745014));
#6432=CARTESIAN_POINT('',(12.0000026668467,-103.119291305542,43.5739901490028));
#6433=CARTESIAN_POINT('Origin',(12.0000026570865,-102.815705887232,41.2679114657233));
#6434=CARTESIAN_POINT('',(12.0000026570865,-102.815705887232,41.2679114657233));
#6435=CARTESIAN_POINT('',(12.0000027502856,-105.714622588814,63.2885014115108));
#6436=CARTESIAN_POINT('',(12.0000026570865,-102.815705887232,41.2679114657233));
#6437=CARTESIAN_POINT('Origin',(12.0000026231826,-101.761139823002,38.7219502426398));
#6438=CARTESIAN_POINT('',(12.0000026231826,-101.761139823002,38.7219502426398));
#6439=CARTESIAN_POINT('',(12.0000027858656,-106.821322981482,50.9383779660127));
#6440=CARTESIAN_POINT('',(12.0000026231826,-101.761139823002,38.7219502426398));
#6441=CARTESIAN_POINT('Origin',(12.000002569249,-100.083558670498,36.5357038135924));
#6442=CARTESIAN_POINT('',(12.000002569249,-100.083558670498,36.5357038135924));
#6443=CARTESIAN_POINT('',(12.0000026354215,-102.141823197987,39.2180619615371));
#6444=CARTESIAN_POINT('',(12.000002569249,-100.083558670498,36.5357038135924));
#6445=CARTESIAN_POINT('Origin',(12.0000024989629,-97.8973393487783,34.8581686288938));
#6446=CARTESIAN_POINT('',(12.0000024989629,-97.8973393487783,34.8581686288938));
#6447=CARTESIAN_POINT('',(12.0000023295002,-92.6262746828853,30.8135623307011));
#6448=CARTESIAN_POINT('',(12.0000024989629,-97.8973393487783,34.8581686288938));
#6449=CARTESIAN_POINT('Origin',(12.000002417113,-95.3514347734743,33.8036082326611));
#6450=CARTESIAN_POINT('',(12.000002417113,-95.3514347734743,33.8036082326611));
#6451=CARTESIAN_POINT('',(12.0000019368518,-80.4131194335773,27.615883878535));
#6452=CARTESIAN_POINT('',(12.000002417113,-95.3514347734743,33.8036082326611));
#6453=CARTESIAN_POINT('Origin',(12.0000023292757,-92.619291212432,33.4439096800628));
#6454=CARTESIAN_POINT('',(12.0000023292757,-92.619291212432,33.4439096800628));
#6455=CARTESIAN_POINT('',(12.0000015468897,-68.283516279408,30.2399993348729));
#6456=CARTESIAN_POINT('',(12.0000023292757,-92.619291212432,33.4439096800628));
#6457=CARTESIAN_POINT('Origin',(12.0000022414391,-89.8871728192132,33.8036082326613));
#6458=CARTESIAN_POINT('',(12.0000022414391,-89.8871728192132,33.8036082326613));
#6459=CARTESIAN_POINT('',(12.000001246865,-58.9513786928302,37.8764772556013));
#6460=CARTESIAN_POINT('',(12.0000022414391,-89.8871728192132,33.8036082326613));
#6461=CARTESIAN_POINT('Origin',(12.0000021595889,-87.3412600595648,34.8581615941853));
#6462=CARTESIAN_POINT('',(12.0000021595889,-87.3412600595648,34.8581615941853));
#6463=CARTESIAN_POINT('',(12.0000010996253,-54.3715519691184,48.514684726599));
#6464=CARTESIAN_POINT('',(12.0000021595889,-87.3412600595648,34.8581615941853));
#6465=CARTESIAN_POINT('Origin',(12.0000020893019,-85.1550125639282,36.5357183973633));
#6466=CARTESIAN_POINT('',(12.0000020893019,-85.1550125639282,36.5357183973633));
#6467=CARTESIAN_POINT('',(12.0000011279604,-55.2529031910246,59.4802784748483));
#6468=CARTESIAN_POINT('',(12.0000020893019,-85.1550125639282,36.5357183973633));
#6469=CARTESIAN_POINT('Origin',(12.0000020353689,-83.4774507864847,38.7219723756272));
#6470=CARTESIAN_POINT('',(12.0000020353689,-83.4774507864847,38.7219723756272));
#6471=CARTESIAN_POINT('',(12.0000013096667,-60.904796956005,68.1394012300609));
#6472=CARTESIAN_POINT('',(12.0000020353689,-83.4774507864847,38.7219723756272));
#6473=CARTESIAN_POINT('Origin',(12.0000020014657,-82.422905346846,41.2678838062778));
#6474=CARTESIAN_POINT('',(12.0000020014657,-82.422905346846,41.2678838062778));
#6475=CARTESIAN_POINT('',(12.0000015844536,-69.4519245802431,72.582767887288));
#6476=CARTESIAN_POINT('',(12.0000020014657,-82.422905346846,41.2678838062778));
#6477=CARTESIAN_POINT('Origin',(12.0000019917049,-82.1192989349365,43.5739605943029));
#6478=CARTESIAN_POINT('',(12.0000018718198,-78.3903271077816,71.8977872214052));
#6479=CARTESIAN_POINT('Origin',(0.,-55.003867149353,42.0000028610229));
#6480=CARTESIAN_POINT('',(0.,-54.3681907653809,41.1715745925903));
#6481=CARTESIAN_POINT('',(6.00000088436785,-54.3681907653809,41.1715745925903));
#6482=CARTESIAN_POINT('',(0.,-55.003867149353,42.0000028610229));
#6483=CARTESIAN_POINT('',(1.56268112192103E-6,-69.9565739566645,61.4867186193734));
#6484=CARTESIAN_POINT('',(6.00000088436785,-55.003867149353,42.0000028610229));
#6485=CARTESIAN_POINT('Origin',(0.,-54.3681907653809,41.1715745925903));
#6486=CARTESIAN_POINT('',(0.,-53.5397672653198,40.5359029769897));
#6487=CARTESIAN_POINT('',(6.00000088436785,-53.5397672653198,40.5359029769897));
#6488=CARTESIAN_POINT('',(1.61940408157815E-6,-71.2254602860655,54.1066105374164));
#6489=CARTESIAN_POINT('Origin',(0.,-53.5397672653198,40.5359029769897));
#6490=CARTESIAN_POINT('',(0.,-52.575044631958,40.1362943649292));
#6491=CARTESIAN_POINT('',(6.00000088436785,-52.575044631958,40.1362943649292));
#6492=CARTESIAN_POINT('',(1.50893385682031E-6,-68.7542535851388,46.8380664706463));
#6493=CARTESIAN_POINT('Origin',(0.,-52.575044631958,40.1362943649292));
#6494=CARTESIAN_POINT('',(0.,-51.5397644042969,40.));
#6495=CARTESIAN_POINT('',(6.00000088436785,-51.5397644042969,40.));
#6496=CARTESIAN_POINT('',(1.25315198049297E-6,-63.0324413217778,41.5130078407305));
#6497=CARTESIAN_POINT('Origin',(0.,-51.5397644042969,40.));
#6498=CARTESIAN_POINT('',(0.,-50.5044889450073,40.1362943649292));
#6499=CARTESIAN_POINT('',(6.00000088436785,-50.5044889450073,40.1362943649292));
#6500=CARTESIAN_POINT('',(9.11843342755453E-7,-55.3974048718209,39.492140325622));
#6501=CARTESIAN_POINT('Origin',(0.,-50.5044889450073,40.1362943649292));
#6502=CARTESIAN_POINT('',(0.,-49.5397663116455,40.5359029769897));
#6503=CARTESIAN_POINT('',(6.00000088436785,-49.5397663116455,40.5359029769897));
#6504=CARTESIAN_POINT('',(5.6718755696325E-7,-47.6874930903449,41.3031539002333));
#6505=CARTESIAN_POINT('Origin',(0.,-49.5397663116455,40.5359029769897));
#6506=CARTESIAN_POINT('',(0.,-48.7113380432129,41.1715745925903));
#6507=CARTESIAN_POINT('',(6.00000088436785,-48.7113380432129,41.1715745925903));
#6508=CARTESIAN_POINT('',(3.02478091398532E-7,-41.7659716438543,46.500910213128));
#6509=CARTESIAN_POINT('Origin',(0.,-48.7113380432129,41.1715745925903));
#6510=CARTESIAN_POINT('',(0.,-48.0756664276123,42.0000028610229));
#6511=CARTESIAN_POINT('',(6.00000088436785,-48.0756664276123,42.0000028610229));
#6512=CARTESIAN_POINT('',(1.80302760462114E-7,-39.0329230132407,53.7848050840552));
#6513=CARTESIAN_POINT('Origin',(0.,-48.0756664276123,42.0000028610229));
#6514=CARTESIAN_POINT('',(0.,-47.6760625839233,42.9647254943848));
#6515=CARTESIAN_POINT('',(6.00000088436785,-47.6760625839233,42.9647254943848));
#6516=CARTESIAN_POINT('',(2.26441837682175E-7,-40.0650490639545,61.3392159341009));
#6517=CARTESIAN_POINT('Origin',(0.,-47.6760625839233,42.9647254943848));
#6518=CARTESIAN_POINT('',(0.,-47.5397634506226,44.0000009536743));
#6519=CARTESIAN_POINT('',(6.00000088436785,-47.5397634506226,44.0000009536743));
#6520=CARTESIAN_POINT('',(4.23380001285523E-7,-44.4705339865351,67.3126799571877));
#6521=CARTESIAN_POINT('Origin',(0.,-47.5397634506226,44.0000009536743));
#6522=CARTESIAN_POINT('',(0.,-47.5397634506226,68.0000019073486));
#6523=CARTESIAN_POINT('',(6.00000088436785,-47.5397634506226,68.0000019073486));
#6524=CARTESIAN_POINT('',(5.60583606554162E-7,-47.5397634506226,69.5000004768372));
#6525=CARTESIAN_POINT('Origin',(0.,-47.5397634506226,68.0000019073486));
#6526=CARTESIAN_POINT('',(0.,-47.6760625839233,69.0352773666382));
#6527=CARTESIAN_POINT('',(6.00000088436785,-47.6760625839233,69.0352773666382));
#6528=CARTESIAN_POINT('',(6.45952056512651E-7,-49.4494462275661,82.5052131006923));
#6529=CARTESIAN_POINT('Origin',(0.,-47.6760625839233,69.0352773666382));
#6530=CARTESIAN_POINT('',(0.,-48.0756664276123,70.));
#6531=CARTESIAN_POINT('',(0.,-48.0756664276123,70.));
#6532=CARTESIAN_POINT('',(8.33903240285818E-7,-53.6538934060294,83.466942085515));
#6533=CARTESIAN_POINT('Origin',(0.,-96.619291305542,44.0000009536743));
#6534=CARTESIAN_POINT('',(0.,-96.4830017089844,42.9647254943848));
#6535=CARTESIAN_POINT('',(6.00000220067741,-96.4830017089844,42.9647254943848));
#6536=CARTESIAN_POINT('',(0.,-96.619291305542,44.0000009536743));
#6537=CARTESIAN_POINT('',(2.90684975467899E-6,-100.025880135774,69.8769417100271));
#6538=CARTESIAN_POINT('',(0.,-96.619291305542,44.0000009536743));
#6539=CARTESIAN_POINT('Origin',(0.,-96.4830017089844,42.9647254943848));
#6540=CARTESIAN_POINT('',(0.,-96.083402633667,42.0000028610229));
#6541=CARTESIAN_POINT('',(6.00000220067741,-96.083402633667,42.0000028610229));
#6542=CARTESIAN_POINT('',(3.20116548069659E-6,-106.609766135186,67.413027425316));
#6543=CARTESIAN_POINT('Origin',(0.,-96.083402633667,42.0000028610229));
#6544=CARTESIAN_POINT('',(0.,-95.4477214813232,41.1715745925903));
#6545=CARTESIAN_POINT('',(6.00000220067741,-95.4477214813232,41.1715745925903));
#6546=CARTESIAN_POINT('',(3.41104651870914E-6,-111.304835768096,61.8367802267282));
#6547=CARTESIAN_POINT('Origin',(0.,-95.4477214813232,41.1715745925903));
#6548=CARTESIAN_POINT('',(0.,-94.6192932128906,40.5359029769897));
#6549=CARTESIAN_POINT('',(6.00000220067741,-94.6192932128906,40.5359029769897));
#6550=CARTESIAN_POINT('',(3.47615461497807E-6,-112.761313440131,54.4566825393865));
#6551=CARTESIAN_POINT('Origin',(0.,-94.6192932128906,40.5359029769897));
#6552=CARTESIAN_POINT('',(0.,-93.6545753479004,40.1362991333008));
#6553=CARTESIAN_POINT('',(6.00000220067741,-93.6545753479004,40.1362991333008));
#6554=CARTESIAN_POINT('',(3.3729482312186E-6,-110.452571483735,47.0943374010174));
#6555=CARTESIAN_POINT('Origin',(0.,-93.6545753479004,40.1362991333008));
#6556=CARTESIAN_POINT('',(0.,-92.6192951202393,40.));
#6557=CARTESIAN_POINT('',(6.00000220067741,-92.6192951202393,40.));
#6558=CARTESIAN_POINT('',(3.12137017716527E-6,-104.824733480467,41.6068989106587));
#6559=CARTESIAN_POINT('Origin',(0.,-92.6192951202393,40.));
#6560=CARTESIAN_POINT('',(0.,-91.5840244293213,40.1362991333008));
#6561=CARTESIAN_POINT('',(6.00000220067741,-91.5840244293213,40.1362991333008));
#6562=CARTESIAN_POINT('',(2.78005394625729E-6,-97.1894392865274,39.3983151514003));
#6563=CARTESIAN_POINT('Origin',(0.,-91.5840244293213,40.1362991333008));
#6564=CARTESIAN_POINT('',(0.,-90.6192970275879,40.5359029769897));
#6565=CARTESIAN_POINT('',(6.00000220067741,-90.6192970275879,40.5359029769897));
#6566=CARTESIAN_POINT('',(2.43122144343827E-6,-89.3860049864759,41.046750123172));
#6567=CARTESIAN_POINT('Origin',(0.,-90.6192970275879,40.5359029769897));
#6568=CARTESIAN_POINT('',(0.,-89.7908687591553,41.1715745925903));
#6569=CARTESIAN_POINT('',(6.00000220067741,-89.7908687591553,41.1715745925903));
#6570=CARTESIAN_POINT('',(2.15924391296015E-6,-83.3018277007448,46.1507615306491));
#6571=CARTESIAN_POINT('Origin',(0.,-89.7908687591553,41.1715745925903));
#6572=CARTESIAN_POINT('',(0.,-89.1551971435547,42.0000028610229));
#6573=CARTESIAN_POINT('',(6.00000220067741,-89.1551971435547,42.0000028610229));
#6574=CARTESIAN_POINT('',(2.02868164850388E-6,-80.3811306770532,53.4346564015762));
#6575=CARTESIAN_POINT('Origin',(0.,-89.1551971435547,42.0000028610229));
#6576=CARTESIAN_POINT('',(0.,-88.7555980682373,42.9647254943848));
#6577=CARTESIAN_POINT('',(6.00000220067741,-88.7555980682373,42.9647254943848));
#6578=CARTESIAN_POINT('',(2.06755817685425E-6,-81.2508043237018,61.0829966097901));
#6579=CARTESIAN_POINT('Origin',(0.,-88.7555980682373,42.9647254943848));
#6580=CARTESIAN_POINT('',(0.,-88.6192989349365,44.0000009536743));
#6581=CARTESIAN_POINT('',(6.00000220067741,-88.6192989349365,44.0000009536743));
#6582=CARTESIAN_POINT('',(2.26029797072028E-6,-85.5624218085533,67.2188563812016));
#6583=CARTESIAN_POINT('Origin',(0.,-88.6192989349365,44.0000009536743));
#6584=CARTESIAN_POINT('',(0.,-88.6192989349365,68.0000019073486));
#6585=CARTESIAN_POINT('',(6.00000220067741,-88.6192989349365,68.0000019073486));
#6586=CARTESIAN_POINT('',(2.39694781716025E-6,-88.6192989349365,69.5000004768372));
#6587=CARTESIAN_POINT('Origin',(0.,-88.6192989349365,68.0000019073486));
#6588=CARTESIAN_POINT('',(0.,-88.7555980682373,69.0352773666382));
#6589=CARTESIAN_POINT('',(0.,-88.7555980682373,69.0352773666382));
#6590=CARTESIAN_POINT('',(2.48286746404499E-6,-90.5413340495843,82.5990366766785));
#6591=CARTESIAN_POINT('Origin',(0.,-55.403470993042,42.9647254943848));
#6592=CARTESIAN_POINT('',(0.,-55.403470993042,42.9647254943848));
#6593=CARTESIAN_POINT('',(1.36006870503185E-6,-65.4241566161096,67.15664049984));
#6594=CARTESIAN_POINT('',(0.,-55.403470993042,42.9647254943848));
#6595=CARTESIAN_POINT('Origin',(0.,-55.5397653579712,44.0000009536743));
#6596=CARTESIAN_POINT('',(0.,-55.5397653579712,44.0000009536743));
#6597=CARTESIAN_POINT('',(1.06994500160141E-6,-58.9341214814246,69.7831182272757));
#6598=CARTESIAN_POINT('',(0.,-55.5397653579712,44.0000009536743));
#6599=CARTESIAN_POINT('Origin',(0.,-55.5397653579712,68.0000019073486));
#6600=CARTESIAN_POINT('',(0.,-55.5397653579712,68.0000019073486));
#6601=CARTESIAN_POINT('',(9.18207276171367E-7,-55.5397653579712,81.5000009536743));
#6602=CARTESIAN_POINT('',(0.,-55.5397653579712,68.0000019073486));
#6603=CARTESIAN_POINT('Origin',(0.,-55.403470993042,69.0352773666382));
#6604=CARTESIAN_POINT('',(0.,-55.403470993042,69.0352773666382));
#6605=CARTESIAN_POINT('',(8.41287704106487E-7,-53.8190830443812,81.0700959895117));
#6606=CARTESIAN_POINT('',(0.,-55.403470993042,69.0352773666382));
#6607=CARTESIAN_POINT('Origin',(0.,-55.003867149353,70.));
#6608=CARTESIAN_POINT('',(0.,-55.003867149353,70.));
#6609=CARTESIAN_POINT('',(7.34743832565545E-7,-51.4357084303457,78.6142401531377));
#6610=CARTESIAN_POINT('',(0.,-55.003867149353,70.));
#6611=CARTESIAN_POINT('Origin',(0.,-54.3681907653809,70.8284330368042));
#6612=CARTESIAN_POINT('',(0.,-54.3681907653809,70.8284330368042));
#6613=CARTESIAN_POINT('',(7.06467430083409E-7,-50.8031684364684,75.4744799070069));
#6614=CARTESIAN_POINT('',(0.,-54.3681907653809,70.8284330368042));
#6615=CARTESIAN_POINT('Origin',(0.,-53.5397672653198,71.4641046524048));
#6616=CARTESIAN_POINT('',(0.,-53.5397672653198,71.4641046524048));
#6617=CARTESIAN_POINT('',(7.58882935112831E-7,-51.9756974825991,72.6642574312925));
#6618=CARTESIAN_POINT('',(0.,-53.5397672653198,71.4641046524048));
#6619=CARTESIAN_POINT('Origin',(0.,-52.575044631958,71.8637037277222));
#6620=CARTESIAN_POINT('',(0.,-52.575044631958,71.8637037277222));
#6621=CARTESIAN_POINT('',(8.70977467501879E-7,-54.4832397654564,71.0733076237001));
#6622=CARTESIAN_POINT('',(0.,-52.575044631958,71.8637037277222));
#6623=CARTESIAN_POINT('Origin',(0.,-51.5397644042969,72.0000028610229));
#6624=CARTESIAN_POINT('',(0.,-51.5397644042969,72.0000028610229));
#6625=CARTESIAN_POINT('',(1.00439938419605E-6,-57.4678732746924,71.2195416104754));
#6626=CARTESIAN_POINT('',(0.,-51.5397644042969,72.0000028610229));
#6627=CARTESIAN_POINT('Origin',(0.,-50.5044889450073,71.8637037277222));
#6628=CARTESIAN_POINT('',(0.,-50.5044889450073,71.8637037277222));
#6629=CARTESIAN_POINT('',(1.11431618071043E-6,-59.9266998470664,73.1041843826091));
#6630=CARTESIAN_POINT('',(0.,-50.5044889450073,71.8637037277222));
#6631=CARTESIAN_POINT('Origin',(0.,-49.5397663116455,71.4641046524048));
#6632=CARTESIAN_POINT('',(0.,-49.5397663116455,71.4641046524048));
#6633=CARTESIAN_POINT('',(1.16202202522261E-6,-60.9938743086944,76.208526319238));
#6634=CARTESIAN_POINT('',(0.,-49.5397663116455,71.4641046524048));
#6635=CARTESIAN_POINT('Origin',(0.,-48.7113380432129,70.8284330368042));
#6636=CARTESIAN_POINT('',(0.,-48.7113380432129,70.8284330368042));
#6637=CARTESIAN_POINT('',(1.12596490421488E-6,-60.1872805025738,79.6341814179927));
#6638=CARTESIAN_POINT('',(0.,-48.7113380432129,70.8284330368042));
#6639=CARTESIAN_POINT('Origin',(0.,-48.0756664276123,70.));
#6640=CARTESIAN_POINT('',(1.00809650446733E-6,-57.5505774459617,82.3480884087685));
#6641=CARTESIAN_POINT('Origin',(0.,-96.619291305542,68.0000019073486));
#6642=CARTESIAN_POINT('',(0.,-96.619291305542,68.0000019073486));
#6643=CARTESIAN_POINT('',(2.75456694405583E-6,-96.619291305542,81.5000009536743));
#6644=CARTESIAN_POINT('',(0.,-96.619291305542,68.0000019073486));
#6645=CARTESIAN_POINT('Origin',(0.,-96.564416885376,68.416895866394));
#6646=CARTESIAN_POINT('',(0.,-96.564416885376,68.416895866394));
#6647=CARTESIAN_POINT('',(2.68003204382882E-6,-94.9519346450184,80.6673051288394));
#6648=CARTESIAN_POINT('',(0.,-96.564416885376,68.416895866394));
#6649=CARTESIAN_POINT('Origin',(0.,-96.4830017089844,69.0352773666382));
#6650=CARTESIAN_POINT('',(0.,-96.4830017089844,69.0352773666382));
#6651=CARTESIAN_POINT('',(2.67819670859075E-6,-94.9108779262978,80.9761992732752));
#6652=CARTESIAN_POINT('',(0.,-96.4830017089844,69.0352773666382));
#6653=CARTESIAN_POINT('Origin',(0.,-96.083402633667,70.));
#6654=CARTESIAN_POINT('',(0.,-96.083402633667,70.));
#6655=CARTESIAN_POINT('',(2.57585311347742E-6,-92.6214366785818,78.3579695727426));
#6656=CARTESIAN_POINT('',(0.,-96.083402633667,70.));
#6657=CARTESIAN_POINT('Origin',(0.,-95.4477214813232,70.8284330368042));
#6658=CARTESIAN_POINT('',(0.,-95.4477214813232,70.8284330368042));
#6659=CARTESIAN_POINT('',(2.55484085398096E-6,-92.1513893488426,75.1242823454675));
#6660=CARTESIAN_POINT('',(0.,-95.4477214813232,70.8284330368042));
#6661=CARTESIAN_POINT('Origin',(0.,-94.6192932128906,71.4641046524048));
#6662=CARTESIAN_POINT('',(0.,-94.6192932128906,71.4641046524048));
#6663=CARTESIAN_POINT('',(2.615644521284E-6,-93.5115763129789,72.3140807073349));
#6664=CARTESIAN_POINT('',(0.,-94.6192932128906,71.4641046524048));
#6665=CARTESIAN_POINT('Origin',(0.,-93.6545753479004,71.8637037277222));
#6666=CARTESIAN_POINT('',(0.,-93.6545753479004,71.8637037277222));
#6667=CARTESIAN_POINT('',(2.73499999275737E-6,-96.1815757323775,70.8169862846136));
#6668=CARTESIAN_POINT('',(0.,-93.6545753479004,71.8637037277222));
#6669=CARTESIAN_POINT('Origin',(0.,-92.6192951202393,72.0000028610229));
#6670=CARTESIAN_POINT('',(0.,-92.6192951202393,72.0000028610229));
#6671=CARTESIAN_POINT('',(2.87261546335704E-6,-99.2600540129759,71.1257181433632));
#6672=CARTESIAN_POINT('',(0.,-92.6192951202393,72.0000028610229));
#6673=CARTESIAN_POINT('Origin',(0.,-91.5840244293213,71.8637037277222));
#6674=CARTESIAN_POINT('',(0.,-91.5840244293213,71.8637037277222));
#6675=CARTESIAN_POINT('',(2.98253133520666E-6,-101.718888202967,73.1980148026783));
#6676=CARTESIAN_POINT('',(0.,-91.5840244293213,71.8637037277222));
#6677=CARTESIAN_POINT('Origin',(0.,-90.6192970275879,71.4641046524048));
#6678=CARTESIAN_POINT('',(0.,-90.6192970275879,71.4641046524048));
#6679=CARTESIAN_POINT('',(3.02604212965651E-6,-102.692231062616,76.4648263776264));
#6680=CARTESIAN_POINT('',(0.,-90.6192970275879,71.4641046524048));
#6681=CARTESIAN_POINT('Origin',(0.,-89.7908687591553,70.8284330368042));
#6682=CARTESIAN_POINT('',(0.,-89.7908687591553,70.8284330368042));
#6683=CARTESIAN_POINT('',(2.98272124708046E-6,-101.723136559464,79.9843301004717));
#6684=CARTESIAN_POINT('',(0.,-89.7908687591553,70.8284330368042));
#6685=CARTESIAN_POINT('Origin',(0.,-89.1551971435547,70.));
#6686=CARTESIAN_POINT('',(0.,-89.1551971435547,70.));
#6687=CARTESIAN_POINT('',(2.85646577721419E-6,-98.89878316303,82.6982365696013));
#6688=CARTESIAN_POINT('',(0.,-89.1551971435547,70.));
#6689=CARTESIAN_POINT('Origin',(0.,-88.7555980682373,69.0352773666382));
#6690=CARTESIAN_POINT('',(2.67500749298497E-6,-94.8395347049889,83.7232777549067));
#6691=CARTESIAN_POINT('Origin',(12.000002861023,-109.159059524536,95.));
#6692=CARTESIAN_POINT('',(3.31512552520508E-6,-109.159069061279,95.));
#6693=CARTESIAN_POINT('',(12.0000028610229,-109.159059524536,95.));
#6694=CARTESIAN_POINT('',(3.31512552520508E-6,-109.159069061279,95.));
#6695=CARTESIAN_POINT('',(3.31512552520508E-6,-109.159069061279,10.));
#6696=CARTESIAN_POINT('',(3.31512552520508E-6,-109.159069061279,95.));
#6697=CARTESIAN_POINT('',(12.0000028610229,-109.159059524536,10.));
#6698=CARTESIAN_POINT('',(3.31512552520508E-6,-109.159069061279,10.));
#6699=CARTESIAN_POINT('',(12.0000028610229,-109.159059524536,95.));
#6700=CARTESIAN_POINT('Origin',(12.0000004768372,-34.9999976158142,95.));
#6701=CARTESIAN_POINT('',(12.0000004768372,-34.9999976158142,95.));
#6702=CARTESIAN_POINT('',(12.0000004768372,-34.9999976158142,95.));
#6703=CARTESIAN_POINT('',(12.0000004768372,-34.9999976158142,10.));
#6704=CARTESIAN_POINT('',(12.0000004768372,-34.9999976158142,10.));
#6705=CARTESIAN_POINT('',(12.0000004768372,-34.9999976158142,95.));
#6706=CARTESIAN_POINT('Origin',(1.92125352085903E-11,-35.,95.));
#6707=CARTESIAN_POINT('',(1.92125352085903E-11,-35.,95.));
#6708=CARTESIAN_POINT('',(1.92125352085903E-11,-35.,95.));
#6709=CARTESIAN_POINT('',(1.92125352085903E-11,-35.,10.));
#6710=CARTESIAN_POINT('',(1.92125352085903E-11,-35.,10.));
#6711=CARTESIAN_POINT('',(1.92125352085903E-11,-35.,95.));
#6712=CARTESIAN_POINT('Origin',(1.413952617213E-6,-66.6295337677002,95.));
#6713=CARTESIAN_POINT('',(1.413952617213E-6,-66.6295337677002,95.));
#6714=CARTESIAN_POINT('',(1.92125352085903E-11,-35.,95.));
#6715=CARTESIAN_POINT('',(1.413952617213E-6,-66.6295337677002,10.));
#6716=CARTESIAN_POINT('',(1.92125352085903E-11,-35.,10.));
#6717=CARTESIAN_POINT('',(1.413952617213E-6,-66.6295337677002,95.));
#6718=CARTESIAN_POINT('Origin',(6.50000154972076,-66.6295337677002,95.));
#6719=CARTESIAN_POINT('',(6.50000154972076,-66.6295337677002,95.));
#6720=CARTESIAN_POINT('',(1.413952617213E-6,-66.6295337677002,95.));
#6721=CARTESIAN_POINT('',(6.50000154972076,-66.6295337677002,10.));
#6722=CARTESIAN_POINT('',(1.413952617213E-6,-66.6295337677002,10.));
#6723=CARTESIAN_POINT('',(6.50000154972076,-66.6295337677002,95.));
#6724=CARTESIAN_POINT('Origin',(6.50000214576721,-75.5295324325562,95.));
#6725=CARTESIAN_POINT('',(6.50000214576721,-75.5295324325562,95.));
#6726=CARTESIAN_POINT('',(6.50000154972076,-66.6295337677002,95.));
#6727=CARTESIAN_POINT('',(6.50000214576721,-75.5295324325562,10.));
#6728=CARTESIAN_POINT('',(6.50000154972076,-66.6295337677002,10.));
#6729=CARTESIAN_POINT('',(6.50000214576721,-75.5295324325562,95.));
#6730=CARTESIAN_POINT('Origin',(1.81180340064202E-6,-75.5295324325562,95.));
#6731=CARTESIAN_POINT('',(1.81180340064202E-6,-75.5295324325562,95.));
#6732=CARTESIAN_POINT('',(1.81180340064202E-6,-75.5295324325562,95.));
#6733=CARTESIAN_POINT('',(1.81180340064202E-6,-75.5295324325562,10.));
#6734=CARTESIAN_POINT('',(1.81180340064202E-6,-75.5295324325562,10.));
#6735=CARTESIAN_POINT('',(1.81180340064202E-6,-75.5295324325562,95.));
#6736=CARTESIAN_POINT('Origin',(3.31512552520508E-6,-109.159069061279,95.));
#6737=CARTESIAN_POINT('',(1.81180340064202E-6,-75.5295324325562,95.));
#6738=CARTESIAN_POINT('',(1.81180340064202E-6,-75.5295324325562,10.));
#6739=CARTESIAN_POINT('Origin',(3.31512552520508E-6,-109.159069061279,95.));
#6740=CARTESIAN_POINT('Origin',(3.31512552520508E-6,-109.159069061279,10.));
#6741=UNCERTAINTY_MEASURE_WITH_UNIT(LENGTH_MEASURE(0.01),#6745,
'DISTANCE_ACCURACY_VALUE',
'Maximum model space distance between geometric entities at asserted c
onnectivities');
#6742=UNCERTAINTY_MEASURE_WITH_UNIT(LENGTH_MEASURE(0.01),#6745,
'DISTANCE_ACCURACY_VALUE',
'Maximum model space distance between geometric entities at asserted c
onnectivities');
#6743=(
GEOMETRIC_REPRESENTATION_CONTEXT(3)
GLOBAL_UNCERTAINTY_ASSIGNED_CONTEXT((#6741))
GLOBAL_UNIT_ASSIGNED_CONTEXT((#6745,#6747,#6748))
REPRESENTATION_CONTEXT('','3D')
);
#6744=(
GEOMETRIC_REPRESENTATION_CONTEXT(3)
GLOBAL_UNCERTAINTY_ASSIGNED_CONTEXT((#6742))
GLOBAL_UNIT_ASSIGNED_CONTEXT((#6745,#6747,#6748))
REPRESENTATION_CONTEXT('','3D')
);
#6745=(
LENGTH_UNIT()
NAMED_UNIT(*)
SI_UNIT(.MILLI.,.METRE.)
);
#6746=(
LENGTH_UNIT()
NAMED_UNIT(*)
SI_UNIT($,.METRE.)
);
#6747=(
NAMED_UNIT(*)
PLANE_ANGLE_UNIT()
SI_UNIT($,.RADIAN.)
);
#6748=(
NAMED_UNIT(*)
SI_UNIT($,.STERADIAN.)
SOLID_ANGLE_UNIT()
);
#6749=SHAPE_DEFINITION_REPRESENTATION(#6750,#6751);
#6750=PRODUCT_DEFINITION_SHAPE('',$,#6753);
#6751=SHAPE_REPRESENTATION('',(#4297),#6743);
#6752=PRODUCT_DEFINITION_CONTEXT('part definition',#6757,'design');
#6753=PRODUCT_DEFINITION('Rotary Motor Mount','Rotary Motor Mount v0',#6754,
#6752);
#6754=PRODUCT_DEFINITION_FORMATION('',$,#6759);
#6755=PRODUCT_RELATED_PRODUCT_CATEGORY('Rotary Motor Mount v0',
'Rotary Motor Mount v0',(#6759));
#6756=APPLICATION_PROTOCOL_DEFINITION('international standard',
'automotive_design',2009,#6757);
#6757=APPLICATION_CONTEXT(
'Core Data for Automotive Mechanical Design Process');
#6758=PRODUCT_CONTEXT('part definition',#6757,'mechanical');
#6759=PRODUCT('Rotary Motor Mount','Rotary Motor Mount v0',$,(#6758));
#6760=PRESENTATION_STYLE_ASSIGNMENT((#6761));
#6761=SURFACE_STYLE_USAGE(.BOTH.,#6762);
#6762=SURFACE_SIDE_STYLE('',(#6763));
#6763=SURFACE_STYLE_FILL_AREA(#6764);
#6764=FILL_AREA_STYLE('Steel - Satin',(#6765));
#6765=FILL_AREA_STYLE_COLOUR('Steel - Satin',#6766);
#6766=COLOUR_RGB('Steel - Satin',0.627450980392157,0.627450980392157,0.627450980392157);
ENDSEC;
END-ISO-10303-21;
