ISO-10303-21;
HEADER;
/* Generated by software containing ST-Developer
 * from STEP Tools, Inc. (www.steptools.com) 
 */

FILE_DESCRIPTION(
/* description */ (''),
/* implementation_level */ '2;1');

FILE_NAME(
/* name */ 'Rotary Mount v2.step',
/* time_stamp */ '2025-07-14T22:33:27-07:00',
/* author */ (''),
/* organization */ (''),
/* preprocessor_version */ 'ST-DEVELOPER v20.1',
/* originating_system */ 'Autodesk Translation Framework v14.10.0.0',
/* authorisation */ '');

FILE_SCHEMA (('AUTOMOTIVE_DESIGN { 1 0 10303 214 3 1 1 }'));
ENDSEC;

DATA;
#10=MECHANICAL_DESIGN_GEOMETRIC_PRESENTATION_REPRESENTATION('',(#23,#24),
#3200);
#11=ITEM_DEFINED_TRANSFORMATION($,$,#1974,#2108);
#12=ITEM_DEFINED_TRANSFORMATION($,$,#2099,#2109);
#13=(
REPRESENTATION_RELATIONSHIP($,$,#3214,#3213)
REPRESENTATION_RELATIONSHIP_WITH_TRANSFORMATION(#11)
SHAPE_REPRESENTATION_RELATIONSHIP()
);
#14=(
REPRESENTATION_RELATIONSHIP($,$,#3215,#3213)
REPRESENTATION_RELATIONSHIP_WITH_TRANSFORMATION(#12)
SHAPE_REPRESENTATION_RELATIONSHIP()
);
#15=CONTEXT_DEPENDENT_SHAPE_REPRESENTATION(#13,#3211);
#16=CONTEXT_DEPENDENT_SHAPE_REPRESENTATION(#14,#3212);
#17=NEXT_ASSEMBLY_USAGE_OCCURRENCE('Mount:1','Mount:1','Mount:1',#3217,
#3218,'Mount:1');
#18=NEXT_ASSEMBLY_USAGE_OCCURRENCE('Positioning Bar:1',
'Positioning Bar:1','Positioning Bar:1',#3217,#3219,'Positioning Bar:1');
#19=SHAPE_REPRESENTATION_RELATIONSHIP('SRR','None',#3214,#21);
#20=SHAPE_REPRESENTATION_RELATIONSHIP('SRR','None',#3215,#22);
#21=ADVANCED_BREP_SHAPE_REPRESENTATION('',(#25),#3198);
#22=ADVANCED_BREP_SHAPE_REPRESENTATION('',(#26),#3199);
#23=STYLED_ITEM('',(#3232),#25);
#24=STYLED_ITEM('',(#3232),#26);
#25=MANIFOLD_SOLID_BREP('Body1',#1948);
#26=MANIFOLD_SOLID_BREP('Body1',#1949);
#27=B_SPLINE_CURVE_WITH_KNOTS('',3,(#2762,#2763,#2764,#2765,#2766,#2767,
#2768,#2769,#2770,#2771,#2772,#2773,#2774,#2775,#2776,#2777,#2778,#2779),
 .UNSPECIFIED.,.F.,.F.,(4,2,2,2,2,2,2,2,4),(0.,0.469398752828785,0.93879750565757,
1.40801677838596,1.87723605111435,2.34620151861907,2.8151669861238,3.28395299902032,
3.75273901191684),.UNSPECIFIED.);
#28=B_SPLINE_CURVE_WITH_KNOTS('',3,(#2785,#2786,#2787,#2788,#2789,#2790,
#2791,#2792,#2793,#2794,#2795,#2796,#2797,#2798,#2799,#2800,#2801,#2802),
 .UNSPECIFIED.,.F.,.F.,(4,2,2,2,2,2,2,2,4),(-3.75273898866719,-3.28388921380652,
-2.81503943894586,-2.346047559158,-1.87705567937014,-1.40786282062623,-0.938669961882324,
-0.469334980941162,0.),.UNSPECIFIED.);
#29=CONICAL_SURFACE('',#2006,14.2285032142042,1.57061587969131);
#30=CONICAL_SURFACE('',#2008,14.2180146407778,1.57061668563406);
#31=CONICAL_SURFACE('',#2010,16.0200217021097,0.000179641161330335);
#32=CYLINDRICAL_SURFACE('',#1998,3.24999999999999);
#33=CYLINDRICAL_SURFACE('',#2000,3.25);
#34=CYLINDRICAL_SURFACE('',#2004,3.71945003312197);
#35=CYLINDRICAL_SURFACE('',#2011,12.4531173513888);
#36=CYLINDRICAL_SURFACE('',#2013,12.4531173513888);
#37=CYLINDRICAL_SURFACE('',#2027,3.24999999999999);
#38=CYLINDRICAL_SURFACE('',#2030,3.24999999999999);
#39=CYLINDRICAL_SURFACE('',#2034,3.24999999999999);
#40=CYLINDRICAL_SURFACE('',#2037,3.24999999999999);
#41=CYLINDRICAL_SURFACE('',#2085,3.24999999999999);
#42=CYLINDRICAL_SURFACE('',#2087,3.24999999999999);
#43=CYLINDRICAL_SURFACE('',#2089,3.24999999999999);
#44=CYLINDRICAL_SURFACE('',#2091,3.24999999999999);
#45=CYLINDRICAL_SURFACE('',#2096,18.75);
#46=FACE_BOUND('',#214,.T.);
#47=FACE_BOUND('',#224,.T.);
#48=FACE_BOUND('',#256,.T.);
#49=FACE_BOUND('',#258,.T.);
#50=FACE_BOUND('',#264,.T.);
#51=FACE_BOUND('',#266,.T.);
#52=FACE_BOUND('',#274,.T.);
#53=FACE_BOUND('',#282,.T.);
#54=FACE_BOUND('',#290,.T.);
#55=FACE_BOUND('',#298,.T.);
#56=FACE_BOUND('',#304,.T.);
#57=FACE_BOUND('',#305,.T.);
#58=FACE_BOUND('',#306,.T.);
#59=FACE_BOUND('',#307,.T.);
#60=FACE_BOUND('',#308,.T.);
#61=FACE_BOUND('',#309,.T.);
#62=FACE_BOUND('',#310,.T.);
#63=FACE_BOUND('',#312,.T.);
#64=FACE_BOUND('',#314,.T.);
#65=FACE_BOUND('',#315,.T.);
#66=FACE_BOUND('',#316,.T.);
#67=FACE_BOUND('',#319,.T.);
#68=FACE_BOUND('',#320,.T.);
#69=FACE_BOUND('',#321,.T.);
#70=FACE_BOUND('',#323,.T.);
#71=CIRCLE('',#1979,3.71945003312197);
#72=CIRCLE('',#1987,3.24999999999999);
#73=CIRCLE('',#1997,3.25);
#74=CIRCLE('',#1999,3.24999999999999);
#75=CIRCLE('',#2001,3.25);
#76=CIRCLE('',#2005,3.71945003312197);
#77=CIRCLE('',#2007,16.0209199117413);
#78=CIRCLE('',#2009,16.019123492478);
#79=CIRCLE('',#2012,12.4531173513888);
#80=CIRCLE('',#2014,12.4531173513888);
#81=CIRCLE('',#2019,18.75);
#82=CIRCLE('',#2023,18.75);
#83=CIRCLE('',#2028,3.24999999999999);
#84=CIRCLE('',#2029,3.24999999999999);
#85=CIRCLE('',#2031,3.24999999999999);
#86=CIRCLE('',#2032,3.24999999999999);
#87=CIRCLE('',#2035,3.24999999999999);
#88=CIRCLE('',#2036,3.24999999999999);
#89=CIRCLE('',#2038,3.24999999999999);
#90=CIRCLE('',#2039,3.24999999999999);
#91=CIRCLE('',#2060,3.24999999999999);
#92=CIRCLE('',#2068,3.24999999999999);
#93=CIRCLE('',#2076,3.24999999999999);
#94=CIRCLE('',#2084,3.24999999999999);
#95=CIRCLE('',#2086,3.24999999999999);
#96=CIRCLE('',#2088,3.24999999999999);
#97=CIRCLE('',#2090,3.24999999999999);
#98=CIRCLE('',#2092,3.24999999999999);
#99=FACE_OUTER_BOUND('',#203,.T.);
#100=FACE_OUTER_BOUND('',#204,.T.);
#101=FACE_OUTER_BOUND('',#205,.T.);
#102=FACE_OUTER_BOUND('',#206,.T.);
#103=FACE_OUTER_BOUND('',#207,.T.);
#104=FACE_OUTER_BOUND('',#208,.T.);
#105=FACE_OUTER_BOUND('',#209,.T.);
#106=FACE_OUTER_BOUND('',#210,.T.);
#107=FACE_OUTER_BOUND('',#211,.T.);
#108=FACE_OUTER_BOUND('',#212,.T.);
#109=FACE_OUTER_BOUND('',#213,.T.);
#110=FACE_OUTER_BOUND('',#215,.T.);
#111=FACE_OUTER_BOUND('',#216,.T.);
#112=FACE_OUTER_BOUND('',#217,.T.);
#113=FACE_OUTER_BOUND('',#218,.T.);
#114=FACE_OUTER_BOUND('',#219,.T.);
#115=FACE_OUTER_BOUND('',#220,.T.);
#116=FACE_OUTER_BOUND('',#221,.T.);
#117=FACE_OUTER_BOUND('',#222,.T.);
#118=FACE_OUTER_BOUND('',#223,.T.);
#119=FACE_OUTER_BOUND('',#225,.T.);
#120=FACE_OUTER_BOUND('',#226,.T.);
#121=FACE_OUTER_BOUND('',#227,.T.);
#122=FACE_OUTER_BOUND('',#228,.T.);
#123=FACE_OUTER_BOUND('',#229,.T.);
#124=FACE_OUTER_BOUND('',#230,.T.);
#125=FACE_OUTER_BOUND('',#231,.T.);
#126=FACE_OUTER_BOUND('',#232,.T.);
#127=FACE_OUTER_BOUND('',#233,.T.);
#128=FACE_OUTER_BOUND('',#234,.T.);
#129=FACE_OUTER_BOUND('',#235,.T.);
#130=FACE_OUTER_BOUND('',#236,.T.);
#131=FACE_OUTER_BOUND('',#237,.T.);
#132=FACE_OUTER_BOUND('',#238,.T.);
#133=FACE_OUTER_BOUND('',#239,.T.);
#134=FACE_OUTER_BOUND('',#240,.T.);
#135=FACE_OUTER_BOUND('',#241,.T.);
#136=FACE_OUTER_BOUND('',#242,.T.);
#137=FACE_OUTER_BOUND('',#243,.T.);
#138=FACE_OUTER_BOUND('',#244,.T.);
#139=FACE_OUTER_BOUND('',#245,.T.);
#140=FACE_OUTER_BOUND('',#246,.T.);
#141=FACE_OUTER_BOUND('',#247,.T.);
#142=FACE_OUTER_BOUND('',#248,.T.);
#143=FACE_OUTER_BOUND('',#249,.T.);
#144=FACE_OUTER_BOUND('',#250,.T.);
#145=FACE_OUTER_BOUND('',#251,.T.);
#146=FACE_OUTER_BOUND('',#252,.T.);
#147=FACE_OUTER_BOUND('',#253,.T.);
#148=FACE_OUTER_BOUND('',#254,.T.);
#149=FACE_OUTER_BOUND('',#255,.T.);
#150=FACE_OUTER_BOUND('',#257,.T.);
#151=FACE_OUTER_BOUND('',#259,.T.);
#152=FACE_OUTER_BOUND('',#260,.T.);
#153=FACE_OUTER_BOUND('',#261,.T.);
#154=FACE_OUTER_BOUND('',#262,.T.);
#155=FACE_OUTER_BOUND('',#263,.T.);
#156=FACE_OUTER_BOUND('',#265,.T.);
#157=FACE_OUTER_BOUND('',#267,.T.);
#158=FACE_OUTER_BOUND('',#268,.T.);
#159=FACE_OUTER_BOUND('',#269,.T.);
#160=FACE_OUTER_BOUND('',#270,.T.);
#161=FACE_OUTER_BOUND('',#271,.T.);
#162=FACE_OUTER_BOUND('',#272,.T.);
#163=FACE_OUTER_BOUND('',#273,.T.);
#164=FACE_OUTER_BOUND('',#275,.T.);
#165=FACE_OUTER_BOUND('',#276,.T.);
#166=FACE_OUTER_BOUND('',#277,.T.);
#167=FACE_OUTER_BOUND('',#278,.T.);
#168=FACE_OUTER_BOUND('',#279,.T.);
#169=FACE_OUTER_BOUND('',#280,.T.);
#170=FACE_OUTER_BOUND('',#281,.T.);
#171=FACE_OUTER_BOUND('',#283,.T.);
#172=FACE_OUTER_BOUND('',#284,.T.);
#173=FACE_OUTER_BOUND('',#285,.T.);
#174=FACE_OUTER_BOUND('',#286,.T.);
#175=FACE_OUTER_BOUND('',#287,.T.);
#176=FACE_OUTER_BOUND('',#288,.T.);
#177=FACE_OUTER_BOUND('',#289,.T.);
#178=FACE_OUTER_BOUND('',#291,.T.);
#179=FACE_OUTER_BOUND('',#292,.T.);
#180=FACE_OUTER_BOUND('',#293,.T.);
#181=FACE_OUTER_BOUND('',#294,.T.);
#182=FACE_OUTER_BOUND('',#295,.T.);
#183=FACE_OUTER_BOUND('',#296,.T.);
#184=FACE_OUTER_BOUND('',#297,.T.);
#185=FACE_OUTER_BOUND('',#299,.T.);
#186=FACE_OUTER_BOUND('',#300,.T.);
#187=FACE_OUTER_BOUND('',#301,.T.);
#188=FACE_OUTER_BOUND('',#302,.T.);
#189=FACE_OUTER_BOUND('',#303,.T.);
#190=FACE_OUTER_BOUND('',#311,.T.);
#191=FACE_OUTER_BOUND('',#313,.T.);
#192=FACE_OUTER_BOUND('',#317,.T.);
#193=FACE_OUTER_BOUND('',#318,.T.);
#194=FACE_OUTER_BOUND('',#322,.T.);
#195=FACE_OUTER_BOUND('',#324,.T.);
#196=FACE_OUTER_BOUND('',#325,.T.);
#197=FACE_OUTER_BOUND('',#326,.T.);
#198=FACE_OUTER_BOUND('',#327,.T.);
#199=FACE_OUTER_BOUND('',#328,.T.);
#200=FACE_OUTER_BOUND('',#329,.T.);
#201=FACE_OUTER_BOUND('',#330,.T.);
#202=FACE_OUTER_BOUND('',#331,.T.);
#203=EDGE_LOOP('',(#1231,#1232,#1233,#1234));
#204=EDGE_LOOP('',(#1235,#1236,#1237,#1238));
#205=EDGE_LOOP('',(#1239,#1240,#1241));
#206=EDGE_LOOP('',(#1242,#1243,#1244,#1245,#1246,#1247,#1248));
#207=EDGE_LOOP('',(#1249,#1250,#1251,#1252));
#208=EDGE_LOOP('',(#1253,#1254,#1255,#1256));
#209=EDGE_LOOP('',(#1257,#1258,#1259,#1260));
#210=EDGE_LOOP('',(#1261,#1262,#1263,#1264));
#211=EDGE_LOOP('',(#1265,#1266,#1267,#1268));
#212=EDGE_LOOP('',(#1269,#1270,#1271,#1272));
#213=EDGE_LOOP('',(#1273,#1274,#1275,#1276,#1277,#1278));
#214=EDGE_LOOP('',(#1279));
#215=EDGE_LOOP('',(#1280,#1281,#1282,#1283));
#216=EDGE_LOOP('',(#1284,#1285,#1286,#1287));
#217=EDGE_LOOP('',(#1288,#1289,#1290,#1291));
#218=EDGE_LOOP('',(#1292,#1293,#1294,#1295));
#219=EDGE_LOOP('',(#1296,#1297,#1298,#1299));
#220=EDGE_LOOP('',(#1300,#1301,#1302,#1303));
#221=EDGE_LOOP('',(#1304,#1305,#1306,#1307));
#222=EDGE_LOOP('',(#1308,#1309,#1310,#1311));
#223=EDGE_LOOP('',(#1312,#1313,#1314,#1315,#1316,#1317,#1318,#1319));
#224=EDGE_LOOP('',(#1320));
#225=EDGE_LOOP('',(#1321,#1322,#1323,#1324));
#226=EDGE_LOOP('',(#1325,#1326,#1327,#1328));
#227=EDGE_LOOP('',(#1329,#1330,#1331,#1332));
#228=EDGE_LOOP('',(#1333,#1334,#1335,#1336));
#229=EDGE_LOOP('',(#1337,#1338,#1339,#1340));
#230=EDGE_LOOP('',(#1341,#1342,#1343,#1344));
#231=EDGE_LOOP('',(#1345,#1346,#1347,#1348));
#232=EDGE_LOOP('',(#1349,#1350,#1351,#1352));
#233=EDGE_LOOP('',(#1353,#1354,#1355,#1356));
#234=EDGE_LOOP('',(#1357,#1358,#1359,#1360));
#235=EDGE_LOOP('',(#1361,#1362,#1363,#1364));
#236=EDGE_LOOP('',(#1365,#1366,#1367,#1368));
#237=EDGE_LOOP('',(#1369,#1370,#1371,#1372,#1373,#1374));
#238=EDGE_LOOP('',(#1375,#1376,#1377));
#239=EDGE_LOOP('',(#1378,#1379,#1380,#1381));
#240=EDGE_LOOP('',(#1382,#1383,#1384,#1385));
#241=EDGE_LOOP('',(#1386,#1387,#1388,#1389,#1390,#1391,#1392,#1393,#1394));
#242=EDGE_LOOP('',(#1395,#1396,#1397,#1398));
#243=EDGE_LOOP('',(#1399,#1400,#1401,#1402));
#244=EDGE_LOOP('',(#1403,#1404,#1405));
#245=EDGE_LOOP('',(#1406,#1407,#1408,#1409));
#246=EDGE_LOOP('',(#1410,#1411,#1412,#1413));
#247=EDGE_LOOP('',(#1414));
#248=EDGE_LOOP('',(#1415,#1416,#1417,#1418));
#249=EDGE_LOOP('',(#1419,#1420,#1421,#1422));
#250=EDGE_LOOP('',(#1423));
#251=EDGE_LOOP('',(#1424,#1425,#1426,#1427));
#252=EDGE_LOOP('',(#1428,#1429,#1430,#1431));
#253=EDGE_LOOP('',(#1432,#1433,#1434,#1435));
#254=EDGE_LOOP('',(#1436,#1437,#1438,#1439));
#255=EDGE_LOOP('',(#1440,#1441,#1442,#1443,#1444));
#256=EDGE_LOOP('',(#1445));
#257=EDGE_LOOP('',(#1446,#1447,#1448,#1449,#1450));
#258=EDGE_LOOP('',(#1451));
#259=EDGE_LOOP('',(#1452,#1453,#1454,#1455));
#260=EDGE_LOOP('',(#1456,#1457,#1458,#1459));
#261=EDGE_LOOP('',(#1460,#1461,#1462,#1463));
#262=EDGE_LOOP('',(#1464,#1465,#1466,#1467));
#263=EDGE_LOOP('',(#1468,#1469,#1470,#1471,#1472));
#264=EDGE_LOOP('',(#1473));
#265=EDGE_LOOP('',(#1474,#1475,#1476,#1477,#1478));
#266=EDGE_LOOP('',(#1479));
#267=EDGE_LOOP('',(#1480,#1481,#1482,#1483));
#268=EDGE_LOOP('',(#1484,#1485,#1486,#1487));
#269=EDGE_LOOP('',(#1488,#1489,#1490,#1491));
#270=EDGE_LOOP('',(#1492,#1493,#1494,#1495));
#271=EDGE_LOOP('',(#1496,#1497,#1498,#1499));
#272=EDGE_LOOP('',(#1500,#1501,#1502,#1503));
#273=EDGE_LOOP('',(#1504,#1505,#1506,#1507,#1508,#1509));
#274=EDGE_LOOP('',(#1510));
#275=EDGE_LOOP('',(#1511,#1512,#1513,#1514));
#276=EDGE_LOOP('',(#1515,#1516,#1517,#1518));
#277=EDGE_LOOP('',(#1519,#1520,#1521,#1522));
#278=EDGE_LOOP('',(#1523,#1524,#1525,#1526));
#279=EDGE_LOOP('',(#1527,#1528,#1529,#1530));
#280=EDGE_LOOP('',(#1531,#1532,#1533,#1534));
#281=EDGE_LOOP('',(#1535,#1536,#1537,#1538,#1539,#1540));
#282=EDGE_LOOP('',(#1541));
#283=EDGE_LOOP('',(#1542,#1543,#1544,#1545));
#284=EDGE_LOOP('',(#1546,#1547,#1548,#1549));
#285=EDGE_LOOP('',(#1550,#1551,#1552,#1553));
#286=EDGE_LOOP('',(#1554,#1555,#1556,#1557));
#287=EDGE_LOOP('',(#1558,#1559,#1560,#1561));
#288=EDGE_LOOP('',(#1562,#1563,#1564,#1565));
#289=EDGE_LOOP('',(#1566,#1567,#1568,#1569,#1570,#1571));
#290=EDGE_LOOP('',(#1572));
#291=EDGE_LOOP('',(#1573,#1574,#1575,#1576));
#292=EDGE_LOOP('',(#1577,#1578,#1579,#1580));
#293=EDGE_LOOP('',(#1581,#1582,#1583,#1584));
#294=EDGE_LOOP('',(#1585,#1586,#1587,#1588));
#295=EDGE_LOOP('',(#1589,#1590,#1591,#1592));
#296=EDGE_LOOP('',(#1593,#1594,#1595,#1596));
#297=EDGE_LOOP('',(#1597,#1598,#1599,#1600,#1601,#1602));
#298=EDGE_LOOP('',(#1603));
#299=EDGE_LOOP('',(#1604,#1605,#1606,#1607));
#300=EDGE_LOOP('',(#1608,#1609,#1610,#1611));
#301=EDGE_LOOP('',(#1612,#1613,#1614,#1615));
#302=EDGE_LOOP('',(#1616,#1617,#1618,#1619));
#303=EDGE_LOOP('',(#1620,#1621,#1622,#1623,#1624,#1625,#1626,#1627,#1628,
#1629,#1630,#1631,#1632,#1633,#1634,#1635,#1636,#1637,#1638,#1639));
#304=EDGE_LOOP('',(#1640,#1641,#1642,#1643,#1644,#1645));
#305=EDGE_LOOP('',(#1646));
#306=EDGE_LOOP('',(#1647));
#307=EDGE_LOOP('',(#1648,#1649,#1650,#1651,#1652,#1653));
#308=EDGE_LOOP('',(#1654,#1655,#1656,#1657,#1658,#1659));
#309=EDGE_LOOP('',(#1660,#1661,#1662,#1663,#1664,#1665));
#310=EDGE_LOOP('',(#1666,#1667,#1668,#1669,#1670,#1671));
#311=EDGE_LOOP('',(#1672,#1673,#1674,#1675));
#312=EDGE_LOOP('',(#1676,#1677,#1678,#1679));
#313=EDGE_LOOP('',(#1680,#1681,#1682,#1683,#1684,#1685,#1686,#1687,#1688,
#1689));
#314=EDGE_LOOP('',(#1690));
#315=EDGE_LOOP('',(#1691));
#316=EDGE_LOOP('',(#1692));
#317=EDGE_LOOP('',(#1693,#1694,#1695,#1696));
#318=EDGE_LOOP('',(#1697,#1698,#1699,#1700,#1701,#1702,#1703,#1704,#1705,
#1706,#1707,#1708,#1709));
#319=EDGE_LOOP('',(#1710));
#320=EDGE_LOOP('',(#1711));
#321=EDGE_LOOP('',(#1712));
#322=EDGE_LOOP('',(#1713,#1714,#1715,#1716));
#323=EDGE_LOOP('',(#1717,#1718,#1719,#1720));
#324=EDGE_LOOP('',(#1721,#1722,#1723,#1724));
#325=EDGE_LOOP('',(#1725,#1726,#1727,#1728));
#326=EDGE_LOOP('',(#1729,#1730,#1731,#1732));
#327=EDGE_LOOP('',(#1733,#1734,#1735,#1736,#1737,#1738));
#328=EDGE_LOOP('',(#1739,#1740,#1741,#1742));
#329=EDGE_LOOP('',(#1743,#1744,#1745,#1746,#1747,#1748));
#330=EDGE_LOOP('',(#1749,#1750,#1751,#1752));
#331=EDGE_LOOP('',(#1753,#1754,#1755,#1756));
#332=LINE('',#2622,#565);
#333=LINE('',#2624,#566);
#334=LINE('',#2626,#567);
#335=LINE('',#2627,#568);
#336=LINE('',#2630,#569);
#337=LINE('',#2632,#570);
#338=LINE('',#2633,#571);
#339=LINE('',#2635,#572);
#340=LINE('',#2638,#573);
#341=LINE('',#2640,#574);
#342=LINE('',#2644,#575);
#343=LINE('',#2645,#576);
#344=LINE('',#2649,#577);
#345=LINE('',#2651,#578);
#346=LINE('',#2653,#579);
#347=LINE('',#2654,#580);
#348=LINE('',#2657,#581);
#349=LINE('',#2659,#582);
#350=LINE('',#2660,#583);
#351=LINE('',#2663,#584);
#352=LINE('',#2665,#585);
#353=LINE('',#2666,#586);
#354=LINE('',#2669,#587);
#355=LINE('',#2671,#588);
#356=LINE('',#2672,#589);
#357=LINE('',#2675,#590);
#358=LINE('',#2677,#591);
#359=LINE('',#2678,#592);
#360=LINE('',#2680,#593);
#361=LINE('',#2681,#594);
#362=LINE('',#2687,#595);
#363=LINE('',#2688,#596);
#364=LINE('',#2690,#597);
#365=LINE('',#2691,#598);
#366=LINE('',#2693,#599);
#367=LINE('',#2694,#600);
#368=LINE('',#2695,#601);
#369=LINE('',#2698,#602);
#370=LINE('',#2700,#603);
#371=LINE('',#2701,#604);
#372=LINE('',#2704,#605);
#373=LINE('',#2706,#606);
#374=LINE('',#2707,#607);
#375=LINE('',#2710,#608);
#376=LINE('',#2712,#609);
#377=LINE('',#2713,#610);
#378=LINE('',#2716,#611);
#379=LINE('',#2718,#612);
#380=LINE('',#2719,#613);
#381=LINE('',#2722,#614);
#382=LINE('',#2724,#615);
#383=LINE('',#2725,#616);
#384=LINE('',#2727,#617);
#385=LINE('',#2728,#618);
#386=LINE('',#2735,#619);
#387=LINE('',#2739,#620);
#388=LINE('',#2743,#621);
#389=LINE('',#2744,#622);
#390=LINE('',#2745,#623);
#391=LINE('',#2749,#624);
#392=LINE('',#2750,#625);
#393=LINE('',#2751,#626);
#394=LINE('',#2757,#627);
#395=LINE('',#2761,#628);
#396=LINE('',#2783,#629);
#397=LINE('',#2804,#630);
#398=LINE('',#2807,#631);
#399=LINE('',#2808,#632);
#400=LINE('',#2811,#633);
#401=LINE('',#2814,#634);
#402=LINE('',#2817,#635);
#403=LINE('',#2820,#636);
#404=LINE('',#2824,#637);
#405=LINE('',#2826,#638);
#406=LINE('',#2827,#639);
#407=LINE('',#2830,#640);
#408=LINE('',#2832,#641);
#409=LINE('',#2833,#642);
#410=LINE('',#2834,#643);
#411=LINE('',#2838,#644);
#412=LINE('',#2842,#645);
#413=LINE('',#2844,#646);
#414=LINE('',#2846,#647);
#415=LINE('',#2847,#648);
#416=LINE('',#2850,#649);
#417=LINE('',#2852,#650);
#418=LINE('',#2853,#651);
#419=LINE('',#2856,#652);
#420=LINE('',#2858,#653);
#421=LINE('',#2860,#654);
#422=LINE('',#2864,#655);
#423=LINE('',#2866,#656);
#424=LINE('',#2867,#657);
#425=LINE('',#2871,#658);
#426=LINE('',#2872,#659);
#427=LINE('',#2873,#660);
#428=LINE('',#2876,#661);
#429=LINE('',#2877,#662);
#430=LINE('',#2879,#663);
#431=LINE('',#2884,#664);
#432=LINE('',#2890,#665);
#433=LINE('',#2897,#666);
#434=LINE('',#2903,#667);
#435=LINE('',#2909,#668);
#436=LINE('',#2911,#669);
#437=LINE('',#2913,#670);
#438=LINE('',#2914,#671);
#439=LINE('',#2917,#672);
#440=LINE('',#2919,#673);
#441=LINE('',#2920,#674);
#442=LINE('',#2924,#675);
#443=LINE('',#2926,#676);
#444=LINE('',#2928,#677);
#445=LINE('',#2929,#678);
#446=LINE('',#2931,#679);
#447=LINE('',#2932,#680);
#448=LINE('',#2934,#681);
#449=LINE('',#2936,#682);
#450=LINE('',#2940,#683);
#451=LINE('',#2942,#684);
#452=LINE('',#2944,#685);
#453=LINE('',#2945,#686);
#454=LINE('',#2948,#687);
#455=LINE('',#2950,#688);
#456=LINE('',#2951,#689);
#457=LINE('',#2954,#690);
#458=LINE('',#2956,#691);
#459=LINE('',#2957,#692);
#460=LINE('',#2960,#693);
#461=LINE('',#2962,#694);
#462=LINE('',#2963,#695);
#463=LINE('',#2965,#696);
#464=LINE('',#2967,#697);
#465=LINE('',#2971,#698);
#466=LINE('',#2973,#699);
#467=LINE('',#2975,#700);
#468=LINE('',#2976,#701);
#469=LINE('',#2979,#702);
#470=LINE('',#2981,#703);
#471=LINE('',#2982,#704);
#472=LINE('',#2985,#705);
#473=LINE('',#2987,#706);
#474=LINE('',#2988,#707);
#475=LINE('',#2991,#708);
#476=LINE('',#2993,#709);
#477=LINE('',#2994,#710);
#478=LINE('',#2997,#711);
#479=LINE('',#2999,#712);
#480=LINE('',#3000,#713);
#481=LINE('',#3002,#714);
#482=LINE('',#3003,#715);
#483=LINE('',#3010,#716);
#484=LINE('',#3012,#717);
#485=LINE('',#3014,#718);
#486=LINE('',#3015,#719);
#487=LINE('',#3018,#720);
#488=LINE('',#3020,#721);
#489=LINE('',#3021,#722);
#490=LINE('',#3024,#723);
#491=LINE('',#3026,#724);
#492=LINE('',#3027,#725);
#493=LINE('',#3030,#726);
#494=LINE('',#3032,#727);
#495=LINE('',#3033,#728);
#496=LINE('',#3036,#729);
#497=LINE('',#3038,#730);
#498=LINE('',#3039,#731);
#499=LINE('',#3041,#732);
#500=LINE('',#3042,#733);
#501=LINE('',#3049,#734);
#502=LINE('',#3051,#735);
#503=LINE('',#3053,#736);
#504=LINE('',#3054,#737);
#505=LINE('',#3057,#738);
#506=LINE('',#3059,#739);
#507=LINE('',#3060,#740);
#508=LINE('',#3063,#741);
#509=LINE('',#3065,#742);
#510=LINE('',#3066,#743);
#511=LINE('',#3069,#744);
#512=LINE('',#3071,#745);
#513=LINE('',#3072,#746);
#514=LINE('',#3075,#747);
#515=LINE('',#3077,#748);
#516=LINE('',#3078,#749);
#517=LINE('',#3080,#750);
#518=LINE('',#3081,#751);
#519=LINE('',#3088,#752);
#520=LINE('',#3090,#753);
#521=LINE('',#3092,#754);
#522=LINE('',#3093,#755);
#523=LINE('',#3096,#756);
#524=LINE('',#3098,#757);
#525=LINE('',#3099,#758);
#526=LINE('',#3102,#759);
#527=LINE('',#3104,#760);
#528=LINE('',#3105,#761);
#529=LINE('',#3108,#762);
#530=LINE('',#3110,#763);
#531=LINE('',#3111,#764);
#532=LINE('',#3114,#765);
#533=LINE('',#3116,#766);
#534=LINE('',#3117,#767);
#535=LINE('',#3119,#768);
#536=LINE('',#3120,#769);
#537=LINE('',#3127,#770);
#538=LINE('',#3131,#771);
#539=LINE('',#3135,#772);
#540=LINE('',#3139,#773);
#541=LINE('',#3141,#774);
#542=LINE('',#3142,#775);
#543=LINE('',#3144,#776);
#544=LINE('',#3146,#777);
#545=LINE('',#3148,#778);
#546=LINE('',#3150,#779);
#547=LINE('',#3156,#780);
#548=LINE('',#3158,#781);
#549=LINE('',#3160,#782);
#550=LINE('',#3161,#783);
#551=LINE('',#3164,#784);
#552=LINE('',#3166,#785);
#553=LINE('',#3167,#786);
#554=LINE('',#3170,#787);
#555=LINE('',#3172,#788);
#556=LINE('',#3173,#789);
#557=LINE('',#3176,#790);
#558=LINE('',#3178,#791);
#559=LINE('',#3179,#792);
#560=LINE('',#3182,#793);
#561=LINE('',#3183,#794);
#562=LINE('',#3186,#795);
#563=LINE('',#3187,#796);
#564=LINE('',#3189,#797);
#565=VECTOR('',#2116,10.);
#566=VECTOR('',#2117,10.);
#567=VECTOR('',#2118,10.);
#568=VECTOR('',#2119,10.);
#569=VECTOR('',#2122,10.);
#570=VECTOR('',#2123,10.);
#571=VECTOR('',#2124,10.);
#572=VECTOR('',#2127,10.);
#573=VECTOR('',#2130,10.);
#574=VECTOR('',#2131,10.);
#575=VECTOR('',#2134,10.);
#576=VECTOR('',#2135,10.);
#577=VECTOR('',#2138,10.);
#578=VECTOR('',#2139,10.);
#579=VECTOR('',#2140,10.);
#580=VECTOR('',#2141,10.);
#581=VECTOR('',#2144,10.);
#582=VECTOR('',#2145,10.);
#583=VECTOR('',#2146,10.);
#584=VECTOR('',#2149,10.);
#585=VECTOR('',#2150,10.);
#586=VECTOR('',#2151,10.);
#587=VECTOR('',#2154,10.);
#588=VECTOR('',#2155,10.);
#589=VECTOR('',#2156,10.);
#590=VECTOR('',#2159,10.);
#591=VECTOR('',#2160,10.);
#592=VECTOR('',#2161,10.);
#593=VECTOR('',#2164,10.);
#594=VECTOR('',#2165,10.);
#595=VECTOR('',#2172,10.);
#596=VECTOR('',#2173,10.);
#597=VECTOR('',#2174,10.);
#598=VECTOR('',#2175,10.);
#599=VECTOR('',#2178,10.);
#600=VECTOR('',#2179,10.);
#601=VECTOR('',#2180,10.);
#602=VECTOR('',#2183,10.);
#603=VECTOR('',#2184,10.);
#604=VECTOR('',#2185,10.);
#605=VECTOR('',#2188,10.);
#606=VECTOR('',#2189,10.);
#607=VECTOR('',#2190,10.);
#608=VECTOR('',#2193,10.);
#609=VECTOR('',#2194,10.);
#610=VECTOR('',#2195,10.);
#611=VECTOR('',#2198,10.);
#612=VECTOR('',#2199,10.);
#613=VECTOR('',#2200,10.);
#614=VECTOR('',#2203,10.);
#615=VECTOR('',#2204,10.);
#616=VECTOR('',#2205,10.);
#617=VECTOR('',#2208,10.);
#618=VECTOR('',#2209,10.);
#619=VECTOR('',#2218,3.24999999999999);
#620=VECTOR('',#2223,3.25);
#621=VECTOR('',#2226,10.);
#622=VECTOR('',#2227,10.);
#623=VECTOR('',#2228,10.);
#624=VECTOR('',#2231,10.);
#625=VECTOR('',#2232,10.);
#626=VECTOR('',#2233,10.);
#627=VECTOR('',#2240,10.);
#628=VECTOR('',#2243,10.);
#629=VECTOR('',#2246,10.);
#630=VECTOR('',#2247,10.);
#631=VECTOR('',#2252,10.);
#632=VECTOR('',#2253,10.);
#633=VECTOR('',#2256,10.);
#634=VECTOR('',#2259,10.);
#635=VECTOR('',#2262,10.);
#636=VECTOR('',#2265,10.);
#637=VECTOR('',#2270,10.);
#638=VECTOR('',#2271,10.);
#639=VECTOR('',#2272,10.);
#640=VECTOR('',#2275,10.);
#641=VECTOR('',#2276,10.);
#642=VECTOR('',#2277,10.);
#643=VECTOR('',#2278,10.);
#644=VECTOR('',#2283,10.);
#645=VECTOR('',#2286,10.);
#646=VECTOR('',#2287,10.);
#647=VECTOR('',#2288,10.);
#648=VECTOR('',#2289,10.);
#649=VECTOR('',#2292,10.);
#650=VECTOR('',#2293,10.);
#651=VECTOR('',#2294,10.);
#652=VECTOR('',#2297,10.);
#653=VECTOR('',#2298,10.);
#654=VECTOR('',#2299,10.);
#655=VECTOR('',#2302,10.);
#656=VECTOR('',#2303,10.);
#657=VECTOR('',#2304,10.);
#658=VECTOR('',#2307,10.);
#659=VECTOR('',#2308,10.);
#660=VECTOR('',#2309,10.);
#661=VECTOR('',#2312,10.);
#662=VECTOR('',#2313,10.);
#663=VECTOR('',#2316,10.);
#664=VECTOR('',#2321,3.24999999999999);
#665=VECTOR('',#2328,3.24999999999999);
#666=VECTOR('',#2337,3.24999999999999);
#667=VECTOR('',#2344,3.24999999999999);
#668=VECTOR('',#2351,10.);
#669=VECTOR('',#2352,10.);
#670=VECTOR('',#2353,10.);
#671=VECTOR('',#2354,10.);
#672=VECTOR('',#2357,10.);
#673=VECTOR('',#2358,10.);
#674=VECTOR('',#2359,10.);
#675=VECTOR('',#2362,10.);
#676=VECTOR('',#2363,10.);
#677=VECTOR('',#2364,10.);
#678=VECTOR('',#2365,10.);
#679=VECTOR('',#2368,10.);
#680=VECTOR('',#2369,10.);
#681=VECTOR('',#2372,10.);
#682=VECTOR('',#2375,10.);
#683=VECTOR('',#2378,10.);
#684=VECTOR('',#2379,10.);
#685=VECTOR('',#2380,10.);
#686=VECTOR('',#2381,10.);
#687=VECTOR('',#2384,10.);
#688=VECTOR('',#2385,10.);
#689=VECTOR('',#2386,10.);
#690=VECTOR('',#2389,10.);
#691=VECTOR('',#2390,10.);
#692=VECTOR('',#2391,10.);
#693=VECTOR('',#2394,10.);
#694=VECTOR('',#2395,10.);
#695=VECTOR('',#2396,10.);
#696=VECTOR('',#2399,10.);
#697=VECTOR('',#2402,10.);
#698=VECTOR('',#2405,10.);
#699=VECTOR('',#2406,10.);
#700=VECTOR('',#2407,10.);
#701=VECTOR('',#2408,10.);
#702=VECTOR('',#2411,10.);
#703=VECTOR('',#2412,10.);
#704=VECTOR('',#2413,10.);
#705=VECTOR('',#2416,10.);
#706=VECTOR('',#2417,10.);
#707=VECTOR('',#2418,10.);
#708=VECTOR('',#2421,10.);
#709=VECTOR('',#2422,10.);
#710=VECTOR('',#2423,10.);
#711=VECTOR('',#2426,10.);
#712=VECTOR('',#2427,10.);
#713=VECTOR('',#2428,10.);
#714=VECTOR('',#2431,10.);
#715=VECTOR('',#2432,10.);
#716=VECTOR('',#2439,10.);
#717=VECTOR('',#2440,10.);
#718=VECTOR('',#2441,10.);
#719=VECTOR('',#2442,10.);
#720=VECTOR('',#2445,10.);
#721=VECTOR('',#2446,10.);
#722=VECTOR('',#2447,10.);
#723=VECTOR('',#2450,10.);
#724=VECTOR('',#2451,10.);
#725=VECTOR('',#2452,10.);
#726=VECTOR('',#2455,10.);
#727=VECTOR('',#2456,10.);
#728=VECTOR('',#2457,10.);
#729=VECTOR('',#2460,10.);
#730=VECTOR('',#2461,10.);
#731=VECTOR('',#2462,10.);
#732=VECTOR('',#2465,10.);
#733=VECTOR('',#2466,10.);
#734=VECTOR('',#2473,10.);
#735=VECTOR('',#2474,10.);
#736=VECTOR('',#2475,10.);
#737=VECTOR('',#2476,10.);
#738=VECTOR('',#2479,10.);
#739=VECTOR('',#2480,10.);
#740=VECTOR('',#2481,10.);
#741=VECTOR('',#2484,10.);
#742=VECTOR('',#2485,10.);
#743=VECTOR('',#2486,10.);
#744=VECTOR('',#2489,10.);
#745=VECTOR('',#2490,10.);
#746=VECTOR('',#2491,10.);
#747=VECTOR('',#2494,10.);
#748=VECTOR('',#2495,10.);
#749=VECTOR('',#2496,10.);
#750=VECTOR('',#2499,10.);
#751=VECTOR('',#2500,10.);
#752=VECTOR('',#2507,10.);
#753=VECTOR('',#2508,10.);
#754=VECTOR('',#2509,10.);
#755=VECTOR('',#2510,10.);
#756=VECTOR('',#2513,10.);
#757=VECTOR('',#2514,10.);
#758=VECTOR('',#2515,10.);
#759=VECTOR('',#2518,10.);
#760=VECTOR('',#2519,10.);
#761=VECTOR('',#2520,10.);
#762=VECTOR('',#2523,10.);
#763=VECTOR('',#2524,10.);
#764=VECTOR('',#2525,10.);
#765=VECTOR('',#2528,10.);
#766=VECTOR('',#2529,10.);
#767=VECTOR('',#2530,10.);
#768=VECTOR('',#2533,10.);
#769=VECTOR('',#2534,10.);
#770=VECTOR('',#2543,3.24999999999999);
#771=VECTOR('',#2548,3.24999999999999);
#772=VECTOR('',#2553,3.24999999999999);
#773=VECTOR('',#2558,3.24999999999999);
#774=VECTOR('',#2561,10.);
#775=VECTOR('',#2562,10.);
#776=VECTOR('',#2565,10.);
#777=VECTOR('',#2568,10.);
#778=VECTOR('',#2571,10.);
#779=VECTOR('',#2574,10.);
#780=VECTOR('',#2581,10.);
#781=VECTOR('',#2582,10.);
#782=VECTOR('',#2583,10.);
#783=VECTOR('',#2584,10.);
#784=VECTOR('',#2587,10.);
#785=VECTOR('',#2588,10.);
#786=VECTOR('',#2589,10.);
#787=VECTOR('',#2592,10.);
#788=VECTOR('',#2593,10.);
#789=VECTOR('',#2594,10.);
#790=VECTOR('',#2597,10.);
#791=VECTOR('',#2598,10.);
#792=VECTOR('',#2599,10.);
#793=VECTOR('',#2602,10.);
#794=VECTOR('',#2603,10.);
#795=VECTOR('',#2606,10.);
#796=VECTOR('',#2607,10.);
#797=VECTOR('',#2610,10.);
#798=VERTEX_POINT('',#2620);
#799=VERTEX_POINT('',#2621);
#800=VERTEX_POINT('',#2623);
#801=VERTEX_POINT('',#2625);
#802=VERTEX_POINT('',#2629);
#803=VERTEX_POINT('',#2631);
#804=VERTEX_POINT('',#2637);
#805=VERTEX_POINT('',#2639);
#806=VERTEX_POINT('',#2641);
#807=VERTEX_POINT('',#2643);
#808=VERTEX_POINT('',#2647);
#809=VERTEX_POINT('',#2648);
#810=VERTEX_POINT('',#2650);
#811=VERTEX_POINT('',#2652);
#812=VERTEX_POINT('',#2656);
#813=VERTEX_POINT('',#2658);
#814=VERTEX_POINT('',#2662);
#815=VERTEX_POINT('',#2664);
#816=VERTEX_POINT('',#2668);
#817=VERTEX_POINT('',#2670);
#818=VERTEX_POINT('',#2674);
#819=VERTEX_POINT('',#2676);
#820=VERTEX_POINT('',#2683);
#821=VERTEX_POINT('',#2686);
#822=VERTEX_POINT('',#2689);
#823=VERTEX_POINT('',#2697);
#824=VERTEX_POINT('',#2699);
#825=VERTEX_POINT('',#2703);
#826=VERTEX_POINT('',#2705);
#827=VERTEX_POINT('',#2709);
#828=VERTEX_POINT('',#2711);
#829=VERTEX_POINT('',#2715);
#830=VERTEX_POINT('',#2717);
#831=VERTEX_POINT('',#2721);
#832=VERTEX_POINT('',#2723);
#833=VERTEX_POINT('',#2730);
#834=VERTEX_POINT('',#2733);
#835=VERTEX_POINT('',#2737);
#836=VERTEX_POINT('',#2741);
#837=VERTEX_POINT('',#2742);
#838=VERTEX_POINT('',#2747);
#839=VERTEX_POINT('',#2748);
#840=VERTEX_POINT('',#2755);
#841=VERTEX_POINT('',#2756);
#842=VERTEX_POINT('',#2758);
#843=VERTEX_POINT('',#2760);
#844=VERTEX_POINT('',#2781);
#845=VERTEX_POINT('',#2782);
#846=VERTEX_POINT('',#2784);
#847=VERTEX_POINT('',#2803);
#848=VERTEX_POINT('',#2810);
#849=VERTEX_POINT('',#2812);
#850=VERTEX_POINT('',#2816);
#851=VERTEX_POINT('',#2818);
#852=VERTEX_POINT('',#2823);
#853=VERTEX_POINT('',#2825);
#854=VERTEX_POINT('',#2829);
#855=VERTEX_POINT('',#2831);
#856=VERTEX_POINT('',#2836);
#857=VERTEX_POINT('',#2840);
#858=VERTEX_POINT('',#2841);
#859=VERTEX_POINT('',#2843);
#860=VERTEX_POINT('',#2845);
#861=VERTEX_POINT('',#2849);
#862=VERTEX_POINT('',#2851);
#863=VERTEX_POINT('',#2855);
#864=VERTEX_POINT('',#2857);
#865=VERTEX_POINT('',#2859);
#866=VERTEX_POINT('',#2861);
#867=VERTEX_POINT('',#2863);
#868=VERTEX_POINT('',#2865);
#869=VERTEX_POINT('',#2869);
#870=VERTEX_POINT('',#2870);
#871=VERTEX_POINT('',#2875);
#872=VERTEX_POINT('',#2881);
#873=VERTEX_POINT('',#2883);
#874=VERTEX_POINT('',#2887);
#875=VERTEX_POINT('',#2889);
#876=VERTEX_POINT('',#2894);
#877=VERTEX_POINT('',#2896);
#878=VERTEX_POINT('',#2900);
#879=VERTEX_POINT('',#2902);
#880=VERTEX_POINT('',#2907);
#881=VERTEX_POINT('',#2908);
#882=VERTEX_POINT('',#2910);
#883=VERTEX_POINT('',#2912);
#884=VERTEX_POINT('',#2916);
#885=VERTEX_POINT('',#2918);
#886=VERTEX_POINT('',#2922);
#887=VERTEX_POINT('',#2923);
#888=VERTEX_POINT('',#2925);
#889=VERTEX_POINT('',#2927);
#890=VERTEX_POINT('',#2938);
#891=VERTEX_POINT('',#2939);
#892=VERTEX_POINT('',#2941);
#893=VERTEX_POINT('',#2943);
#894=VERTEX_POINT('',#2947);
#895=VERTEX_POINT('',#2949);
#896=VERTEX_POINT('',#2953);
#897=VERTEX_POINT('',#2955);
#898=VERTEX_POINT('',#2959);
#899=VERTEX_POINT('',#2961);
#900=VERTEX_POINT('',#2969);
#901=VERTEX_POINT('',#2970);
#902=VERTEX_POINT('',#2972);
#903=VERTEX_POINT('',#2974);
#904=VERTEX_POINT('',#2978);
#905=VERTEX_POINT('',#2980);
#906=VERTEX_POINT('',#2984);
#907=VERTEX_POINT('',#2986);
#908=VERTEX_POINT('',#2990);
#909=VERTEX_POINT('',#2992);
#910=VERTEX_POINT('',#2996);
#911=VERTEX_POINT('',#2998);
#912=VERTEX_POINT('',#3005);
#913=VERTEX_POINT('',#3008);
#914=VERTEX_POINT('',#3009);
#915=VERTEX_POINT('',#3011);
#916=VERTEX_POINT('',#3013);
#917=VERTEX_POINT('',#3017);
#918=VERTEX_POINT('',#3019);
#919=VERTEX_POINT('',#3023);
#920=VERTEX_POINT('',#3025);
#921=VERTEX_POINT('',#3029);
#922=VERTEX_POINT('',#3031);
#923=VERTEX_POINT('',#3035);
#924=VERTEX_POINT('',#3037);
#925=VERTEX_POINT('',#3044);
#926=VERTEX_POINT('',#3047);
#927=VERTEX_POINT('',#3048);
#928=VERTEX_POINT('',#3050);
#929=VERTEX_POINT('',#3052);
#930=VERTEX_POINT('',#3056);
#931=VERTEX_POINT('',#3058);
#932=VERTEX_POINT('',#3062);
#933=VERTEX_POINT('',#3064);
#934=VERTEX_POINT('',#3068);
#935=VERTEX_POINT('',#3070);
#936=VERTEX_POINT('',#3074);
#937=VERTEX_POINT('',#3076);
#938=VERTEX_POINT('',#3083);
#939=VERTEX_POINT('',#3086);
#940=VERTEX_POINT('',#3087);
#941=VERTEX_POINT('',#3089);
#942=VERTEX_POINT('',#3091);
#943=VERTEX_POINT('',#3095);
#944=VERTEX_POINT('',#3097);
#945=VERTEX_POINT('',#3101);
#946=VERTEX_POINT('',#3103);
#947=VERTEX_POINT('',#3107);
#948=VERTEX_POINT('',#3109);
#949=VERTEX_POINT('',#3113);
#950=VERTEX_POINT('',#3115);
#951=VERTEX_POINT('',#3122);
#952=VERTEX_POINT('',#3125);
#953=VERTEX_POINT('',#3129);
#954=VERTEX_POINT('',#3133);
#955=VERTEX_POINT('',#3137);
#956=VERTEX_POINT('',#3154);
#957=VERTEX_POINT('',#3155);
#958=VERTEX_POINT('',#3157);
#959=VERTEX_POINT('',#3159);
#960=VERTEX_POINT('',#3163);
#961=VERTEX_POINT('',#3165);
#962=VERTEX_POINT('',#3169);
#963=VERTEX_POINT('',#3171);
#964=VERTEX_POINT('',#3175);
#965=VERTEX_POINT('',#3177);
#966=VERTEX_POINT('',#3181);
#967=VERTEX_POINT('',#3185);
#968=EDGE_CURVE('',#798,#799,#332,.T.);
#969=EDGE_CURVE('',#798,#800,#333,.T.);
#970=EDGE_CURVE('',#800,#801,#334,.T.);
#971=EDGE_CURVE('',#801,#799,#335,.T.);
#972=EDGE_CURVE('',#799,#802,#336,.T.);
#973=EDGE_CURVE('',#801,#803,#337,.T.);
#974=EDGE_CURVE('',#802,#803,#338,.T.);
#975=EDGE_CURVE('',#800,#803,#339,.T.);
#976=EDGE_CURVE('',#804,#802,#340,.T.);
#977=EDGE_CURVE('',#804,#805,#341,.T.);
#978=EDGE_CURVE('',#805,#806,#71,.T.);
#979=EDGE_CURVE('',#806,#807,#342,.T.);
#980=EDGE_CURVE('',#798,#807,#343,.T.);
#981=EDGE_CURVE('',#808,#809,#344,.T.);
#982=EDGE_CURVE('',#808,#810,#345,.T.);
#983=EDGE_CURVE('',#810,#811,#346,.T.);
#984=EDGE_CURVE('',#809,#811,#347,.T.);
#985=EDGE_CURVE('',#812,#808,#348,.T.);
#986=EDGE_CURVE('',#812,#813,#349,.T.);
#987=EDGE_CURVE('',#813,#810,#350,.T.);
#988=EDGE_CURVE('',#814,#812,#351,.T.);
#989=EDGE_CURVE('',#814,#815,#352,.T.);
#990=EDGE_CURVE('',#815,#813,#353,.T.);
#991=EDGE_CURVE('',#816,#814,#354,.T.);
#992=EDGE_CURVE('',#816,#817,#355,.T.);
#993=EDGE_CURVE('',#817,#815,#356,.T.);
#994=EDGE_CURVE('',#818,#816,#357,.T.);
#995=EDGE_CURVE('',#819,#818,#358,.T.);
#996=EDGE_CURVE('',#819,#817,#359,.T.);
#997=EDGE_CURVE('',#809,#818,#360,.T.);
#998=EDGE_CURVE('',#811,#819,#361,.T.);
#999=EDGE_CURVE('',#820,#820,#72,.T.);
#1000=EDGE_CURVE('',#802,#821,#362,.T.);
#1001=EDGE_CURVE('',#802,#803,#363,.T.);
#1002=EDGE_CURVE('',#803,#822,#364,.T.);
#1003=EDGE_CURVE('',#821,#822,#365,.T.);
#1004=EDGE_CURVE('',#798,#802,#366,.T.);
#1005=EDGE_CURVE('',#798,#800,#367,.T.);
#1006=EDGE_CURVE('',#800,#803,#368,.T.);
#1007=EDGE_CURVE('',#823,#798,#369,.T.);
#1008=EDGE_CURVE('',#823,#824,#370,.T.);
#1009=EDGE_CURVE('',#824,#800,#371,.T.);
#1010=EDGE_CURVE('',#825,#823,#372,.T.);
#1011=EDGE_CURVE('',#825,#826,#373,.T.);
#1012=EDGE_CURVE('',#826,#824,#374,.T.);
#1013=EDGE_CURVE('',#827,#825,#375,.T.);
#1014=EDGE_CURVE('',#827,#828,#376,.T.);
#1015=EDGE_CURVE('',#828,#826,#377,.T.);
#1016=EDGE_CURVE('',#829,#827,#378,.T.);
#1017=EDGE_CURVE('',#829,#830,#379,.T.);
#1018=EDGE_CURVE('',#830,#828,#380,.T.);
#1019=EDGE_CURVE('',#831,#829,#381,.T.);
#1020=EDGE_CURVE('',#831,#832,#382,.T.);
#1021=EDGE_CURVE('',#832,#830,#383,.T.);
#1022=EDGE_CURVE('',#821,#831,#384,.T.);
#1023=EDGE_CURVE('',#822,#832,#385,.T.);
#1024=EDGE_CURVE('',#833,#833,#73,.T.);
#1025=EDGE_CURVE('',#834,#834,#74,.T.);
#1026=EDGE_CURVE('',#834,#820,#386,.T.);
#1027=EDGE_CURVE('',#835,#835,#75,.T.);
#1028=EDGE_CURVE('',#835,#833,#387,.T.);
#1029=EDGE_CURVE('',#836,#837,#388,.T.);
#1030=EDGE_CURVE('',#837,#805,#389,.T.);
#1031=EDGE_CURVE('',#836,#804,#390,.T.);
#1032=EDGE_CURVE('',#838,#839,#391,.T.);
#1033=EDGE_CURVE('',#807,#838,#392,.T.);
#1034=EDGE_CURVE('',#839,#806,#393,.T.);
#1035=EDGE_CURVE('',#839,#837,#76,.T.);
#1036=EDGE_CURVE('',#840,#841,#394,.T.);
#1037=EDGE_CURVE('',#842,#840,#77,.T.);
#1038=EDGE_CURVE('',#843,#842,#395,.T.);
#1039=EDGE_CURVE('',#841,#843,#27,.T.);
#1040=EDGE_CURVE('',#844,#845,#396,.T.);
#1041=EDGE_CURVE('',#846,#844,#28,.T.);
#1042=EDGE_CURVE('',#847,#846,#397,.T.);
#1043=EDGE_CURVE('',#847,#845,#78,.T.);
#1044=EDGE_CURVE('',#845,#840,#398,.T.);
#1045=EDGE_CURVE('',#842,#847,#399,.T.);
#1046=EDGE_CURVE('',#848,#844,#400,.T.);
#1047=EDGE_CURVE('',#849,#848,#79,.T.);
#1048=EDGE_CURVE('',#849,#846,#401,.T.);
#1049=EDGE_CURVE('',#843,#850,#402,.T.);
#1050=EDGE_CURVE('',#851,#850,#80,.T.);
#1051=EDGE_CURVE('',#841,#851,#403,.T.);
#1052=EDGE_CURVE('',#807,#852,#404,.T.);
#1053=EDGE_CURVE('',#838,#853,#405,.T.);
#1054=EDGE_CURVE('',#852,#853,#406,.T.);
#1055=EDGE_CURVE('',#850,#854,#407,.T.);
#1056=EDGE_CURVE('',#854,#855,#408,.T.);
#1057=EDGE_CURVE('',#855,#852,#409,.T.);
#1058=EDGE_CURVE('',#853,#851,#410,.T.);
#1059=EDGE_CURVE('',#848,#856,#81,.T.);
#1060=EDGE_CURVE('',#856,#849,#411,.T.);
#1061=EDGE_CURVE('',#857,#858,#412,.T.);
#1062=EDGE_CURVE('',#859,#857,#413,.T.);
#1063=EDGE_CURVE('',#860,#859,#414,.T.);
#1064=EDGE_CURVE('',#860,#858,#415,.T.);
#1065=EDGE_CURVE('',#858,#861,#416,.T.);
#1066=EDGE_CURVE('',#862,#860,#417,.T.);
#1067=EDGE_CURVE('',#861,#862,#418,.T.);
#1068=EDGE_CURVE('',#861,#863,#419,.T.);
#1069=EDGE_CURVE('',#863,#864,#420,.T.);
#1070=EDGE_CURVE('',#865,#864,#421,.T.);
#1071=EDGE_CURVE('',#865,#866,#82,.T.);
#1072=EDGE_CURVE('',#867,#866,#422,.T.);
#1073=EDGE_CURVE('',#868,#867,#423,.T.);
#1074=EDGE_CURVE('',#868,#857,#424,.T.);
#1075=EDGE_CURVE('',#869,#870,#425,.T.);
#1076=EDGE_CURVE('',#860,#870,#426,.F.);
#1077=EDGE_CURVE('',#869,#859,#427,.T.);
#1078=EDGE_CURVE('',#870,#871,#428,.T.);
#1079=EDGE_CURVE('',#862,#871,#429,.T.);
#1080=EDGE_CURVE('',#871,#869,#430,.T.);
#1081=EDGE_CURVE('',#872,#872,#83,.T.);
#1082=EDGE_CURVE('',#872,#873,#431,.T.);
#1083=EDGE_CURVE('',#873,#873,#84,.T.);
#1084=EDGE_CURVE('',#874,#874,#85,.T.);
#1085=EDGE_CURVE('',#874,#875,#432,.T.);
#1086=EDGE_CURVE('',#875,#875,#86,.T.);
#1087=EDGE_CURVE('',#876,#876,#87,.T.);
#1088=EDGE_CURVE('',#876,#877,#433,.T.);
#1089=EDGE_CURVE('',#877,#877,#88,.T.);
#1090=EDGE_CURVE('',#878,#878,#89,.T.);
#1091=EDGE_CURVE('',#878,#879,#434,.T.);
#1092=EDGE_CURVE('',#879,#879,#90,.T.);
#1093=EDGE_CURVE('',#880,#881,#435,.T.);
#1094=EDGE_CURVE('',#881,#882,#436,.T.);
#1095=EDGE_CURVE('',#882,#883,#437,.T.);
#1096=EDGE_CURVE('',#880,#883,#438,.T.);
#1097=EDGE_CURVE('',#881,#884,#439,.T.);
#1098=EDGE_CURVE('',#885,#884,#440,.T.);
#1099=EDGE_CURVE('',#885,#882,#441,.T.);
#1100=EDGE_CURVE('',#886,#887,#442,.T.);
#1101=EDGE_CURVE('',#886,#888,#443,.T.);
#1102=EDGE_CURVE('',#888,#889,#444,.T.);
#1103=EDGE_CURVE('',#887,#889,#445,.T.);
#1104=EDGE_CURVE('',#886,#880,#446,.T.);
#1105=EDGE_CURVE('',#883,#888,#447,.T.);
#1106=EDGE_CURVE('',#884,#887,#448,.T.);
#1107=EDGE_CURVE('',#889,#885,#449,.T.);
#1108=EDGE_CURVE('',#890,#891,#450,.T.);
#1109=EDGE_CURVE('',#891,#892,#451,.T.);
#1110=EDGE_CURVE('',#892,#893,#452,.T.);
#1111=EDGE_CURVE('',#890,#893,#453,.T.);
#1112=EDGE_CURVE('',#891,#894,#454,.T.);
#1113=EDGE_CURVE('',#894,#895,#455,.T.);
#1114=EDGE_CURVE('',#895,#892,#456,.T.);
#1115=EDGE_CURVE('',#894,#896,#457,.T.);
#1116=EDGE_CURVE('',#897,#896,#458,.T.);
#1117=EDGE_CURVE('',#897,#895,#459,.T.);
#1118=EDGE_CURVE('',#898,#890,#460,.T.);
#1119=EDGE_CURVE('',#893,#899,#461,.T.);
#1120=EDGE_CURVE('',#898,#899,#462,.T.);
#1121=EDGE_CURVE('',#896,#898,#463,.T.);
#1122=EDGE_CURVE('',#899,#897,#464,.T.);
#1123=EDGE_CURVE('',#900,#901,#465,.T.);
#1124=EDGE_CURVE('',#900,#902,#466,.T.);
#1125=EDGE_CURVE('',#902,#903,#467,.T.);
#1126=EDGE_CURVE('',#901,#903,#468,.T.);
#1127=EDGE_CURVE('',#904,#900,#469,.T.);
#1128=EDGE_CURVE('',#904,#905,#470,.T.);
#1129=EDGE_CURVE('',#905,#902,#471,.T.);
#1130=EDGE_CURVE('',#906,#904,#472,.T.);
#1131=EDGE_CURVE('',#906,#907,#473,.T.);
#1132=EDGE_CURVE('',#907,#905,#474,.T.);
#1133=EDGE_CURVE('',#908,#906,#475,.T.);
#1134=EDGE_CURVE('',#908,#909,#476,.T.);
#1135=EDGE_CURVE('',#909,#907,#477,.T.);
#1136=EDGE_CURVE('',#910,#908,#478,.T.);
#1137=EDGE_CURVE('',#910,#911,#479,.T.);
#1138=EDGE_CURVE('',#911,#909,#480,.T.);
#1139=EDGE_CURVE('',#901,#910,#481,.T.);
#1140=EDGE_CURVE('',#903,#911,#482,.T.);
#1141=EDGE_CURVE('',#912,#912,#91,.T.);
#1142=EDGE_CURVE('',#913,#914,#483,.T.);
#1143=EDGE_CURVE('',#913,#915,#484,.T.);
#1144=EDGE_CURVE('',#915,#916,#485,.T.);
#1145=EDGE_CURVE('',#914,#916,#486,.T.);
#1146=EDGE_CURVE('',#917,#913,#487,.T.);
#1147=EDGE_CURVE('',#917,#918,#488,.T.);
#1148=EDGE_CURVE('',#918,#915,#489,.T.);
#1149=EDGE_CURVE('',#919,#917,#490,.T.);
#1150=EDGE_CURVE('',#919,#920,#491,.T.);
#1151=EDGE_CURVE('',#920,#918,#492,.T.);
#1152=EDGE_CURVE('',#921,#919,#493,.T.);
#1153=EDGE_CURVE('',#921,#922,#494,.T.);
#1154=EDGE_CURVE('',#922,#920,#495,.T.);
#1155=EDGE_CURVE('',#923,#921,#496,.T.);
#1156=EDGE_CURVE('',#923,#924,#497,.T.);
#1157=EDGE_CURVE('',#924,#922,#498,.T.);
#1158=EDGE_CURVE('',#914,#923,#499,.T.);
#1159=EDGE_CURVE('',#916,#924,#500,.T.);
#1160=EDGE_CURVE('',#925,#925,#92,.T.);
#1161=EDGE_CURVE('',#926,#927,#501,.T.);
#1162=EDGE_CURVE('',#926,#928,#502,.T.);
#1163=EDGE_CURVE('',#928,#929,#503,.T.);
#1164=EDGE_CURVE('',#927,#929,#504,.T.);
#1165=EDGE_CURVE('',#930,#926,#505,.T.);
#1166=EDGE_CURVE('',#930,#931,#506,.T.);
#1167=EDGE_CURVE('',#931,#928,#507,.T.);
#1168=EDGE_CURVE('',#932,#930,#508,.T.);
#1169=EDGE_CURVE('',#932,#933,#509,.T.);
#1170=EDGE_CURVE('',#933,#931,#510,.T.);
#1171=EDGE_CURVE('',#934,#932,#511,.T.);
#1172=EDGE_CURVE('',#934,#935,#512,.T.);
#1173=EDGE_CURVE('',#935,#933,#513,.T.);
#1174=EDGE_CURVE('',#936,#934,#514,.T.);
#1175=EDGE_CURVE('',#936,#937,#515,.T.);
#1176=EDGE_CURVE('',#937,#935,#516,.T.);
#1177=EDGE_CURVE('',#927,#936,#517,.T.);
#1178=EDGE_CURVE('',#929,#937,#518,.T.);
#1179=EDGE_CURVE('',#938,#938,#93,.T.);
#1180=EDGE_CURVE('',#939,#940,#519,.T.);
#1181=EDGE_CURVE('',#939,#941,#520,.T.);
#1182=EDGE_CURVE('',#941,#942,#521,.T.);
#1183=EDGE_CURVE('',#940,#942,#522,.T.);
#1184=EDGE_CURVE('',#943,#939,#523,.T.);
#1185=EDGE_CURVE('',#943,#944,#524,.T.);
#1186=EDGE_CURVE('',#944,#941,#525,.T.);
#1187=EDGE_CURVE('',#945,#943,#526,.T.);
#1188=EDGE_CURVE('',#945,#946,#527,.T.);
#1189=EDGE_CURVE('',#946,#944,#528,.T.);
#1190=EDGE_CURVE('',#947,#945,#529,.T.);
#1191=EDGE_CURVE('',#947,#948,#530,.T.);
#1192=EDGE_CURVE('',#948,#946,#531,.T.);
#1193=EDGE_CURVE('',#949,#947,#532,.T.);
#1194=EDGE_CURVE('',#949,#950,#533,.T.);
#1195=EDGE_CURVE('',#950,#948,#534,.T.);
#1196=EDGE_CURVE('',#940,#949,#535,.T.);
#1197=EDGE_CURVE('',#942,#950,#536,.T.);
#1198=EDGE_CURVE('',#951,#951,#94,.T.);
#1199=EDGE_CURVE('',#952,#952,#95,.T.);
#1200=EDGE_CURVE('',#952,#912,#537,.T.);
#1201=EDGE_CURVE('',#953,#953,#96,.T.);
#1202=EDGE_CURVE('',#953,#951,#538,.T.);
#1203=EDGE_CURVE('',#954,#954,#97,.T.);
#1204=EDGE_CURVE('',#954,#938,#539,.T.);
#1205=EDGE_CURVE('',#955,#955,#98,.T.);
#1206=EDGE_CURVE('',#955,#925,#540,.T.);
#1207=EDGE_CURVE('',#868,#804,#541,.T.);
#1208=EDGE_CURVE('',#863,#855,#542,.T.);
#1209=EDGE_CURVE('',#864,#854,#543,.T.);
#1210=EDGE_CURVE('',#865,#856,#544,.T.);
#1211=EDGE_CURVE('',#866,#848,#545,.T.);
#1212=EDGE_CURVE('',#867,#836,#546,.T.);
#1213=EDGE_CURVE('',#956,#957,#547,.T.);
#1214=EDGE_CURVE('',#958,#956,#548,.T.);
#1215=EDGE_CURVE('',#959,#958,#549,.T.);
#1216=EDGE_CURVE('',#957,#959,#550,.T.);
#1217=EDGE_CURVE('',#960,#956,#551,.T.);
#1218=EDGE_CURVE('',#961,#960,#552,.T.);
#1219=EDGE_CURVE('',#958,#961,#553,.T.);
#1220=EDGE_CURVE('',#962,#959,#554,.T.);
#1221=EDGE_CURVE('',#963,#962,#555,.T.);
#1222=EDGE_CURVE('',#957,#963,#556,.T.);
#1223=EDGE_CURVE('',#961,#964,#557,.T.);
#1224=EDGE_CURVE('',#965,#964,#558,.T.);
#1225=EDGE_CURVE('',#962,#965,#559,.T.);
#1226=EDGE_CURVE('',#966,#965,#560,.T.);
#1227=EDGE_CURVE('',#963,#966,#561,.T.);
#1228=EDGE_CURVE('',#967,#966,#562,.T.);
#1229=EDGE_CURVE('',#960,#967,#563,.T.);
#1230=EDGE_CURVE('',#964,#967,#564,.T.);
#1231=ORIENTED_EDGE('',*,*,#968,.F.);
#1232=ORIENTED_EDGE('',*,*,#969,.T.);
#1233=ORIENTED_EDGE('',*,*,#970,.T.);
#1234=ORIENTED_EDGE('',*,*,#971,.T.);
#1235=ORIENTED_EDGE('',*,*,#972,.F.);
#1236=ORIENTED_EDGE('',*,*,#971,.F.);
#1237=ORIENTED_EDGE('',*,*,#973,.T.);
#1238=ORIENTED_EDGE('',*,*,#974,.F.);
#1239=ORIENTED_EDGE('',*,*,#973,.F.);
#1240=ORIENTED_EDGE('',*,*,#970,.F.);
#1241=ORIENTED_EDGE('',*,*,#975,.T.);
#1242=ORIENTED_EDGE('',*,*,#968,.T.);
#1243=ORIENTED_EDGE('',*,*,#972,.T.);
#1244=ORIENTED_EDGE('',*,*,#976,.F.);
#1245=ORIENTED_EDGE('',*,*,#977,.T.);
#1246=ORIENTED_EDGE('',*,*,#978,.T.);
#1247=ORIENTED_EDGE('',*,*,#979,.T.);
#1248=ORIENTED_EDGE('',*,*,#980,.F.);
#1249=ORIENTED_EDGE('',*,*,#981,.F.);
#1250=ORIENTED_EDGE('',*,*,#982,.T.);
#1251=ORIENTED_EDGE('',*,*,#983,.T.);
#1252=ORIENTED_EDGE('',*,*,#984,.F.);
#1253=ORIENTED_EDGE('',*,*,#985,.F.);
#1254=ORIENTED_EDGE('',*,*,#986,.T.);
#1255=ORIENTED_EDGE('',*,*,#987,.T.);
#1256=ORIENTED_EDGE('',*,*,#982,.F.);
#1257=ORIENTED_EDGE('',*,*,#988,.F.);
#1258=ORIENTED_EDGE('',*,*,#989,.T.);
#1259=ORIENTED_EDGE('',*,*,#990,.T.);
#1260=ORIENTED_EDGE('',*,*,#986,.F.);
#1261=ORIENTED_EDGE('',*,*,#991,.F.);
#1262=ORIENTED_EDGE('',*,*,#992,.T.);
#1263=ORIENTED_EDGE('',*,*,#993,.T.);
#1264=ORIENTED_EDGE('',*,*,#989,.F.);
#1265=ORIENTED_EDGE('',*,*,#994,.F.);
#1266=ORIENTED_EDGE('',*,*,#995,.F.);
#1267=ORIENTED_EDGE('',*,*,#996,.T.);
#1268=ORIENTED_EDGE('',*,*,#992,.F.);
#1269=ORIENTED_EDGE('',*,*,#997,.F.);
#1270=ORIENTED_EDGE('',*,*,#984,.T.);
#1271=ORIENTED_EDGE('',*,*,#998,.T.);
#1272=ORIENTED_EDGE('',*,*,#995,.T.);
#1273=ORIENTED_EDGE('',*,*,#998,.F.);
#1274=ORIENTED_EDGE('',*,*,#983,.F.);
#1275=ORIENTED_EDGE('',*,*,#987,.F.);
#1276=ORIENTED_EDGE('',*,*,#990,.F.);
#1277=ORIENTED_EDGE('',*,*,#993,.F.);
#1278=ORIENTED_EDGE('',*,*,#996,.F.);
#1279=ORIENTED_EDGE('',*,*,#999,.F.);
#1280=ORIENTED_EDGE('',*,*,#1000,.F.);
#1281=ORIENTED_EDGE('',*,*,#1001,.T.);
#1282=ORIENTED_EDGE('',*,*,#1002,.T.);
#1283=ORIENTED_EDGE('',*,*,#1003,.F.);
#1284=ORIENTED_EDGE('',*,*,#1004,.F.);
#1285=ORIENTED_EDGE('',*,*,#1005,.T.);
#1286=ORIENTED_EDGE('',*,*,#1006,.T.);
#1287=ORIENTED_EDGE('',*,*,#974,.F.);
#1288=ORIENTED_EDGE('',*,*,#1007,.F.);
#1289=ORIENTED_EDGE('',*,*,#1008,.T.);
#1290=ORIENTED_EDGE('',*,*,#1009,.T.);
#1291=ORIENTED_EDGE('',*,*,#969,.F.);
#1292=ORIENTED_EDGE('',*,*,#1010,.F.);
#1293=ORIENTED_EDGE('',*,*,#1011,.T.);
#1294=ORIENTED_EDGE('',*,*,#1012,.T.);
#1295=ORIENTED_EDGE('',*,*,#1008,.F.);
#1296=ORIENTED_EDGE('',*,*,#1013,.F.);
#1297=ORIENTED_EDGE('',*,*,#1014,.T.);
#1298=ORIENTED_EDGE('',*,*,#1015,.T.);
#1299=ORIENTED_EDGE('',*,*,#1011,.F.);
#1300=ORIENTED_EDGE('',*,*,#1016,.F.);
#1301=ORIENTED_EDGE('',*,*,#1017,.T.);
#1302=ORIENTED_EDGE('',*,*,#1018,.T.);
#1303=ORIENTED_EDGE('',*,*,#1014,.F.);
#1304=ORIENTED_EDGE('',*,*,#1019,.F.);
#1305=ORIENTED_EDGE('',*,*,#1020,.T.);
#1306=ORIENTED_EDGE('',*,*,#1021,.T.);
#1307=ORIENTED_EDGE('',*,*,#1017,.F.);
#1308=ORIENTED_EDGE('',*,*,#1022,.F.);
#1309=ORIENTED_EDGE('',*,*,#1003,.T.);
#1310=ORIENTED_EDGE('',*,*,#1023,.T.);
#1311=ORIENTED_EDGE('',*,*,#1020,.F.);
#1312=ORIENTED_EDGE('',*,*,#1023,.F.);
#1313=ORIENTED_EDGE('',*,*,#1002,.F.);
#1314=ORIENTED_EDGE('',*,*,#975,.F.);
#1315=ORIENTED_EDGE('',*,*,#1009,.F.);
#1316=ORIENTED_EDGE('',*,*,#1012,.F.);
#1317=ORIENTED_EDGE('',*,*,#1015,.F.);
#1318=ORIENTED_EDGE('',*,*,#1018,.F.);
#1319=ORIENTED_EDGE('',*,*,#1021,.F.);
#1320=ORIENTED_EDGE('',*,*,#1024,.F.);
#1321=ORIENTED_EDGE('',*,*,#1025,.F.);
#1322=ORIENTED_EDGE('',*,*,#1026,.T.);
#1323=ORIENTED_EDGE('',*,*,#999,.T.);
#1324=ORIENTED_EDGE('',*,*,#1026,.F.);
#1325=ORIENTED_EDGE('',*,*,#1027,.F.);
#1326=ORIENTED_EDGE('',*,*,#1028,.T.);
#1327=ORIENTED_EDGE('',*,*,#1024,.T.);
#1328=ORIENTED_EDGE('',*,*,#1028,.F.);
#1329=ORIENTED_EDGE('',*,*,#1029,.T.);
#1330=ORIENTED_EDGE('',*,*,#1030,.T.);
#1331=ORIENTED_EDGE('',*,*,#977,.F.);
#1332=ORIENTED_EDGE('',*,*,#1031,.F.);
#1333=ORIENTED_EDGE('',*,*,#1032,.F.);
#1334=ORIENTED_EDGE('',*,*,#1033,.F.);
#1335=ORIENTED_EDGE('',*,*,#979,.F.);
#1336=ORIENTED_EDGE('',*,*,#1034,.F.);
#1337=ORIENTED_EDGE('',*,*,#1035,.F.);
#1338=ORIENTED_EDGE('',*,*,#1034,.T.);
#1339=ORIENTED_EDGE('',*,*,#978,.F.);
#1340=ORIENTED_EDGE('',*,*,#1030,.F.);
#1341=ORIENTED_EDGE('',*,*,#1036,.F.);
#1342=ORIENTED_EDGE('',*,*,#1037,.F.);
#1343=ORIENTED_EDGE('',*,*,#1038,.F.);
#1344=ORIENTED_EDGE('',*,*,#1039,.F.);
#1345=ORIENTED_EDGE('',*,*,#1040,.F.);
#1346=ORIENTED_EDGE('',*,*,#1041,.F.);
#1347=ORIENTED_EDGE('',*,*,#1042,.F.);
#1348=ORIENTED_EDGE('',*,*,#1043,.T.);
#1349=ORIENTED_EDGE('',*,*,#1044,.F.);
#1350=ORIENTED_EDGE('',*,*,#1043,.F.);
#1351=ORIENTED_EDGE('',*,*,#1045,.F.);
#1352=ORIENTED_EDGE('',*,*,#1037,.T.);
#1353=ORIENTED_EDGE('',*,*,#1041,.T.);
#1354=ORIENTED_EDGE('',*,*,#1046,.F.);
#1355=ORIENTED_EDGE('',*,*,#1047,.F.);
#1356=ORIENTED_EDGE('',*,*,#1048,.T.);
#1357=ORIENTED_EDGE('',*,*,#1039,.T.);
#1358=ORIENTED_EDGE('',*,*,#1049,.T.);
#1359=ORIENTED_EDGE('',*,*,#1050,.F.);
#1360=ORIENTED_EDGE('',*,*,#1051,.F.);
#1361=ORIENTED_EDGE('',*,*,#1004,.T.);
#1362=ORIENTED_EDGE('',*,*,#1001,.T.);
#1363=ORIENTED_EDGE('',*,*,#1006,.F.);
#1364=ORIENTED_EDGE('',*,*,#1005,.F.);
#1365=ORIENTED_EDGE('',*,*,#1052,.F.);
#1366=ORIENTED_EDGE('',*,*,#1033,.T.);
#1367=ORIENTED_EDGE('',*,*,#1053,.T.);
#1368=ORIENTED_EDGE('',*,*,#1054,.F.);
#1369=ORIENTED_EDGE('',*,*,#1055,.T.);
#1370=ORIENTED_EDGE('',*,*,#1056,.T.);
#1371=ORIENTED_EDGE('',*,*,#1057,.T.);
#1372=ORIENTED_EDGE('',*,*,#1054,.T.);
#1373=ORIENTED_EDGE('',*,*,#1058,.T.);
#1374=ORIENTED_EDGE('',*,*,#1050,.T.);
#1375=ORIENTED_EDGE('',*,*,#1059,.T.);
#1376=ORIENTED_EDGE('',*,*,#1060,.T.);
#1377=ORIENTED_EDGE('',*,*,#1047,.T.);
#1378=ORIENTED_EDGE('',*,*,#1061,.F.);
#1379=ORIENTED_EDGE('',*,*,#1062,.F.);
#1380=ORIENTED_EDGE('',*,*,#1063,.F.);
#1381=ORIENTED_EDGE('',*,*,#1064,.T.);
#1382=ORIENTED_EDGE('',*,*,#1065,.F.);
#1383=ORIENTED_EDGE('',*,*,#1064,.F.);
#1384=ORIENTED_EDGE('',*,*,#1066,.F.);
#1385=ORIENTED_EDGE('',*,*,#1067,.F.);
#1386=ORIENTED_EDGE('',*,*,#1061,.T.);
#1387=ORIENTED_EDGE('',*,*,#1065,.T.);
#1388=ORIENTED_EDGE('',*,*,#1068,.T.);
#1389=ORIENTED_EDGE('',*,*,#1069,.T.);
#1390=ORIENTED_EDGE('',*,*,#1070,.F.);
#1391=ORIENTED_EDGE('',*,*,#1071,.T.);
#1392=ORIENTED_EDGE('',*,*,#1072,.F.);
#1393=ORIENTED_EDGE('',*,*,#1073,.F.);
#1394=ORIENTED_EDGE('',*,*,#1074,.T.);
#1395=ORIENTED_EDGE('',*,*,#1075,.T.);
#1396=ORIENTED_EDGE('',*,*,#1076,.F.);
#1397=ORIENTED_EDGE('',*,*,#1063,.T.);
#1398=ORIENTED_EDGE('',*,*,#1077,.F.);
#1399=ORIENTED_EDGE('',*,*,#1078,.T.);
#1400=ORIENTED_EDGE('',*,*,#1079,.F.);
#1401=ORIENTED_EDGE('',*,*,#1066,.T.);
#1402=ORIENTED_EDGE('',*,*,#1076,.T.);
#1403=ORIENTED_EDGE('',*,*,#1078,.F.);
#1404=ORIENTED_EDGE('',*,*,#1075,.F.);
#1405=ORIENTED_EDGE('',*,*,#1080,.F.);
#1406=ORIENTED_EDGE('',*,*,#1081,.T.);
#1407=ORIENTED_EDGE('',*,*,#1082,.T.);
#1408=ORIENTED_EDGE('',*,*,#1083,.T.);
#1409=ORIENTED_EDGE('',*,*,#1082,.F.);
#1410=ORIENTED_EDGE('',*,*,#1084,.F.);
#1411=ORIENTED_EDGE('',*,*,#1085,.T.);
#1412=ORIENTED_EDGE('',*,*,#1086,.T.);
#1413=ORIENTED_EDGE('',*,*,#1085,.F.);
#1414=ORIENTED_EDGE('',*,*,#1083,.F.);
#1415=ORIENTED_EDGE('',*,*,#1087,.T.);
#1416=ORIENTED_EDGE('',*,*,#1088,.T.);
#1417=ORIENTED_EDGE('',*,*,#1089,.T.);
#1418=ORIENTED_EDGE('',*,*,#1088,.F.);
#1419=ORIENTED_EDGE('',*,*,#1090,.F.);
#1420=ORIENTED_EDGE('',*,*,#1091,.T.);
#1421=ORIENTED_EDGE('',*,*,#1092,.T.);
#1422=ORIENTED_EDGE('',*,*,#1091,.F.);
#1423=ORIENTED_EDGE('',*,*,#1089,.F.);
#1424=ORIENTED_EDGE('',*,*,#1093,.T.);
#1425=ORIENTED_EDGE('',*,*,#1094,.T.);
#1426=ORIENTED_EDGE('',*,*,#1095,.T.);
#1427=ORIENTED_EDGE('',*,*,#1096,.F.);
#1428=ORIENTED_EDGE('',*,*,#1097,.T.);
#1429=ORIENTED_EDGE('',*,*,#1098,.F.);
#1430=ORIENTED_EDGE('',*,*,#1099,.T.);
#1431=ORIENTED_EDGE('',*,*,#1094,.F.);
#1432=ORIENTED_EDGE('',*,*,#1100,.F.);
#1433=ORIENTED_EDGE('',*,*,#1101,.T.);
#1434=ORIENTED_EDGE('',*,*,#1102,.T.);
#1435=ORIENTED_EDGE('',*,*,#1103,.F.);
#1436=ORIENTED_EDGE('',*,*,#1104,.T.);
#1437=ORIENTED_EDGE('',*,*,#1096,.T.);
#1438=ORIENTED_EDGE('',*,*,#1105,.T.);
#1439=ORIENTED_EDGE('',*,*,#1101,.F.);
#1440=ORIENTED_EDGE('',*,*,#1104,.F.);
#1441=ORIENTED_EDGE('',*,*,#1100,.T.);
#1442=ORIENTED_EDGE('',*,*,#1106,.F.);
#1443=ORIENTED_EDGE('',*,*,#1097,.F.);
#1444=ORIENTED_EDGE('',*,*,#1093,.F.);
#1445=ORIENTED_EDGE('',*,*,#1086,.F.);
#1446=ORIENTED_EDGE('',*,*,#1105,.F.);
#1447=ORIENTED_EDGE('',*,*,#1095,.F.);
#1448=ORIENTED_EDGE('',*,*,#1099,.F.);
#1449=ORIENTED_EDGE('',*,*,#1107,.F.);
#1450=ORIENTED_EDGE('',*,*,#1102,.F.);
#1451=ORIENTED_EDGE('',*,*,#1081,.F.);
#1452=ORIENTED_EDGE('',*,*,#1108,.T.);
#1453=ORIENTED_EDGE('',*,*,#1109,.T.);
#1454=ORIENTED_EDGE('',*,*,#1110,.T.);
#1455=ORIENTED_EDGE('',*,*,#1111,.F.);
#1456=ORIENTED_EDGE('',*,*,#1112,.T.);
#1457=ORIENTED_EDGE('',*,*,#1113,.T.);
#1458=ORIENTED_EDGE('',*,*,#1114,.T.);
#1459=ORIENTED_EDGE('',*,*,#1109,.F.);
#1460=ORIENTED_EDGE('',*,*,#1115,.T.);
#1461=ORIENTED_EDGE('',*,*,#1116,.F.);
#1462=ORIENTED_EDGE('',*,*,#1117,.T.);
#1463=ORIENTED_EDGE('',*,*,#1113,.F.);
#1464=ORIENTED_EDGE('',*,*,#1118,.T.);
#1465=ORIENTED_EDGE('',*,*,#1111,.T.);
#1466=ORIENTED_EDGE('',*,*,#1119,.T.);
#1467=ORIENTED_EDGE('',*,*,#1120,.F.);
#1468=ORIENTED_EDGE('',*,*,#1118,.F.);
#1469=ORIENTED_EDGE('',*,*,#1121,.F.);
#1470=ORIENTED_EDGE('',*,*,#1115,.F.);
#1471=ORIENTED_EDGE('',*,*,#1112,.F.);
#1472=ORIENTED_EDGE('',*,*,#1108,.F.);
#1473=ORIENTED_EDGE('',*,*,#1092,.F.);
#1474=ORIENTED_EDGE('',*,*,#1119,.F.);
#1475=ORIENTED_EDGE('',*,*,#1110,.F.);
#1476=ORIENTED_EDGE('',*,*,#1114,.F.);
#1477=ORIENTED_EDGE('',*,*,#1117,.F.);
#1478=ORIENTED_EDGE('',*,*,#1122,.F.);
#1479=ORIENTED_EDGE('',*,*,#1087,.F.);
#1480=ORIENTED_EDGE('',*,*,#1123,.F.);
#1481=ORIENTED_EDGE('',*,*,#1124,.T.);
#1482=ORIENTED_EDGE('',*,*,#1125,.T.);
#1483=ORIENTED_EDGE('',*,*,#1126,.F.);
#1484=ORIENTED_EDGE('',*,*,#1127,.F.);
#1485=ORIENTED_EDGE('',*,*,#1128,.T.);
#1486=ORIENTED_EDGE('',*,*,#1129,.T.);
#1487=ORIENTED_EDGE('',*,*,#1124,.F.);
#1488=ORIENTED_EDGE('',*,*,#1130,.F.);
#1489=ORIENTED_EDGE('',*,*,#1131,.T.);
#1490=ORIENTED_EDGE('',*,*,#1132,.T.);
#1491=ORIENTED_EDGE('',*,*,#1128,.F.);
#1492=ORIENTED_EDGE('',*,*,#1133,.F.);
#1493=ORIENTED_EDGE('',*,*,#1134,.T.);
#1494=ORIENTED_EDGE('',*,*,#1135,.T.);
#1495=ORIENTED_EDGE('',*,*,#1131,.F.);
#1496=ORIENTED_EDGE('',*,*,#1136,.F.);
#1497=ORIENTED_EDGE('',*,*,#1137,.T.);
#1498=ORIENTED_EDGE('',*,*,#1138,.T.);
#1499=ORIENTED_EDGE('',*,*,#1134,.F.);
#1500=ORIENTED_EDGE('',*,*,#1139,.F.);
#1501=ORIENTED_EDGE('',*,*,#1126,.T.);
#1502=ORIENTED_EDGE('',*,*,#1140,.T.);
#1503=ORIENTED_EDGE('',*,*,#1137,.F.);
#1504=ORIENTED_EDGE('',*,*,#1140,.F.);
#1505=ORIENTED_EDGE('',*,*,#1125,.F.);
#1506=ORIENTED_EDGE('',*,*,#1129,.F.);
#1507=ORIENTED_EDGE('',*,*,#1132,.F.);
#1508=ORIENTED_EDGE('',*,*,#1135,.F.);
#1509=ORIENTED_EDGE('',*,*,#1138,.F.);
#1510=ORIENTED_EDGE('',*,*,#1141,.F.);
#1511=ORIENTED_EDGE('',*,*,#1142,.F.);
#1512=ORIENTED_EDGE('',*,*,#1143,.T.);
#1513=ORIENTED_EDGE('',*,*,#1144,.T.);
#1514=ORIENTED_EDGE('',*,*,#1145,.F.);
#1515=ORIENTED_EDGE('',*,*,#1146,.F.);
#1516=ORIENTED_EDGE('',*,*,#1147,.T.);
#1517=ORIENTED_EDGE('',*,*,#1148,.T.);
#1518=ORIENTED_EDGE('',*,*,#1143,.F.);
#1519=ORIENTED_EDGE('',*,*,#1149,.F.);
#1520=ORIENTED_EDGE('',*,*,#1150,.T.);
#1521=ORIENTED_EDGE('',*,*,#1151,.T.);
#1522=ORIENTED_EDGE('',*,*,#1147,.F.);
#1523=ORIENTED_EDGE('',*,*,#1152,.F.);
#1524=ORIENTED_EDGE('',*,*,#1153,.T.);
#1525=ORIENTED_EDGE('',*,*,#1154,.T.);
#1526=ORIENTED_EDGE('',*,*,#1150,.F.);
#1527=ORIENTED_EDGE('',*,*,#1155,.F.);
#1528=ORIENTED_EDGE('',*,*,#1156,.T.);
#1529=ORIENTED_EDGE('',*,*,#1157,.T.);
#1530=ORIENTED_EDGE('',*,*,#1153,.F.);
#1531=ORIENTED_EDGE('',*,*,#1158,.F.);
#1532=ORIENTED_EDGE('',*,*,#1145,.T.);
#1533=ORIENTED_EDGE('',*,*,#1159,.T.);
#1534=ORIENTED_EDGE('',*,*,#1156,.F.);
#1535=ORIENTED_EDGE('',*,*,#1159,.F.);
#1536=ORIENTED_EDGE('',*,*,#1144,.F.);
#1537=ORIENTED_EDGE('',*,*,#1148,.F.);
#1538=ORIENTED_EDGE('',*,*,#1151,.F.);
#1539=ORIENTED_EDGE('',*,*,#1154,.F.);
#1540=ORIENTED_EDGE('',*,*,#1157,.F.);
#1541=ORIENTED_EDGE('',*,*,#1160,.F.);
#1542=ORIENTED_EDGE('',*,*,#1161,.F.);
#1543=ORIENTED_EDGE('',*,*,#1162,.T.);
#1544=ORIENTED_EDGE('',*,*,#1163,.T.);
#1545=ORIENTED_EDGE('',*,*,#1164,.F.);
#1546=ORIENTED_EDGE('',*,*,#1165,.F.);
#1547=ORIENTED_EDGE('',*,*,#1166,.T.);
#1548=ORIENTED_EDGE('',*,*,#1167,.T.);
#1549=ORIENTED_EDGE('',*,*,#1162,.F.);
#1550=ORIENTED_EDGE('',*,*,#1168,.F.);
#1551=ORIENTED_EDGE('',*,*,#1169,.T.);
#1552=ORIENTED_EDGE('',*,*,#1170,.T.);
#1553=ORIENTED_EDGE('',*,*,#1166,.F.);
#1554=ORIENTED_EDGE('',*,*,#1171,.F.);
#1555=ORIENTED_EDGE('',*,*,#1172,.T.);
#1556=ORIENTED_EDGE('',*,*,#1173,.T.);
#1557=ORIENTED_EDGE('',*,*,#1169,.F.);
#1558=ORIENTED_EDGE('',*,*,#1174,.F.);
#1559=ORIENTED_EDGE('',*,*,#1175,.T.);
#1560=ORIENTED_EDGE('',*,*,#1176,.T.);
#1561=ORIENTED_EDGE('',*,*,#1172,.F.);
#1562=ORIENTED_EDGE('',*,*,#1177,.F.);
#1563=ORIENTED_EDGE('',*,*,#1164,.T.);
#1564=ORIENTED_EDGE('',*,*,#1178,.T.);
#1565=ORIENTED_EDGE('',*,*,#1175,.F.);
#1566=ORIENTED_EDGE('',*,*,#1178,.F.);
#1567=ORIENTED_EDGE('',*,*,#1163,.F.);
#1568=ORIENTED_EDGE('',*,*,#1167,.F.);
#1569=ORIENTED_EDGE('',*,*,#1170,.F.);
#1570=ORIENTED_EDGE('',*,*,#1173,.F.);
#1571=ORIENTED_EDGE('',*,*,#1176,.F.);
#1572=ORIENTED_EDGE('',*,*,#1179,.F.);
#1573=ORIENTED_EDGE('',*,*,#1180,.F.);
#1574=ORIENTED_EDGE('',*,*,#1181,.T.);
#1575=ORIENTED_EDGE('',*,*,#1182,.T.);
#1576=ORIENTED_EDGE('',*,*,#1183,.F.);
#1577=ORIENTED_EDGE('',*,*,#1184,.F.);
#1578=ORIENTED_EDGE('',*,*,#1185,.T.);
#1579=ORIENTED_EDGE('',*,*,#1186,.T.);
#1580=ORIENTED_EDGE('',*,*,#1181,.F.);
#1581=ORIENTED_EDGE('',*,*,#1187,.F.);
#1582=ORIENTED_EDGE('',*,*,#1188,.T.);
#1583=ORIENTED_EDGE('',*,*,#1189,.T.);
#1584=ORIENTED_EDGE('',*,*,#1185,.F.);
#1585=ORIENTED_EDGE('',*,*,#1190,.F.);
#1586=ORIENTED_EDGE('',*,*,#1191,.T.);
#1587=ORIENTED_EDGE('',*,*,#1192,.T.);
#1588=ORIENTED_EDGE('',*,*,#1188,.F.);
#1589=ORIENTED_EDGE('',*,*,#1193,.F.);
#1590=ORIENTED_EDGE('',*,*,#1194,.T.);
#1591=ORIENTED_EDGE('',*,*,#1195,.T.);
#1592=ORIENTED_EDGE('',*,*,#1191,.F.);
#1593=ORIENTED_EDGE('',*,*,#1196,.F.);
#1594=ORIENTED_EDGE('',*,*,#1183,.T.);
#1595=ORIENTED_EDGE('',*,*,#1197,.T.);
#1596=ORIENTED_EDGE('',*,*,#1194,.F.);
#1597=ORIENTED_EDGE('',*,*,#1197,.F.);
#1598=ORIENTED_EDGE('',*,*,#1182,.F.);
#1599=ORIENTED_EDGE('',*,*,#1186,.F.);
#1600=ORIENTED_EDGE('',*,*,#1189,.F.);
#1601=ORIENTED_EDGE('',*,*,#1192,.F.);
#1602=ORIENTED_EDGE('',*,*,#1195,.F.);
#1603=ORIENTED_EDGE('',*,*,#1198,.F.);
#1604=ORIENTED_EDGE('',*,*,#1199,.F.);
#1605=ORIENTED_EDGE('',*,*,#1200,.T.);
#1606=ORIENTED_EDGE('',*,*,#1141,.T.);
#1607=ORIENTED_EDGE('',*,*,#1200,.F.);
#1608=ORIENTED_EDGE('',*,*,#1201,.F.);
#1609=ORIENTED_EDGE('',*,*,#1202,.T.);
#1610=ORIENTED_EDGE('',*,*,#1198,.T.);
#1611=ORIENTED_EDGE('',*,*,#1202,.F.);
#1612=ORIENTED_EDGE('',*,*,#1203,.F.);
#1613=ORIENTED_EDGE('',*,*,#1204,.T.);
#1614=ORIENTED_EDGE('',*,*,#1179,.T.);
#1615=ORIENTED_EDGE('',*,*,#1204,.F.);
#1616=ORIENTED_EDGE('',*,*,#1205,.F.);
#1617=ORIENTED_EDGE('',*,*,#1206,.T.);
#1618=ORIENTED_EDGE('',*,*,#1160,.T.);
#1619=ORIENTED_EDGE('',*,*,#1206,.F.);
#1620=ORIENTED_EDGE('',*,*,#1062,.T.);
#1621=ORIENTED_EDGE('',*,*,#1074,.F.);
#1622=ORIENTED_EDGE('',*,*,#1207,.T.);
#1623=ORIENTED_EDGE('',*,*,#976,.T.);
#1624=ORIENTED_EDGE('',*,*,#1000,.T.);
#1625=ORIENTED_EDGE('',*,*,#1022,.T.);
#1626=ORIENTED_EDGE('',*,*,#1019,.T.);
#1627=ORIENTED_EDGE('',*,*,#1016,.T.);
#1628=ORIENTED_EDGE('',*,*,#1013,.T.);
#1629=ORIENTED_EDGE('',*,*,#1010,.T.);
#1630=ORIENTED_EDGE('',*,*,#1007,.T.);
#1631=ORIENTED_EDGE('',*,*,#980,.T.);
#1632=ORIENTED_EDGE('',*,*,#1052,.T.);
#1633=ORIENTED_EDGE('',*,*,#1057,.F.);
#1634=ORIENTED_EDGE('',*,*,#1208,.F.);
#1635=ORIENTED_EDGE('',*,*,#1068,.F.);
#1636=ORIENTED_EDGE('',*,*,#1067,.T.);
#1637=ORIENTED_EDGE('',*,*,#1079,.T.);
#1638=ORIENTED_EDGE('',*,*,#1080,.T.);
#1639=ORIENTED_EDGE('',*,*,#1077,.T.);
#1640=ORIENTED_EDGE('',*,*,#994,.T.);
#1641=ORIENTED_EDGE('',*,*,#991,.T.);
#1642=ORIENTED_EDGE('',*,*,#988,.T.);
#1643=ORIENTED_EDGE('',*,*,#985,.T.);
#1644=ORIENTED_EDGE('',*,*,#981,.T.);
#1645=ORIENTED_EDGE('',*,*,#997,.T.);
#1646=ORIENTED_EDGE('',*,*,#1084,.T.);
#1647=ORIENTED_EDGE('',*,*,#1090,.T.);
#1648=ORIENTED_EDGE('',*,*,#1123,.T.);
#1649=ORIENTED_EDGE('',*,*,#1139,.T.);
#1650=ORIENTED_EDGE('',*,*,#1136,.T.);
#1651=ORIENTED_EDGE('',*,*,#1133,.T.);
#1652=ORIENTED_EDGE('',*,*,#1130,.T.);
#1653=ORIENTED_EDGE('',*,*,#1127,.T.);
#1654=ORIENTED_EDGE('',*,*,#1142,.T.);
#1655=ORIENTED_EDGE('',*,*,#1158,.T.);
#1656=ORIENTED_EDGE('',*,*,#1155,.T.);
#1657=ORIENTED_EDGE('',*,*,#1152,.T.);
#1658=ORIENTED_EDGE('',*,*,#1149,.T.);
#1659=ORIENTED_EDGE('',*,*,#1146,.T.);
#1660=ORIENTED_EDGE('',*,*,#1161,.T.);
#1661=ORIENTED_EDGE('',*,*,#1177,.T.);
#1662=ORIENTED_EDGE('',*,*,#1174,.T.);
#1663=ORIENTED_EDGE('',*,*,#1171,.T.);
#1664=ORIENTED_EDGE('',*,*,#1168,.T.);
#1665=ORIENTED_EDGE('',*,*,#1165,.T.);
#1666=ORIENTED_EDGE('',*,*,#1180,.T.);
#1667=ORIENTED_EDGE('',*,*,#1196,.T.);
#1668=ORIENTED_EDGE('',*,*,#1193,.T.);
#1669=ORIENTED_EDGE('',*,*,#1190,.T.);
#1670=ORIENTED_EDGE('',*,*,#1187,.T.);
#1671=ORIENTED_EDGE('',*,*,#1184,.T.);
#1672=ORIENTED_EDGE('',*,*,#1069,.F.);
#1673=ORIENTED_EDGE('',*,*,#1208,.T.);
#1674=ORIENTED_EDGE('',*,*,#1056,.F.);
#1675=ORIENTED_EDGE('',*,*,#1209,.F.);
#1676=ORIENTED_EDGE('',*,*,#1103,.T.);
#1677=ORIENTED_EDGE('',*,*,#1107,.T.);
#1678=ORIENTED_EDGE('',*,*,#1098,.T.);
#1679=ORIENTED_EDGE('',*,*,#1106,.T.);
#1680=ORIENTED_EDGE('',*,*,#1070,.T.);
#1681=ORIENTED_EDGE('',*,*,#1209,.T.);
#1682=ORIENTED_EDGE('',*,*,#1055,.F.);
#1683=ORIENTED_EDGE('',*,*,#1049,.F.);
#1684=ORIENTED_EDGE('',*,*,#1038,.T.);
#1685=ORIENTED_EDGE('',*,*,#1045,.T.);
#1686=ORIENTED_EDGE('',*,*,#1042,.T.);
#1687=ORIENTED_EDGE('',*,*,#1048,.F.);
#1688=ORIENTED_EDGE('',*,*,#1060,.F.);
#1689=ORIENTED_EDGE('',*,*,#1210,.F.);
#1690=ORIENTED_EDGE('',*,*,#1025,.T.);
#1691=ORIENTED_EDGE('',*,*,#1199,.T.);
#1692=ORIENTED_EDGE('',*,*,#1201,.T.);
#1693=ORIENTED_EDGE('',*,*,#1071,.F.);
#1694=ORIENTED_EDGE('',*,*,#1210,.T.);
#1695=ORIENTED_EDGE('',*,*,#1059,.F.);
#1696=ORIENTED_EDGE('',*,*,#1211,.F.);
#1697=ORIENTED_EDGE('',*,*,#1072,.T.);
#1698=ORIENTED_EDGE('',*,*,#1211,.T.);
#1699=ORIENTED_EDGE('',*,*,#1046,.T.);
#1700=ORIENTED_EDGE('',*,*,#1040,.T.);
#1701=ORIENTED_EDGE('',*,*,#1044,.T.);
#1702=ORIENTED_EDGE('',*,*,#1036,.T.);
#1703=ORIENTED_EDGE('',*,*,#1051,.T.);
#1704=ORIENTED_EDGE('',*,*,#1058,.F.);
#1705=ORIENTED_EDGE('',*,*,#1053,.F.);
#1706=ORIENTED_EDGE('',*,*,#1032,.T.);
#1707=ORIENTED_EDGE('',*,*,#1035,.T.);
#1708=ORIENTED_EDGE('',*,*,#1029,.F.);
#1709=ORIENTED_EDGE('',*,*,#1212,.F.);
#1710=ORIENTED_EDGE('',*,*,#1027,.T.);
#1711=ORIENTED_EDGE('',*,*,#1203,.T.);
#1712=ORIENTED_EDGE('',*,*,#1205,.T.);
#1713=ORIENTED_EDGE('',*,*,#1073,.T.);
#1714=ORIENTED_EDGE('',*,*,#1212,.T.);
#1715=ORIENTED_EDGE('',*,*,#1031,.T.);
#1716=ORIENTED_EDGE('',*,*,#1207,.F.);
#1717=ORIENTED_EDGE('',*,*,#1120,.T.);
#1718=ORIENTED_EDGE('',*,*,#1122,.T.);
#1719=ORIENTED_EDGE('',*,*,#1116,.T.);
#1720=ORIENTED_EDGE('',*,*,#1121,.T.);
#1721=ORIENTED_EDGE('',*,*,#1213,.F.);
#1722=ORIENTED_EDGE('',*,*,#1214,.F.);
#1723=ORIENTED_EDGE('',*,*,#1215,.F.);
#1724=ORIENTED_EDGE('',*,*,#1216,.F.);
#1725=ORIENTED_EDGE('',*,*,#1214,.T.);
#1726=ORIENTED_EDGE('',*,*,#1217,.F.);
#1727=ORIENTED_EDGE('',*,*,#1218,.F.);
#1728=ORIENTED_EDGE('',*,*,#1219,.F.);
#1729=ORIENTED_EDGE('',*,*,#1216,.T.);
#1730=ORIENTED_EDGE('',*,*,#1220,.F.);
#1731=ORIENTED_EDGE('',*,*,#1221,.F.);
#1732=ORIENTED_EDGE('',*,*,#1222,.F.);
#1733=ORIENTED_EDGE('',*,*,#1223,.T.);
#1734=ORIENTED_EDGE('',*,*,#1224,.F.);
#1735=ORIENTED_EDGE('',*,*,#1225,.F.);
#1736=ORIENTED_EDGE('',*,*,#1220,.T.);
#1737=ORIENTED_EDGE('',*,*,#1215,.T.);
#1738=ORIENTED_EDGE('',*,*,#1219,.T.);
#1739=ORIENTED_EDGE('',*,*,#1221,.T.);
#1740=ORIENTED_EDGE('',*,*,#1225,.T.);
#1741=ORIENTED_EDGE('',*,*,#1226,.F.);
#1742=ORIENTED_EDGE('',*,*,#1227,.F.);
#1743=ORIENTED_EDGE('',*,*,#1227,.T.);
#1744=ORIENTED_EDGE('',*,*,#1228,.F.);
#1745=ORIENTED_EDGE('',*,*,#1229,.F.);
#1746=ORIENTED_EDGE('',*,*,#1217,.T.);
#1747=ORIENTED_EDGE('',*,*,#1213,.T.);
#1748=ORIENTED_EDGE('',*,*,#1222,.T.);
#1749=ORIENTED_EDGE('',*,*,#1218,.T.);
#1750=ORIENTED_EDGE('',*,*,#1229,.T.);
#1751=ORIENTED_EDGE('',*,*,#1230,.F.);
#1752=ORIENTED_EDGE('',*,*,#1223,.F.);
#1753=ORIENTED_EDGE('',*,*,#1230,.T.);
#1754=ORIENTED_EDGE('',*,*,#1228,.T.);
#1755=ORIENTED_EDGE('',*,*,#1226,.T.);
#1756=ORIENTED_EDGE('',*,*,#1224,.T.);
#1757=PLANE('',#1975);
#1758=PLANE('',#1976);
#1759=PLANE('',#1977);
#1760=PLANE('',#1978);
#1761=PLANE('',#1980);
#1762=PLANE('',#1981);
#1763=PLANE('',#1982);
#1764=PLANE('',#1983);
#1765=PLANE('',#1984);
#1766=PLANE('',#1985);
#1767=PLANE('',#1986);
#1768=PLANE('',#1988);
#1769=PLANE('',#1989);
#1770=PLANE('',#1990);
#1771=PLANE('',#1991);
#1772=PLANE('',#1992);
#1773=PLANE('',#1993);
#1774=PLANE('',#1994);
#1775=PLANE('',#1995);
#1776=PLANE('',#1996);
#1777=PLANE('',#2002);
#1778=PLANE('',#2003);
#1779=PLANE('',#2015);
#1780=PLANE('',#2016);
#1781=PLANE('',#2017);
#1782=PLANE('',#2018);
#1783=PLANE('',#2020);
#1784=PLANE('',#2021);
#1785=PLANE('',#2022);
#1786=PLANE('',#2024);
#1787=PLANE('',#2025);
#1788=PLANE('',#2026);
#1789=PLANE('',#2033);
#1790=PLANE('',#2040);
#1791=PLANE('',#2041);
#1792=PLANE('',#2042);
#1793=PLANE('',#2043);
#1794=PLANE('',#2044);
#1795=PLANE('',#2045);
#1796=PLANE('',#2046);
#1797=PLANE('',#2047);
#1798=PLANE('',#2048);
#1799=PLANE('',#2049);
#1800=PLANE('',#2050);
#1801=PLANE('',#2051);
#1802=PLANE('',#2052);
#1803=PLANE('',#2053);
#1804=PLANE('',#2054);
#1805=PLANE('',#2055);
#1806=PLANE('',#2056);
#1807=PLANE('',#2057);
#1808=PLANE('',#2058);
#1809=PLANE('',#2059);
#1810=PLANE('',#2061);
#1811=PLANE('',#2062);
#1812=PLANE('',#2063);
#1813=PLANE('',#2064);
#1814=PLANE('',#2065);
#1815=PLANE('',#2066);
#1816=PLANE('',#2067);
#1817=PLANE('',#2069);
#1818=PLANE('',#2070);
#1819=PLANE('',#2071);
#1820=PLANE('',#2072);
#1821=PLANE('',#2073);
#1822=PLANE('',#2074);
#1823=PLANE('',#2075);
#1824=PLANE('',#2077);
#1825=PLANE('',#2078);
#1826=PLANE('',#2079);
#1827=PLANE('',#2080);
#1828=PLANE('',#2081);
#1829=PLANE('',#2082);
#1830=PLANE('',#2083);
#1831=PLANE('',#2093);
#1832=PLANE('',#2094);
#1833=PLANE('',#2095);
#1834=PLANE('',#2097);
#1835=PLANE('',#2098);
#1836=PLANE('',#2100);
#1837=PLANE('',#2101);
#1838=PLANE('',#2102);
#1839=PLANE('',#2103);
#1840=PLANE('',#2104);
#1841=PLANE('',#2105);
#1842=PLANE('',#2106);
#1843=PLANE('',#2107);
#1844=ADVANCED_FACE('',(#99),#1757,.F.);
#1845=ADVANCED_FACE('',(#100),#1758,.F.);
#1846=ADVANCED_FACE('',(#101),#1759,.T.);
#1847=ADVANCED_FACE('',(#102),#1760,.F.);
#1848=ADVANCED_FACE('',(#103),#1761,.F.);
#1849=ADVANCED_FACE('',(#104),#1762,.F.);
#1850=ADVANCED_FACE('',(#105),#1763,.F.);
#1851=ADVANCED_FACE('',(#106),#1764,.F.);
#1852=ADVANCED_FACE('',(#107),#1765,.F.);
#1853=ADVANCED_FACE('',(#108),#1766,.F.);
#1854=ADVANCED_FACE('',(#109,#46),#1767,.T.);
#1855=ADVANCED_FACE('',(#110),#1768,.F.);
#1856=ADVANCED_FACE('',(#111),#1769,.F.);
#1857=ADVANCED_FACE('',(#112),#1770,.F.);
#1858=ADVANCED_FACE('',(#113),#1771,.F.);
#1859=ADVANCED_FACE('',(#114),#1772,.F.);
#1860=ADVANCED_FACE('',(#115),#1773,.F.);
#1861=ADVANCED_FACE('',(#116),#1774,.F.);
#1862=ADVANCED_FACE('',(#117),#1775,.F.);
#1863=ADVANCED_FACE('',(#118,#47),#1776,.T.);
#1864=ADVANCED_FACE('',(#119),#32,.F.);
#1865=ADVANCED_FACE('',(#120),#33,.F.);
#1866=ADVANCED_FACE('',(#121),#1777,.T.);
#1867=ADVANCED_FACE('',(#122),#1778,.T.);
#1868=ADVANCED_FACE('',(#123),#34,.T.);
#1869=ADVANCED_FACE('',(#124),#29,.F.);
#1870=ADVANCED_FACE('',(#125),#30,.T.);
#1871=ADVANCED_FACE('',(#126),#31,.F.);
#1872=ADVANCED_FACE('',(#127),#35,.F.);
#1873=ADVANCED_FACE('',(#128),#36,.F.);
#1874=ADVANCED_FACE('',(#129),#1779,.F.);
#1875=ADVANCED_FACE('',(#130),#1780,.T.);
#1876=ADVANCED_FACE('',(#131),#1781,.T.);
#1877=ADVANCED_FACE('',(#132),#1782,.F.);
#1878=ADVANCED_FACE('',(#133),#1783,.F.);
#1879=ADVANCED_FACE('',(#134),#1784,.F.);
#1880=ADVANCED_FACE('',(#135),#1785,.F.);
#1881=ADVANCED_FACE('',(#136),#1786,.F.);
#1882=ADVANCED_FACE('',(#137),#1787,.F.);
#1883=ADVANCED_FACE('',(#138),#1788,.F.);
#1884=ADVANCED_FACE('',(#139),#37,.F.);
#1885=ADVANCED_FACE('',(#140),#38,.F.);
#1886=ADVANCED_FACE('',(#141),#1789,.T.);
#1887=ADVANCED_FACE('',(#142),#39,.F.);
#1888=ADVANCED_FACE('',(#143),#40,.F.);
#1889=ADVANCED_FACE('',(#144),#1790,.T.);
#1890=ADVANCED_FACE('',(#145),#1791,.F.);
#1891=ADVANCED_FACE('',(#146),#1792,.F.);
#1892=ADVANCED_FACE('',(#147),#1793,.F.);
#1893=ADVANCED_FACE('',(#148),#1794,.F.);
#1894=ADVANCED_FACE('',(#149,#48),#1795,.F.);
#1895=ADVANCED_FACE('',(#150,#49),#1796,.T.);
#1896=ADVANCED_FACE('',(#151),#1797,.F.);
#1897=ADVANCED_FACE('',(#152),#1798,.F.);
#1898=ADVANCED_FACE('',(#153),#1799,.F.);
#1899=ADVANCED_FACE('',(#154),#1800,.F.);
#1900=ADVANCED_FACE('',(#155,#50),#1801,.F.);
#1901=ADVANCED_FACE('',(#156,#51),#1802,.T.);
#1902=ADVANCED_FACE('',(#157),#1803,.F.);
#1903=ADVANCED_FACE('',(#158),#1804,.F.);
#1904=ADVANCED_FACE('',(#159),#1805,.F.);
#1905=ADVANCED_FACE('',(#160),#1806,.F.);
#1906=ADVANCED_FACE('',(#161),#1807,.F.);
#1907=ADVANCED_FACE('',(#162),#1808,.F.);
#1908=ADVANCED_FACE('',(#163,#52),#1809,.T.);
#1909=ADVANCED_FACE('',(#164),#1810,.F.);
#1910=ADVANCED_FACE('',(#165),#1811,.F.);
#1911=ADVANCED_FACE('',(#166),#1812,.F.);
#1912=ADVANCED_FACE('',(#167),#1813,.F.);
#1913=ADVANCED_FACE('',(#168),#1814,.F.);
#1914=ADVANCED_FACE('',(#169),#1815,.F.);
#1915=ADVANCED_FACE('',(#170,#53),#1816,.T.);
#1916=ADVANCED_FACE('',(#171),#1817,.F.);
#1917=ADVANCED_FACE('',(#172),#1818,.F.);
#1918=ADVANCED_FACE('',(#173),#1819,.F.);
#1919=ADVANCED_FACE('',(#174),#1820,.F.);
#1920=ADVANCED_FACE('',(#175),#1821,.F.);
#1921=ADVANCED_FACE('',(#176),#1822,.F.);
#1922=ADVANCED_FACE('',(#177,#54),#1823,.T.);
#1923=ADVANCED_FACE('',(#178),#1824,.F.);
#1924=ADVANCED_FACE('',(#179),#1825,.F.);
#1925=ADVANCED_FACE('',(#180),#1826,.F.);
#1926=ADVANCED_FACE('',(#181),#1827,.F.);
#1927=ADVANCED_FACE('',(#182),#1828,.F.);
#1928=ADVANCED_FACE('',(#183),#1829,.F.);
#1929=ADVANCED_FACE('',(#184,#55),#1830,.T.);
#1930=ADVANCED_FACE('',(#185),#41,.F.);
#1931=ADVANCED_FACE('',(#186),#42,.F.);
#1932=ADVANCED_FACE('',(#187),#43,.F.);
#1933=ADVANCED_FACE('',(#188),#44,.F.);
#1934=ADVANCED_FACE('',(#189,#56,#57,#58,#59,#60,#61,#62),#1831,.T.);
#1935=ADVANCED_FACE('',(#190,#63),#1832,.T.);
#1936=ADVANCED_FACE('',(#191,#64,#65,#66),#1833,.T.);
#1937=ADVANCED_FACE('',(#192),#45,.F.);
#1938=ADVANCED_FACE('',(#193,#67,#68,#69),#1834,.T.);
#1939=ADVANCED_FACE('',(#194,#70),#1835,.T.);
#1940=ADVANCED_FACE('',(#195),#1836,.F.);
#1941=ADVANCED_FACE('',(#196),#1837,.T.);
#1942=ADVANCED_FACE('',(#197),#1838,.T.);
#1943=ADVANCED_FACE('',(#198),#1839,.T.);
#1944=ADVANCED_FACE('',(#199),#1840,.T.);
#1945=ADVANCED_FACE('',(#200),#1841,.T.);
#1946=ADVANCED_FACE('',(#201),#1842,.T.);
#1947=ADVANCED_FACE('',(#202),#1843,.T.);
#1948=CLOSED_SHELL('',(#1844,#1845,#1846,#1847,#1848,#1849,#1850,#1851,
#1852,#1853,#1854,#1855,#1856,#1857,#1858,#1859,#1860,#1861,#1862,#1863,
#1864,#1865,#1866,#1867,#1868,#1869,#1870,#1871,#1872,#1873,#1874,#1875,
#1876,#1877,#1878,#1879,#1880,#1881,#1882,#1883,#1884,#1885,#1886,#1887,
#1888,#1889,#1890,#1891,#1892,#1893,#1894,#1895,#1896,#1897,#1898,#1899,
#1900,#1901,#1902,#1903,#1904,#1905,#1906,#1907,#1908,#1909,#1910,#1911,
#1912,#1913,#1914,#1915,#1916,#1917,#1918,#1919,#1920,#1921,#1922,#1923,
#1924,#1925,#1926,#1927,#1928,#1929,#1930,#1931,#1932,#1933,#1934,#1935,
#1936,#1937,#1938,#1939));
#1949=CLOSED_SHELL('',(#1940,#1941,#1942,#1943,#1944,#1945,#1946,#1947));
#1950=DERIVED_UNIT_ELEMENT(#1954,1.);
#1951=DERIVED_UNIT_ELEMENT(#3202,-3.);
#1952=DERIVED_UNIT_ELEMENT(#1954,1.);
#1953=DERIVED_UNIT_ELEMENT(#3202,-3.);
#1954=(
MASS_UNIT()
NAMED_UNIT(*)
SI_UNIT(.KILO.,.GRAM.)
);
#1955=DERIVED_UNIT((#1950,#1951));
#1956=DERIVED_UNIT((#1952,#1953));
#1957=MEASURE_REPRESENTATION_ITEM('density measure',
POSITIVE_RATIO_MEASURE(7850.),#1955);
#1958=MEASURE_REPRESENTATION_ITEM('density measure',
POSITIVE_RATIO_MEASURE(7850.),#1956);
#1959=PROPERTY_DEFINITION_REPRESENTATION(#1969,#1963);
#1960=PROPERTY_DEFINITION_REPRESENTATION(#1970,#1964);
#1961=PROPERTY_DEFINITION_REPRESENTATION(#1971,#1965);
#1962=PROPERTY_DEFINITION_REPRESENTATION(#1972,#1966);
#1963=REPRESENTATION('material name',(#1967),#3198);
#1964=REPRESENTATION('density',(#1957),#3198);
#1965=REPRESENTATION('material name',(#1968),#3199);
#1966=REPRESENTATION('density',(#1958),#3199);
#1967=DESCRIPTIVE_REPRESENTATION_ITEM('Steel','Steel');
#1968=DESCRIPTIVE_REPRESENTATION_ITEM('Steel','Steel');
#1969=PROPERTY_DEFINITION('material property','material name',#3218);
#1970=PROPERTY_DEFINITION('material property','density of part',#3218);
#1971=PROPERTY_DEFINITION('material property','material name',#3219);
#1972=PROPERTY_DEFINITION('material property','density of part',#3219);
#1973=AXIS2_PLACEMENT_3D('',#2617,#2110,#2111);
#1974=AXIS2_PLACEMENT_3D('',#2618,#2112,#2113);
#1975=AXIS2_PLACEMENT_3D('',#2619,#2114,#2115);
#1976=AXIS2_PLACEMENT_3D('',#2628,#2120,#2121);
#1977=AXIS2_PLACEMENT_3D('',#2634,#2125,#2126);
#1978=AXIS2_PLACEMENT_3D('',#2636,#2128,#2129);
#1979=AXIS2_PLACEMENT_3D('',#2642,#2132,#2133);
#1980=AXIS2_PLACEMENT_3D('',#2646,#2136,#2137);
#1981=AXIS2_PLACEMENT_3D('',#2655,#2142,#2143);
#1982=AXIS2_PLACEMENT_3D('',#2661,#2147,#2148);
#1983=AXIS2_PLACEMENT_3D('',#2667,#2152,#2153);
#1984=AXIS2_PLACEMENT_3D('',#2673,#2157,#2158);
#1985=AXIS2_PLACEMENT_3D('',#2679,#2162,#2163);
#1986=AXIS2_PLACEMENT_3D('',#2682,#2166,#2167);
#1987=AXIS2_PLACEMENT_3D('',#2684,#2168,#2169);
#1988=AXIS2_PLACEMENT_3D('',#2685,#2170,#2171);
#1989=AXIS2_PLACEMENT_3D('',#2692,#2176,#2177);
#1990=AXIS2_PLACEMENT_3D('',#2696,#2181,#2182);
#1991=AXIS2_PLACEMENT_3D('',#2702,#2186,#2187);
#1992=AXIS2_PLACEMENT_3D('',#2708,#2191,#2192);
#1993=AXIS2_PLACEMENT_3D('',#2714,#2196,#2197);
#1994=AXIS2_PLACEMENT_3D('',#2720,#2201,#2202);
#1995=AXIS2_PLACEMENT_3D('',#2726,#2206,#2207);
#1996=AXIS2_PLACEMENT_3D('',#2729,#2210,#2211);
#1997=AXIS2_PLACEMENT_3D('',#2731,#2212,#2213);
#1998=AXIS2_PLACEMENT_3D('',#2732,#2214,#2215);
#1999=AXIS2_PLACEMENT_3D('',#2734,#2216,#2217);
#2000=AXIS2_PLACEMENT_3D('',#2736,#2219,#2220);
#2001=AXIS2_PLACEMENT_3D('',#2738,#2221,#2222);
#2002=AXIS2_PLACEMENT_3D('',#2740,#2224,#2225);
#2003=AXIS2_PLACEMENT_3D('',#2746,#2229,#2230);
#2004=AXIS2_PLACEMENT_3D('',#2752,#2234,#2235);
#2005=AXIS2_PLACEMENT_3D('',#2753,#2236,#2237);
#2006=AXIS2_PLACEMENT_3D('',#2754,#2238,#2239);
#2007=AXIS2_PLACEMENT_3D('',#2759,#2241,#2242);
#2008=AXIS2_PLACEMENT_3D('',#2780,#2244,#2245);
#2009=AXIS2_PLACEMENT_3D('',#2805,#2248,#2249);
#2010=AXIS2_PLACEMENT_3D('',#2806,#2250,#2251);
#2011=AXIS2_PLACEMENT_3D('',#2809,#2254,#2255);
#2012=AXIS2_PLACEMENT_3D('',#2813,#2257,#2258);
#2013=AXIS2_PLACEMENT_3D('',#2815,#2260,#2261);
#2014=AXIS2_PLACEMENT_3D('',#2819,#2263,#2264);
#2015=AXIS2_PLACEMENT_3D('',#2821,#2266,#2267);
#2016=AXIS2_PLACEMENT_3D('',#2822,#2268,#2269);
#2017=AXIS2_PLACEMENT_3D('',#2828,#2273,#2274);
#2018=AXIS2_PLACEMENT_3D('',#2835,#2279,#2280);
#2019=AXIS2_PLACEMENT_3D('',#2837,#2281,#2282);
#2020=AXIS2_PLACEMENT_3D('',#2839,#2284,#2285);
#2021=AXIS2_PLACEMENT_3D('',#2848,#2290,#2291);
#2022=AXIS2_PLACEMENT_3D('',#2854,#2295,#2296);
#2023=AXIS2_PLACEMENT_3D('',#2862,#2300,#2301);
#2024=AXIS2_PLACEMENT_3D('',#2868,#2305,#2306);
#2025=AXIS2_PLACEMENT_3D('',#2874,#2310,#2311);
#2026=AXIS2_PLACEMENT_3D('',#2878,#2314,#2315);
#2027=AXIS2_PLACEMENT_3D('',#2880,#2317,#2318);
#2028=AXIS2_PLACEMENT_3D('',#2882,#2319,#2320);
#2029=AXIS2_PLACEMENT_3D('',#2885,#2322,#2323);
#2030=AXIS2_PLACEMENT_3D('',#2886,#2324,#2325);
#2031=AXIS2_PLACEMENT_3D('',#2888,#2326,#2327);
#2032=AXIS2_PLACEMENT_3D('',#2891,#2329,#2330);
#2033=AXIS2_PLACEMENT_3D('',#2892,#2331,#2332);
#2034=AXIS2_PLACEMENT_3D('',#2893,#2333,#2334);
#2035=AXIS2_PLACEMENT_3D('',#2895,#2335,#2336);
#2036=AXIS2_PLACEMENT_3D('',#2898,#2338,#2339);
#2037=AXIS2_PLACEMENT_3D('',#2899,#2340,#2341);
#2038=AXIS2_PLACEMENT_3D('',#2901,#2342,#2343);
#2039=AXIS2_PLACEMENT_3D('',#2904,#2345,#2346);
#2040=AXIS2_PLACEMENT_3D('',#2905,#2347,#2348);
#2041=AXIS2_PLACEMENT_3D('',#2906,#2349,#2350);
#2042=AXIS2_PLACEMENT_3D('',#2915,#2355,#2356);
#2043=AXIS2_PLACEMENT_3D('',#2921,#2360,#2361);
#2044=AXIS2_PLACEMENT_3D('',#2930,#2366,#2367);
#2045=AXIS2_PLACEMENT_3D('',#2933,#2370,#2371);
#2046=AXIS2_PLACEMENT_3D('',#2935,#2373,#2374);
#2047=AXIS2_PLACEMENT_3D('',#2937,#2376,#2377);
#2048=AXIS2_PLACEMENT_3D('',#2946,#2382,#2383);
#2049=AXIS2_PLACEMENT_3D('',#2952,#2387,#2388);
#2050=AXIS2_PLACEMENT_3D('',#2958,#2392,#2393);
#2051=AXIS2_PLACEMENT_3D('',#2964,#2397,#2398);
#2052=AXIS2_PLACEMENT_3D('',#2966,#2400,#2401);
#2053=AXIS2_PLACEMENT_3D('',#2968,#2403,#2404);
#2054=AXIS2_PLACEMENT_3D('',#2977,#2409,#2410);
#2055=AXIS2_PLACEMENT_3D('',#2983,#2414,#2415);
#2056=AXIS2_PLACEMENT_3D('',#2989,#2419,#2420);
#2057=AXIS2_PLACEMENT_3D('',#2995,#2424,#2425);
#2058=AXIS2_PLACEMENT_3D('',#3001,#2429,#2430);
#2059=AXIS2_PLACEMENT_3D('',#3004,#2433,#2434);
#2060=AXIS2_PLACEMENT_3D('',#3006,#2435,#2436);
#2061=AXIS2_PLACEMENT_3D('',#3007,#2437,#2438);
#2062=AXIS2_PLACEMENT_3D('',#3016,#2443,#2444);
#2063=AXIS2_PLACEMENT_3D('',#3022,#2448,#2449);
#2064=AXIS2_PLACEMENT_3D('',#3028,#2453,#2454);
#2065=AXIS2_PLACEMENT_3D('',#3034,#2458,#2459);
#2066=AXIS2_PLACEMENT_3D('',#3040,#2463,#2464);
#2067=AXIS2_PLACEMENT_3D('',#3043,#2467,#2468);
#2068=AXIS2_PLACEMENT_3D('',#3045,#2469,#2470);
#2069=AXIS2_PLACEMENT_3D('',#3046,#2471,#2472);
#2070=AXIS2_PLACEMENT_3D('',#3055,#2477,#2478);
#2071=AXIS2_PLACEMENT_3D('',#3061,#2482,#2483);
#2072=AXIS2_PLACEMENT_3D('',#3067,#2487,#2488);
#2073=AXIS2_PLACEMENT_3D('',#3073,#2492,#2493);
#2074=AXIS2_PLACEMENT_3D('',#3079,#2497,#2498);
#2075=AXIS2_PLACEMENT_3D('',#3082,#2501,#2502);
#2076=AXIS2_PLACEMENT_3D('',#3084,#2503,#2504);
#2077=AXIS2_PLACEMENT_3D('',#3085,#2505,#2506);
#2078=AXIS2_PLACEMENT_3D('',#3094,#2511,#2512);
#2079=AXIS2_PLACEMENT_3D('',#3100,#2516,#2517);
#2080=AXIS2_PLACEMENT_3D('',#3106,#2521,#2522);
#2081=AXIS2_PLACEMENT_3D('',#3112,#2526,#2527);
#2082=AXIS2_PLACEMENT_3D('',#3118,#2531,#2532);
#2083=AXIS2_PLACEMENT_3D('',#3121,#2535,#2536);
#2084=AXIS2_PLACEMENT_3D('',#3123,#2537,#2538);
#2085=AXIS2_PLACEMENT_3D('',#3124,#2539,#2540);
#2086=AXIS2_PLACEMENT_3D('',#3126,#2541,#2542);
#2087=AXIS2_PLACEMENT_3D('',#3128,#2544,#2545);
#2088=AXIS2_PLACEMENT_3D('',#3130,#2546,#2547);
#2089=AXIS2_PLACEMENT_3D('',#3132,#2549,#2550);
#2090=AXIS2_PLACEMENT_3D('',#3134,#2551,#2552);
#2091=AXIS2_PLACEMENT_3D('',#3136,#2554,#2555);
#2092=AXIS2_PLACEMENT_3D('',#3138,#2556,#2557);
#2093=AXIS2_PLACEMENT_3D('',#3140,#2559,#2560);
#2094=AXIS2_PLACEMENT_3D('',#3143,#2563,#2564);
#2095=AXIS2_PLACEMENT_3D('',#3145,#2566,#2567);
#2096=AXIS2_PLACEMENT_3D('',#3147,#2569,#2570);
#2097=AXIS2_PLACEMENT_3D('',#3149,#2572,#2573);
#2098=AXIS2_PLACEMENT_3D('',#3151,#2575,#2576);
#2099=AXIS2_PLACEMENT_3D('',#3152,#2577,#2578);
#2100=AXIS2_PLACEMENT_3D('',#3153,#2579,#2580);
#2101=AXIS2_PLACEMENT_3D('',#3162,#2585,#2586);
#2102=AXIS2_PLACEMENT_3D('',#3168,#2590,#2591);
#2103=AXIS2_PLACEMENT_3D('',#3174,#2595,#2596);
#2104=AXIS2_PLACEMENT_3D('',#3180,#2600,#2601);
#2105=AXIS2_PLACEMENT_3D('',#3184,#2604,#2605);
#2106=AXIS2_PLACEMENT_3D('',#3188,#2608,#2609);
#2107=AXIS2_PLACEMENT_3D('',#3190,#2611,#2612);
#2108=AXIS2_PLACEMENT_3D('',#3191,#2613,#2614);
#2109=AXIS2_PLACEMENT_3D('',#3192,#2615,#2616);
#2110=DIRECTION('axis',(0.,0.,1.));
#2111=DIRECTION('refdir',(1.,0.,0.));
#2112=DIRECTION('axis',(0.,0.,1.));
#2113=DIRECTION('refdir',(1.,0.,0.));
#2114=DIRECTION('center_axis',(0.,0.866025403784439,0.5));
#2115=DIRECTION('ref_axis',(0.,-0.5,0.866025403784438));
#2116=DIRECTION('',(0.,0.5,-0.866025403784438));
#2117=DIRECTION('',(-1.,0.,0.));
#2118=DIRECTION('',(0.,0.5,-0.866025403784438));
#2119=DIRECTION('',(1.,0.,0.));
#2120=DIRECTION('center_axis',(0.,0.866025403784439,-0.5));
#2121=DIRECTION('ref_axis',(0.,0.5,0.866025403784438));
#2122=DIRECTION('',(0.,-0.5,-0.866025403784438));
#2123=DIRECTION('',(0.,-0.5,-0.866025403784438));
#2124=DIRECTION('',(-1.,0.,0.));
#2125=DIRECTION('center_axis',(1.,0.,0.));
#2126=DIRECTION('ref_axis',(0.,0.,-1.));
#2127=DIRECTION('',(0.,-4.65620592544716E-6,-0.99999999998916));
#2128=DIRECTION('center_axis',(-1.,0.,0.));
#2129=DIRECTION('ref_axis',(0.,-1.,0.));
#2130=DIRECTION('',(0.,0.,1.));
#2131=DIRECTION('',(0.,0.499999999999649,0.866025403784641));
#2132=DIRECTION('center_axis',(1.,0.,0.));
#2133=DIRECTION('ref_axis',(0.,0.866020757723415,0.500008047127407));
#2134=DIRECTION('',(0.,-0.500000000000006,0.866025403784435));
#2135=DIRECTION('',(0.,0.,1.));
#2136=DIRECTION('center_axis',(0.,0.,1.));
#2137=DIRECTION('ref_axis',(0.,1.,0.));
#2138=DIRECTION('',(0.,1.,0.));
#2139=DIRECTION('',(-1.,0.,0.));
#2140=DIRECTION('',(0.,1.,0.));
#2141=DIRECTION('',(-1.,0.,0.));
#2142=DIRECTION('center_axis',(0.,-0.86602540378444,0.499999999999998));
#2143=DIRECTION('ref_axis',(0.,0.499999999999998,0.86602540378444));
#2144=DIRECTION('',(0.,0.499999999999998,0.86602540378444));
#2145=DIRECTION('',(-1.,0.,0.));
#2146=DIRECTION('',(0.,0.499999999999998,0.86602540378444));
#2147=DIRECTION('center_axis',(0.,-0.866025403784438,-0.500000000000001));
#2148=DIRECTION('ref_axis',(0.,-0.500000000000001,0.866025403784438));
#2149=DIRECTION('',(0.,-0.500000000000001,0.866025403784438));
#2150=DIRECTION('',(-1.,0.,0.));
#2151=DIRECTION('',(0.,-0.500000000000001,0.866025403784438));
#2152=DIRECTION('center_axis',(0.,2.95840413289779E-15,-1.));
#2153=DIRECTION('ref_axis',(0.,-1.,-2.95840413289779E-15));
#2154=DIRECTION('',(0.,-1.,-2.95840413289779E-15));
#2155=DIRECTION('',(-1.,0.,0.));
#2156=DIRECTION('',(0.,-1.,-2.95840413289779E-15));
#2157=DIRECTION('center_axis',(0.,0.866025403784439,-0.499999999999999));
#2158=DIRECTION('ref_axis',(0.,-0.499999999999999,-0.866025403784439));
#2159=DIRECTION('',(0.,-0.499999999999999,-0.866025403784439));
#2160=DIRECTION('',(1.,0.,0.));
#2161=DIRECTION('',(0.,-0.499999999999999,-0.866025403784439));
#2162=DIRECTION('center_axis',(0.,0.866025403784438,0.500000000000001));
#2163=DIRECTION('ref_axis',(0.,0.500000000000001,-0.866025403784438));
#2164=DIRECTION('',(0.,0.500000000000001,-0.866025403784438));
#2165=DIRECTION('',(0.,0.500000000000001,-0.866025403784438));
#2166=DIRECTION('center_axis',(1.,0.,0.));
#2167=DIRECTION('ref_axis',(0.,0.,-1.));
#2168=DIRECTION('center_axis',(1.,0.,0.));
#2169=DIRECTION('ref_axis',(0.,-1.,0.));
#2170=DIRECTION('center_axis',(0.,0.866025403784439,-0.5));
#2171=DIRECTION('ref_axis',(0.,-0.5,-0.866025403784438));
#2172=DIRECTION('',(0.,-0.5,-0.866025403784438));
#2173=DIRECTION('',(-1.,0.,0.));
#2174=DIRECTION('',(0.,-0.5,-0.866025403784438));
#2175=DIRECTION('',(-1.,0.,0.));
#2176=DIRECTION('center_axis',(0.,0.99999999998916,-4.65620592544716E-6));
#2177=DIRECTION('ref_axis',(0.,-4.65620592544716E-6,-0.99999999998916));
#2178=DIRECTION('',(0.,-4.65620592544716E-6,-0.99999999998916));
#2179=DIRECTION('',(-1.,0.,0.));
#2180=DIRECTION('',(0.,-4.65620592544716E-6,-0.99999999998916));
#2181=DIRECTION('center_axis',(0.,0.866025403784439,0.5));
#2182=DIRECTION('ref_axis',(0.,0.5,-0.866025403784438));
#2183=DIRECTION('',(0.,0.5,-0.866025403784438));
#2184=DIRECTION('',(-1.,0.,0.));
#2185=DIRECTION('',(0.,0.5,-0.866025403784438));
#2186=DIRECTION('center_axis',(0.,0.,1.));
#2187=DIRECTION('ref_axis',(0.,1.,0.));
#2188=DIRECTION('',(0.,1.,0.));
#2189=DIRECTION('',(-1.,0.,0.));
#2190=DIRECTION('',(0.,1.,0.));
#2191=DIRECTION('center_axis',(0.,-0.866025403784439,0.5));
#2192=DIRECTION('ref_axis',(0.,0.5,0.866025403784438));
#2193=DIRECTION('',(0.,0.5,0.866025403784438));
#2194=DIRECTION('',(-1.,0.,0.));
#2195=DIRECTION('',(0.,0.5,0.866025403784438));
#2196=DIRECTION('center_axis',(0.,-1.,0.));
#2197=DIRECTION('ref_axis',(0.,0.,1.));
#2198=DIRECTION('',(0.,0.,1.));
#2199=DIRECTION('',(-1.,0.,0.));
#2200=DIRECTION('',(0.,0.,1.));
#2201=DIRECTION('center_axis',(0.,-0.866025403784439,-0.5));
#2202=DIRECTION('ref_axis',(0.,-0.5,0.866025403784438));
#2203=DIRECTION('',(0.,-0.5,0.866025403784438));
#2204=DIRECTION('',(-1.,0.,0.));
#2205=DIRECTION('',(0.,-0.5,0.866025403784438));
#2206=DIRECTION('center_axis',(0.,0.,-1.));
#2207=DIRECTION('ref_axis',(0.,-1.,0.));
#2208=DIRECTION('',(0.,-1.,0.));
#2209=DIRECTION('',(0.,-1.,0.));
#2210=DIRECTION('center_axis',(1.,0.,0.));
#2211=DIRECTION('ref_axis',(0.,0.,-1.));
#2212=DIRECTION('center_axis',(1.,0.,0.));
#2213=DIRECTION('ref_axis',(0.,-1.,0.));
#2214=DIRECTION('center_axis',(1.,0.,0.));
#2215=DIRECTION('ref_axis',(0.,-1.,0.));
#2216=DIRECTION('center_axis',(1.,0.,0.));
#2217=DIRECTION('ref_axis',(0.,-1.,0.));
#2218=DIRECTION('',(1.,0.,0.));
#2219=DIRECTION('center_axis',(1.,0.,0.));
#2220=DIRECTION('ref_axis',(0.,-1.,0.));
#2221=DIRECTION('center_axis',(1.,0.,0.));
#2222=DIRECTION('ref_axis',(0.,-1.,0.));
#2223=DIRECTION('',(1.,0.,0.));
#2224=DIRECTION('center_axis',(0.,0.866025403784641,-0.499999999999649));
#2225=DIRECTION('ref_axis',(0.,0.499999999999649,0.866025403784641));
#2226=DIRECTION('',(0.,0.499999999999649,0.866025403784641));
#2227=DIRECTION('',(1.,0.,0.));
#2228=DIRECTION('',(1.,0.,0.));
#2229=DIRECTION('center_axis',(0.,0.866025403784435,0.500000000000006));
#2230=DIRECTION('ref_axis',(0.,-0.500000000000006,0.866025403784435));
#2231=DIRECTION('',(0.,0.500000000000006,-0.866025403784435));
#2232=DIRECTION('',(-1.,0.,0.));
#2233=DIRECTION('',(1.,0.,0.));
#2234=DIRECTION('center_axis',(1.,0.,0.));
#2235=DIRECTION('ref_axis',(0.,0.866020757723415,0.500008047127407));
#2236=DIRECTION('center_axis',(-1.,0.,0.));
#2237=DIRECTION('ref_axis',(0.,0.866020757723415,0.500008047127407));
#2238=DIRECTION('center_axis',(0.,0.000179641160364136,-0.999999983864527));
#2239=DIRECTION('ref_axis',(0.,0.999999983864527,0.000179641160364182));
#2240=DIRECTION('',(0.,-0.999999999999675,8.05942683243641E-7));
#2241=DIRECTION('center_axis',(0.,-0.000179641160364136,0.999999983864527));
#2242=DIRECTION('ref_axis',(1.,0.,0.));
#2243=DIRECTION('',(0.,-0.999999935168221,-0.000360088257561896));
#2244=DIRECTION('center_axis',(0.,0.000179641160364136,-0.999999983864527));
#2245=DIRECTION('ref_axis',(0.,0.999999983864527,0.000179641160364182));
#2246=DIRECTION('',(0.,1.,-1.73912163347146E-15));
#2247=DIRECTION('',(0.,0.999999935458107,0.000359282314930592));
#2248=DIRECTION('center_axis',(0.,-0.000179641160364136,0.999999983864527));
#2249=DIRECTION('ref_axis',(1.,0.,0.));
#2250=DIRECTION('center_axis',(0.,-0.000179641160364136,0.999999983864527));
#2251=DIRECTION('ref_axis',(0.,0.999999983864527,0.000179641160364182));
#2252=DIRECTION('',(0.,0.,1.));
#2253=DIRECTION('',(0.,0.000359282314931082,-0.999999935458107));
#2254=DIRECTION('center_axis',(0.,0.,1.));
#2255=DIRECTION('ref_axis',(-2.85287095476082E-15,-1.,0.));
#2256=DIRECTION('',(0.,0.,1.));
#2257=DIRECTION('center_axis',(0.,0.,1.));
#2258=DIRECTION('ref_axis',(-2.85287095476082E-15,-1.,0.));
#2259=DIRECTION('',(0.,0.,1.));
#2260=DIRECTION('center_axis',(0.,0.,1.));
#2261=DIRECTION('ref_axis',(-2.85287095476082E-15,-1.,0.));
#2262=DIRECTION('',(0.,0.,1.));
#2263=DIRECTION('center_axis',(0.,0.,-1.));
#2264=DIRECTION('ref_axis',(-2.85287095476082E-15,-1.,0.));
#2265=DIRECTION('',(0.,0.,1.));
#2266=DIRECTION('center_axis',(0.,-0.999999999999814,6.10323246337224E-7));
#2267=DIRECTION('ref_axis',(0.,-6.10323246337224E-7,-0.999999999999814));
#2268=DIRECTION('center_axis',(0.,1.,0.));
#2269=DIRECTION('ref_axis',(-1.,0.,0.));
#2270=DIRECTION('',(0.,0.,1.));
#2271=DIRECTION('',(0.,0.,1.));
#2272=DIRECTION('',(-1.,0.,0.));
#2273=DIRECTION('center_axis',(0.,0.,1.));
#2274=DIRECTION('ref_axis',(-1.,0.,0.));
#2275=DIRECTION('',(0.,-1.,0.));
#2276=DIRECTION('',(1.,0.,0.));
#2277=DIRECTION('',(0.,1.,0.));
#2278=DIRECTION('',(0.,-1.,0.));
#2279=DIRECTION('center_axis',(0.,0.,1.));
#2280=DIRECTION('ref_axis',(-1.,0.,0.));
#2281=DIRECTION('center_axis',(0.,0.,-1.));
#2282=DIRECTION('ref_axis',(0.,-1.,0.));
#2283=DIRECTION('',(0.,1.,0.));
#2284=DIRECTION('center_axis',(-0.646025140542117,0.763316132272497,-3.0732910963374E-7));
#2285=DIRECTION('ref_axis',(0.763316132272559,0.646025140542065,-2.60104984812441E-7));
#2286=DIRECTION('',(-0.763316132272533,-0.646025140542147,0.));
#2287=DIRECTION('',(0.,-4.02623626882814E-7,-0.999999999999919));
#2288=DIRECTION('',(0.763316132272559,0.646025140542065,-2.60104984812441E-7));
#2289=DIRECTION('',(0.,-4.02623626882814E-7,-0.999999999999919));
#2290=DIRECTION('center_axis',(-0.646025140542116,-0.763316132272497,3.0732910963374E-7));
#2291=DIRECTION('ref_axis',(-0.763316132272559,0.646025140542064,-2.6010498481244E-7));
#2292=DIRECTION('',(0.763316132272533,-0.646025140542147,0.));
#2293=DIRECTION('',(-0.763316132272559,0.646025140542064,-2.6010498481244E-7));
#2294=DIRECTION('',(0.,4.02623626882814E-7,0.999999999999919));
#2295=DIRECTION('center_axis',(0.,0.,1.));
#2296=DIRECTION('ref_axis',(1.,0.,0.));
#2297=DIRECTION('',(0.,-1.,0.));
#2298=DIRECTION('',(-1.,0.,0.));
#2299=DIRECTION('',(0.,-1.,0.));
#2300=DIRECTION('center_axis',(0.,0.,1.));
#2301=DIRECTION('ref_axis',(0.,-1.,0.));
#2302=DIRECTION('',(0.,-1.,0.));
#2303=DIRECTION('',(-1.,0.,0.));
#2304=DIRECTION('',(0.,-1.,0.));
#2305=DIRECTION('center_axis',(-0.642787609686541,0.759490842251946,0.0999887462112258));
#2306=DIRECTION('ref_axis',(0.,0.13052603815533,-0.991444881656804));
#2307=DIRECTION('',(-0.763316149158753,-0.646025120590099,0.));
#2308=DIRECTION('',(4.2275625162475E-17,0.13052603815533,-0.991444881656804));
#2309=DIRECTION('',(0.,0.13052603815533,-0.991444881656804));
#2310=DIRECTION('center_axis',(-0.64278760968654,-0.759490842251947,-0.0999887462112259));
#2311=DIRECTION('ref_axis',(0.,-0.13052603815533,0.991444881656804));
#2312=DIRECTION('',(0.763316149158753,-0.646025120590099,0.));
#2313=DIRECTION('',(0.,-0.13052603815533,0.991444881656804));
#2314=DIRECTION('center_axis',(0.,0.,1.));
#2315=DIRECTION('ref_axis',(0.,-1.,0.));
#2316=DIRECTION('',(0.,1.,0.));
#2317=DIRECTION('center_axis',(-1.,0.,0.));
#2318=DIRECTION('ref_axis',(0.,1.,0.));
#2319=DIRECTION('center_axis',(1.,0.,0.));
#2320=DIRECTION('ref_axis',(0.,1.,0.));
#2321=DIRECTION('',(-1.,0.,0.));
#2322=DIRECTION('center_axis',(-1.,0.,0.));
#2323=DIRECTION('ref_axis',(0.,1.,0.));
#2324=DIRECTION('center_axis',(-1.,0.,0.));
#2325=DIRECTION('ref_axis',(0.,1.,0.));
#2326=DIRECTION('center_axis',(-1.,0.,0.));
#2327=DIRECTION('ref_axis',(0.,1.,0.));
#2328=DIRECTION('',(-1.,0.,0.));
#2329=DIRECTION('center_axis',(-1.,0.,0.));
#2330=DIRECTION('ref_axis',(0.,1.,0.));
#2331=DIRECTION('center_axis',(1.,0.,0.));
#2332=DIRECTION('ref_axis',(0.,1.,0.));
#2333=DIRECTION('center_axis',(-1.,0.,0.));
#2334=DIRECTION('ref_axis',(0.,1.,0.));
#2335=DIRECTION('center_axis',(1.,0.,0.));
#2336=DIRECTION('ref_axis',(0.,1.,0.));
#2337=DIRECTION('',(-1.,0.,0.));
#2338=DIRECTION('center_axis',(-1.,0.,0.));
#2339=DIRECTION('ref_axis',(0.,1.,0.));
#2340=DIRECTION('center_axis',(-1.,0.,0.));
#2341=DIRECTION('ref_axis',(0.,1.,0.));
#2342=DIRECTION('center_axis',(-1.,0.,0.));
#2343=DIRECTION('ref_axis',(0.,1.,0.));
#2344=DIRECTION('',(-1.,0.,0.));
#2345=DIRECTION('center_axis',(-1.,0.,0.));
#2346=DIRECTION('ref_axis',(0.,1.,0.));
#2347=DIRECTION('center_axis',(1.,0.,0.));
#2348=DIRECTION('ref_axis',(0.,1.,0.));
#2349=DIRECTION('center_axis',(0.,0.866025403784439,0.5));
#2350=DIRECTION('ref_axis',(0.,0.5,-0.866025403784438));
#2351=DIRECTION('',(0.,-0.5,0.866025403784439));
#2352=DIRECTION('',(-1.,0.,0.));
#2353=DIRECTION('',(0.,0.5,-0.866025403784439));
#2354=DIRECTION('',(-1.,0.,0.));
#2355=DIRECTION('center_axis',(0.,0.,1.));
#2356=DIRECTION('ref_axis',(0.,1.,0.));
#2357=DIRECTION('',(0.,-1.,0.));
#2358=DIRECTION('',(1.,0.,0.));
#2359=DIRECTION('',(0.,1.,0.));
#2360=DIRECTION('center_axis',(0.,7.41160236699505E-16,-1.));
#2361=DIRECTION('ref_axis',(0.,-1.,-7.41160236699505E-16));
#2362=DIRECTION('',(0.,-1.,-7.41160236699505E-16));
#2363=DIRECTION('',(-1.,0.,0.));
#2364=DIRECTION('',(0.,-1.,-7.41160236699505E-16));
#2365=DIRECTION('',(-1.,0.,0.));
#2366=DIRECTION('center_axis',(0.,0.866025403784439,-0.5));
#2367=DIRECTION('ref_axis',(0.,-0.5,-0.866025403784438));
#2368=DIRECTION('',(0.,0.5,0.866025403784439));
#2369=DIRECTION('',(0.,-0.5,-0.866025403784439));
#2370=DIRECTION('center_axis',(1.,0.,0.));
#2371=DIRECTION('ref_axis',(0.,1.,0.));
#2372=DIRECTION('',(0.,0.,-1.));
#2373=DIRECTION('center_axis',(1.,0.,0.));
#2374=DIRECTION('ref_axis',(0.,1.,0.));
#2375=DIRECTION('',(0.,0.,1.));
#2376=DIRECTION('center_axis',(0.,-0.866025403784439,0.5));
#2377=DIRECTION('ref_axis',(0.,0.5,0.866025403784438));
#2378=DIRECTION('',(0.,-0.5,-0.866025403784439));
#2379=DIRECTION('',(-1.,0.,0.));
#2380=DIRECTION('',(0.,0.5,0.866025403784439));
#2381=DIRECTION('',(-1.,0.,0.));
#2382=DIRECTION('center_axis',(0.,-0.866025403784439,-0.5));
#2383=DIRECTION('ref_axis',(0.,-0.5,0.866025403784438));
#2384=DIRECTION('',(0.,0.5,-0.866025403784439));
#2385=DIRECTION('',(-1.,0.,0.));
#2386=DIRECTION('',(0.,-0.5,0.866025403784439));
#2387=DIRECTION('center_axis',(0.,0.,-1.));
#2388=DIRECTION('ref_axis',(0.,-1.,0.));
#2389=DIRECTION('',(0.,1.,0.));
#2390=DIRECTION('',(1.,0.,0.));
#2391=DIRECTION('',(0.,-1.,0.));
#2392=DIRECTION('center_axis',(0.,0.,1.));
#2393=DIRECTION('ref_axis',(0.,1.,0.));
#2394=DIRECTION('',(0.,-1.,0.));
#2395=DIRECTION('',(0.,1.,0.));
#2396=DIRECTION('',(-1.,0.,0.));
#2397=DIRECTION('center_axis',(1.,0.,0.));
#2398=DIRECTION('ref_axis',(0.,1.,0.));
#2399=DIRECTION('',(0.,0.,1.));
#2400=DIRECTION('center_axis',(1.,0.,0.));
#2401=DIRECTION('ref_axis',(0.,1.,0.));
#2402=DIRECTION('',(0.,0.,-1.));
#2403=DIRECTION('center_axis',(0.,-1.,-2.95840413289779E-15));
#2404=DIRECTION('ref_axis',(0.,-2.95840413289779E-15,1.));
#2405=DIRECTION('',(0.,-2.95840413289779E-15,1.));
#2406=DIRECTION('',(-1.,0.,0.));
#2407=DIRECTION('',(0.,-2.95840413289779E-15,1.));
#2408=DIRECTION('',(-1.,0.,0.));
#2409=DIRECTION('center_axis',(0.,-0.5,-0.866025403784439));
#2410=DIRECTION('ref_axis',(0.,-0.866025403784438,0.5));
#2411=DIRECTION('',(0.,-0.866025403784438,0.5));
#2412=DIRECTION('',(-1.,0.,0.));
#2413=DIRECTION('',(0.,-0.866025403784438,0.5));
#2414=DIRECTION('center_axis',(0.,0.5,-0.866025403784439));
#2415=DIRECTION('ref_axis',(0.,-0.866025403784438,-0.5));
#2416=DIRECTION('',(0.,-0.866025403784438,-0.5));
#2417=DIRECTION('',(-1.,0.,0.));
#2418=DIRECTION('',(0.,-0.866025403784438,-0.5));
#2419=DIRECTION('center_axis',(0.,1.,0.));
#2420=DIRECTION('ref_axis',(0.,0.,-1.));
#2421=DIRECTION('',(0.,0.,-1.));
#2422=DIRECTION('',(-1.,0.,0.));
#2423=DIRECTION('',(0.,0.,-1.));
#2424=DIRECTION('center_axis',(0.,0.5,0.866025403784439));
#2425=DIRECTION('ref_axis',(0.,0.866025403784438,-0.5));
#2426=DIRECTION('',(0.,0.866025403784438,-0.5));
#2427=DIRECTION('',(-1.,0.,0.));
#2428=DIRECTION('',(0.,0.866025403784438,-0.5));
#2429=DIRECTION('center_axis',(0.,-0.499999999999999,0.866025403784439));
#2430=DIRECTION('ref_axis',(0.,0.866025403784439,0.499999999999999));
#2431=DIRECTION('',(0.,0.866025403784439,0.499999999999999));
#2432=DIRECTION('',(0.,0.866025403784439,0.499999999999999));
#2433=DIRECTION('center_axis',(1.,0.,0.));
#2434=DIRECTION('ref_axis',(0.,0.,-1.));
#2435=DIRECTION('center_axis',(1.,0.,0.));
#2436=DIRECTION('ref_axis',(0.,-1.,0.));
#2437=DIRECTION('center_axis',(0.,0.5,0.866025403784439));
#2438=DIRECTION('ref_axis',(0.,0.866025403784438,-0.5));
#2439=DIRECTION('',(0.,0.866025403784438,-0.5));
#2440=DIRECTION('',(-1.,0.,0.));
#2441=DIRECTION('',(0.,0.866025403784438,-0.5));
#2442=DIRECTION('',(-1.,0.,0.));
#2443=DIRECTION('center_axis',(0.,-0.5,0.866025403784439));
#2444=DIRECTION('ref_axis',(0.,0.866025403784439,0.5));
#2445=DIRECTION('',(0.,0.866025403784439,0.5));
#2446=DIRECTION('',(-1.,0.,0.));
#2447=DIRECTION('',(0.,0.866025403784439,0.5));
#2448=DIRECTION('center_axis',(0.,-1.,-1.4792020664489E-15));
#2449=DIRECTION('ref_axis',(0.,-1.4792020664489E-15,1.));
#2450=DIRECTION('',(0.,-1.4792020664489E-15,1.));
#2451=DIRECTION('',(-1.,0.,0.));
#2452=DIRECTION('',(0.,-1.4792020664489E-15,1.));
#2453=DIRECTION('center_axis',(0.,-0.5,-0.866025403784439));
#2454=DIRECTION('ref_axis',(0.,-0.866025403784438,0.5));
#2455=DIRECTION('',(0.,-0.866025403784438,0.5));
#2456=DIRECTION('',(-1.,0.,0.));
#2457=DIRECTION('',(0.,-0.866025403784438,0.5));
#2458=DIRECTION('center_axis',(0.,0.5,-0.866025403784439));
#2459=DIRECTION('ref_axis',(0.,-0.866025403784438,-0.5));
#2460=DIRECTION('',(0.,-0.866025403784438,-0.5));
#2461=DIRECTION('',(-1.,0.,0.));
#2462=DIRECTION('',(0.,-0.866025403784438,-0.5));
#2463=DIRECTION('center_axis',(0.,1.,0.));
#2464=DIRECTION('ref_axis',(0.,0.,-1.));
#2465=DIRECTION('',(0.,0.,-1.));
#2466=DIRECTION('',(0.,0.,-1.));
#2467=DIRECTION('center_axis',(1.,0.,0.));
#2468=DIRECTION('ref_axis',(0.,0.,-1.));
#2469=DIRECTION('center_axis',(1.,0.,0.));
#2470=DIRECTION('ref_axis',(0.,-1.,0.));
#2471=DIRECTION('center_axis',(0.,-1.,-1.4792020664489E-15));
#2472=DIRECTION('ref_axis',(0.,-1.4792020664489E-15,1.));
#2473=DIRECTION('',(0.,-1.4792020664489E-15,1.));
#2474=DIRECTION('',(-1.,0.,0.));
#2475=DIRECTION('',(0.,-1.4792020664489E-15,1.));
#2476=DIRECTION('',(-1.,0.,0.));
#2477=DIRECTION('center_axis',(0.,-0.5,-0.866025403784439));
#2478=DIRECTION('ref_axis',(0.,-0.866025403784438,0.5));
#2479=DIRECTION('',(0.,-0.866025403784438,0.5));
#2480=DIRECTION('',(-1.,0.,0.));
#2481=DIRECTION('',(0.,-0.866025403784438,0.5));
#2482=DIRECTION('center_axis',(0.,0.5,-0.866025403784439));
#2483=DIRECTION('ref_axis',(0.,-0.866025403784438,-0.5));
#2484=DIRECTION('',(0.,-0.866025403784438,-0.5));
#2485=DIRECTION('',(-1.,0.,0.));
#2486=DIRECTION('',(0.,-0.866025403784438,-0.5));
#2487=DIRECTION('center_axis',(0.,1.,0.));
#2488=DIRECTION('ref_axis',(0.,0.,-1.));
#2489=DIRECTION('',(0.,0.,-1.));
#2490=DIRECTION('',(-1.,0.,0.));
#2491=DIRECTION('',(0.,0.,-1.));
#2492=DIRECTION('center_axis',(0.,0.5,0.866025403784439));
#2493=DIRECTION('ref_axis',(0.,0.866025403784438,-0.5));
#2494=DIRECTION('',(0.,0.866025403784438,-0.5));
#2495=DIRECTION('',(-1.,0.,0.));
#2496=DIRECTION('',(0.,0.866025403784438,-0.5));
#2497=DIRECTION('center_axis',(0.,-0.5,0.866025403784439));
#2498=DIRECTION('ref_axis',(0.,0.866025403784439,0.5));
#2499=DIRECTION('',(0.,0.866025403784439,0.5));
#2500=DIRECTION('',(0.,0.866025403784439,0.5));
#2501=DIRECTION('center_axis',(1.,0.,0.));
#2502=DIRECTION('ref_axis',(0.,0.,-1.));
#2503=DIRECTION('center_axis',(1.,0.,0.));
#2504=DIRECTION('ref_axis',(0.,-1.,0.));
#2505=DIRECTION('center_axis',(0.,-1.,-2.95840413289779E-15));
#2506=DIRECTION('ref_axis',(0.,-2.95840413289779E-15,1.));
#2507=DIRECTION('',(0.,-2.95840413289779E-15,1.));
#2508=DIRECTION('',(-1.,0.,0.));
#2509=DIRECTION('',(0.,-2.95840413289779E-15,1.));
#2510=DIRECTION('',(-1.,0.,0.));
#2511=DIRECTION('center_axis',(0.,-0.5,-0.866025403784439));
#2512=DIRECTION('ref_axis',(0.,-0.866025403784438,0.5));
#2513=DIRECTION('',(0.,-0.866025403784438,0.5));
#2514=DIRECTION('',(-1.,0.,0.));
#2515=DIRECTION('',(0.,-0.866025403784438,0.5));
#2516=DIRECTION('center_axis',(0.,0.5,-0.866025403784439));
#2517=DIRECTION('ref_axis',(0.,-0.866025403784438,-0.5));
#2518=DIRECTION('',(0.,-0.866025403784438,-0.5));
#2519=DIRECTION('',(-1.,0.,0.));
#2520=DIRECTION('',(0.,-0.866025403784438,-0.5));
#2521=DIRECTION('center_axis',(0.,1.,0.));
#2522=DIRECTION('ref_axis',(0.,0.,-1.));
#2523=DIRECTION('',(0.,0.,-1.));
#2524=DIRECTION('',(-1.,0.,0.));
#2525=DIRECTION('',(0.,0.,-1.));
#2526=DIRECTION('center_axis',(0.,0.5,0.866025403784439));
#2527=DIRECTION('ref_axis',(0.,0.866025403784438,-0.5));
#2528=DIRECTION('',(0.,0.866025403784438,-0.5));
#2529=DIRECTION('',(-1.,0.,0.));
#2530=DIRECTION('',(0.,0.866025403784438,-0.5));
#2531=DIRECTION('center_axis',(0.,-0.499999999999999,0.866025403784439));
#2532=DIRECTION('ref_axis',(0.,0.866025403784439,0.499999999999999));
#2533=DIRECTION('',(0.,0.866025403784439,0.499999999999999));
#2534=DIRECTION('',(0.,0.866025403784439,0.499999999999999));
#2535=DIRECTION('center_axis',(1.,0.,0.));
#2536=DIRECTION('ref_axis',(0.,0.,-1.));
#2537=DIRECTION('center_axis',(1.,0.,0.));
#2538=DIRECTION('ref_axis',(0.,-1.,0.));
#2539=DIRECTION('center_axis',(1.,0.,0.));
#2540=DIRECTION('ref_axis',(0.,-1.,0.));
#2541=DIRECTION('center_axis',(1.,0.,0.));
#2542=DIRECTION('ref_axis',(0.,-1.,0.));
#2543=DIRECTION('',(1.,0.,0.));
#2544=DIRECTION('center_axis',(1.,0.,0.));
#2545=DIRECTION('ref_axis',(0.,-1.,0.));
#2546=DIRECTION('center_axis',(1.,0.,0.));
#2547=DIRECTION('ref_axis',(0.,-1.,0.));
#2548=DIRECTION('',(1.,0.,0.));
#2549=DIRECTION('center_axis',(1.,0.,0.));
#2550=DIRECTION('ref_axis',(0.,-1.,0.));
#2551=DIRECTION('center_axis',(1.,0.,0.));
#2552=DIRECTION('ref_axis',(0.,-1.,0.));
#2553=DIRECTION('',(1.,0.,0.));
#2554=DIRECTION('center_axis',(1.,0.,0.));
#2555=DIRECTION('ref_axis',(0.,-1.,0.));
#2556=DIRECTION('center_axis',(1.,0.,0.));
#2557=DIRECTION('ref_axis',(0.,-1.,0.));
#2558=DIRECTION('',(1.,0.,0.));
#2559=DIRECTION('center_axis',(1.,0.,0.));
#2560=DIRECTION('ref_axis',(0.,1.,0.));
#2561=DIRECTION('',(0.,0.,1.));
#2562=DIRECTION('',(0.,0.,1.));
#2563=DIRECTION('center_axis',(0.,-1.,0.));
#2564=DIRECTION('ref_axis',(1.,0.,0.));
#2565=DIRECTION('',(0.,0.,1.));
#2566=DIRECTION('center_axis',(-1.,0.,0.));
#2567=DIRECTION('ref_axis',(0.,-1.,0.));
#2568=DIRECTION('',(0.,0.,1.));
#2569=DIRECTION('center_axis',(0.,0.,1.));
#2570=DIRECTION('ref_axis',(0.,-1.,0.));
#2571=DIRECTION('',(0.,0.,1.));
#2572=DIRECTION('center_axis',(-1.,0.,0.));
#2573=DIRECTION('ref_axis',(0.,-1.,0.));
#2574=DIRECTION('',(0.,0.,1.));
#2575=DIRECTION('center_axis',(0.,1.,0.));
#2576=DIRECTION('ref_axis',(-1.,0.,0.));
#2577=DIRECTION('axis',(0.,0.,1.));
#2578=DIRECTION('refdir',(1.,0.,0.));
#2579=DIRECTION('center_axis',(1.,0.,0.));
#2580=DIRECTION('ref_axis',(0.,0.,-1.));
#2581=DIRECTION('',(0.,0.999999999999919,-4.02623626371834E-7));
#2582=DIRECTION('',(0.,0.13052603815533,-0.991444881656804));
#2583=DIRECTION('',(0.,-1.,0.));
#2584=DIRECTION('',(0.,-0.13052603815533,0.991444881656804));
#2585=DIRECTION('center_axis',(-0.64278760968654,-0.759490842251947,-0.0999887462112259));
#2586=DIRECTION('ref_axis',(0.,-0.13052603815533,0.991444881656804));
#2587=DIRECTION('',(-0.763316132272559,0.646025140542064,-2.6010498481244E-7));
#2588=DIRECTION('',(0.,0.13052603815533,-0.991444881656804));
#2589=DIRECTION('',(0.763316149158753,-0.646025120590099,0.));
#2590=DIRECTION('center_axis',(-0.642787609686541,0.759490842251946,0.0999887462112258));
#2591=DIRECTION('ref_axis',(0.,0.13052603815533,-0.991444881656804));
#2592=DIRECTION('',(-0.763316149158753,-0.646025120590099,0.));
#2593=DIRECTION('',(0.,-0.13052603815533,0.991444881656804));
#2594=DIRECTION('',(0.763316132272559,0.646025140542065,-2.60104984812441E-7));
#2595=DIRECTION('center_axis',(0.,0.,1.));
#2596=DIRECTION('ref_axis',(0.,-1.,0.));
#2597=DIRECTION('',(1.,0.,0.));
#2598=DIRECTION('',(0.,-1.,0.));
#2599=DIRECTION('',(1.,0.,0.));
#2600=DIRECTION('center_axis',(0.,0.991444881656804,0.13052603815533));
#2601=DIRECTION('ref_axis',(0.,-0.13052603815533,0.991444881656804));
#2602=DIRECTION('',(0.,-0.13052603815533,0.991444881656804));
#2603=DIRECTION('',(1.,0.,0.));
#2604=DIRECTION('center_axis',(0.,-4.02623626371834E-7,-0.999999999999919));
#2605=DIRECTION('ref_axis',(0.,0.999999999999919,-4.02623626371834E-7));
#2606=DIRECTION('',(0.,0.999999999999919,-4.02623626371834E-7));
#2607=DIRECTION('',(1.,0.,0.));
#2608=DIRECTION('center_axis',(0.,-0.991444881656804,-0.13052603815533));
#2609=DIRECTION('ref_axis',(0.,0.13052603815533,-0.991444881656804));
#2610=DIRECTION('',(0.,0.13052603815533,-0.991444881656804));
#2611=DIRECTION('center_axis',(1.,0.,0.));
#2612=DIRECTION('ref_axis',(0.,0.,-1.));
#2613=DIRECTION('',(0.,0.,1.));
#2614=DIRECTION('',(1.,0.,0.));
#2615=DIRECTION('',(0.,0.,1.));
#2616=DIRECTION('',(1.,0.,0.));
#2617=CARTESIAN_POINT('',(0.,0.,0.));
#2618=CARTESIAN_POINT('',(0.,0.,0.));
#2619=CARTESIAN_POINT('Origin',(-83.6532567977905,-43.3393996901589,131.000060256663));
#2620=CARTESIAN_POINT('',(-61.2532567977905,-44.35903102969,132.766113541721));
#2621=CARTESIAN_POINT('',(-61.2532726287842,-43.3393996901589,131.000060256663));
#2622=CARTESIAN_POINT('',(-61.2532726287842,-43.2629827627687,130.867702255865));
#2623=CARTESIAN_POINT('',(-83.6532567977905,-44.35903102969,132.766113541721));
#2624=CARTESIAN_POINT('',(-61.2532567977905,-44.35903102969,132.766113541721));
#2625=CARTESIAN_POINT('',(-83.6532567977905,-43.3393996901589,131.000060256663));
#2626=CARTESIAN_POINT('',(-83.6532567977905,-46.0361701573531,135.671003722195));
#2627=CARTESIAN_POINT('',(-83.6532567977905,-43.3393996901589,131.000060256663));
#2628=CARTESIAN_POINT('Origin',(-83.6532567977905,-44.3590134398205,129.234037438154));
#2629=CARTESIAN_POINT('',(-61.2532605794766,-44.3590400570458,129.233978485695));
#2630=CARTESIAN_POINT('',(-61.2532726287842,-43.7727855838324,130.249413869537));
#2631=CARTESIAN_POINT('',(-83.6532567977905,-44.3590474760382,129.233978485695));
#2632=CARTESIAN_POINT('',(-83.6532567977905,-46.5459778405666,125.446103981717));
#2633=CARTESIAN_POINT('',(-61.2532567977905,-44.3590474760382,129.233978485695));
#2634=CARTESIAN_POINT('Origin',(-83.6532567977905,-64.9135666612436,131.000058389783));
#2635=CARTESIAN_POINT('',(-83.6532567977905,-44.359043373542,130.115059840537));
#2636=CARTESIAN_POINT('Origin',(-61.2532726287842,-42.728048055969,131.000069618437));
#2637=CARTESIAN_POINT('',(-61.2532726287842,-44.359016418457,124.353612873241));
#2638=CARTESIAN_POINT('',(-61.2532726287842,-44.359016418457,126.500034809219));
#2639=CARTESIAN_POINT('',(-61.2532726287842,-41.5953915098124,129.140351628081));
#2640=CARTESIAN_POINT('',(-61.2532726287842,-44.359016418457,124.353612873241));
#2641=CARTESIAN_POINT('',(-61.2532726287842,-41.5954087906042,132.859831592091));
#2642=CARTESIAN_POINT('Origin',(-61.2532726287842,-44.8165297266029,131.000076644642));
#2643=CARTESIAN_POINT('',(-61.2532726287842,-44.359016418457,137.646540415717));
#2644=CARTESIAN_POINT('',(-61.2532726287842,-44.3590083054829,137.646526363634));
#2645=CARTESIAN_POINT('',(-61.2532567977905,-44.359016418457,122.));
#2646=CARTESIAN_POINT('Origin',(-61.2532567977905,-94.5981830958301,136.192470036814));
#2647=CARTESIAN_POINT('',(-61.2532567977905,-94.5981830958301,136.192470036814));
#2648=CARTESIAN_POINT('',(-61.2532567977905,-88.5937402962579,136.192470036814));
#2649=CARTESIAN_POINT('',(-61.2532567977905,-101.878616541812,136.192470036814));
#2650=CARTESIAN_POINT('',(-83.6532567977905,-94.5981830958301,136.192470036814));
#2651=CARTESIAN_POINT('',(-61.2532567977905,-94.5981830958301,136.192470036814));
#2652=CARTESIAN_POINT('',(-83.6532567977905,-88.5937402962579,136.192470036814));
#2653=CARTESIAN_POINT('',(-83.6532567977905,-79.7867290294555,136.192470036814));
#2654=CARTESIAN_POINT('',(-61.2532567977905,-88.5937402962579,136.192470036814));
#2655=CARTESIAN_POINT('Origin',(-61.2532567977905,-97.6004044956161,130.992470036814));
#2656=CARTESIAN_POINT('',(-61.2532567977905,-97.6004044956161,130.992470036814));
#2657=CARTESIAN_POINT('',(-61.2532567977905,-100.992162055801,125.117773615618));
#2658=CARTESIAN_POINT('',(-83.6532567977905,-97.6004044956161,130.992470036814));
#2659=CARTESIAN_POINT('',(-61.2532567977905,-97.6004044956161,130.992470036814));
#2660=CARTESIAN_POINT('',(-83.6532567977905,-92.7708862887015,139.357440947269));
#2661=CARTESIAN_POINT('Origin',(-61.2532567977905,-94.59818309583,125.792470036814));
#2662=CARTESIAN_POINT('',(-61.2532567977905,-94.59818309583,125.792470036814));
#2663=CARTESIAN_POINT('',(-61.2532567977905,-95.5971976085823,127.5228139304));
#2664=CARTESIAN_POINT('',(-83.6532567977905,-94.59818309583,125.792470036814));
#2665=CARTESIAN_POINT('',(-61.2532567977905,-94.59818309583,125.792470036814));
#2666=CARTESIAN_POINT('',(-83.6532567977905,-94.2736403193969,125.230345458803));
#2667=CARTESIAN_POINT('Origin',(-61.2532567977905,-88.5937402962579,125.792470036814));
#2668=CARTESIAN_POINT('',(-61.2532567977905,-88.5937402962579,125.792470036814));
#2669=CARTESIAN_POINT('',(-61.2532567977905,-98.8763951420254,125.792470036814));
#2670=CARTESIAN_POINT('',(-83.6532567977905,-88.5937402962579,125.792470036814));
#2671=CARTESIAN_POINT('',(-61.2532567977905,-88.5937402962579,125.792470036814));
#2672=CARTESIAN_POINT('',(-83.6532567977905,-82.7889504292416,125.792470036814));
#2673=CARTESIAN_POINT('Origin',(-61.2532567977905,-86.4877336323283,129.440180579819));
#2674=CARTESIAN_POINT('',(-61.2532567977905,-85.5915188964719,130.992470036814));
#2675=CARTESIAN_POINT('',(-61.2532567977905,-90.9324945244781,121.74162888712));
#2676=CARTESIAN_POINT('',(-83.6532567977905,-85.5915188964719,130.992470036814));
#2677=CARTESIAN_POINT('',(-83.6532567977905,-85.5915188964719,130.992470036814));
#2678=CARTESIAN_POINT('',(-83.6532567977905,-85.2653327892364,131.557440947269));
#2679=CARTESIAN_POINT('Origin',(-61.2532567977905,-88.5937402962579,136.192470036814));
#2680=CARTESIAN_POINT('',(-61.2532567977905,-86.5905334092242,132.7228139304));
#2681=CARTESIAN_POINT('',(-83.6532567977905,-83.0084177936794,126.51840768569));
#2682=CARTESIAN_POINT('Origin',(-83.6532567977905,-70.9797177626531,130.996265146739));
#2683=CARTESIAN_POINT('',(-83.6532567977905,-88.345961696044,130.992470036814));
#2684=CARTESIAN_POINT('Origin',(-83.6532567977905,-91.595961696044,130.992470036814));
#2685=CARTESIAN_POINT('Origin',(-61.2532567977905,-44.3590474760382,129.233978485695));
#2686=CARTESIAN_POINT('',(-61.2532567977905,-46.3416210899449,125.800060256663));
#2687=CARTESIAN_POINT('',(-61.2532567977905,-54.0252500747681,112.491624468441));
#2688=CARTESIAN_POINT('',(-61.2532567977905,-44.3590474760382,129.233978485695));
#2689=CARTESIAN_POINT('',(-83.6532567977905,-46.3416210899449,125.800060256663));
#2690=CARTESIAN_POINT('',(-83.6532567977905,-48.2963718145149,122.414332685576));
#2691=CARTESIAN_POINT('',(-61.2532567977905,-46.3416210899449,125.800060256663));
#2692=CARTESIAN_POINT('Origin',(-61.2532567977905,-44.35903102969,132.766113541721));
#2693=CARTESIAN_POINT('',(-61.2532567977905,-44.3590560950133,127.382905909861));
#2694=CARTESIAN_POINT('',(-61.2532567977905,-44.35903102969,132.766113541721));
#2695=CARTESIAN_POINT('',(-83.6532567977905,-44.359043373542,130.115059840537));
#2696=CARTESIAN_POINT('Origin',(-61.2532567977905,-46.3416210899449,136.200060256663));
#2697=CARTESIAN_POINT('',(-61.2532567977905,-46.3416210899449,136.200060256663));
#2698=CARTESIAN_POINT('',(-61.2532567977905,-51.1193964727909,144.475409966904));
#2699=CARTESIAN_POINT('',(-83.6532567977905,-46.3416210899449,136.200060256663));
#2700=CARTESIAN_POINT('',(-61.2532567977905,-46.3416210899449,136.200060256663));
#2701=CARTESIAN_POINT('',(-83.6532567977905,-47.303433453585,137.865968137836));
#2702=CARTESIAN_POINT('Origin',(-61.2532567977905,-52.346063889517,136.200060256663));
#2703=CARTESIAN_POINT('',(-61.2532567977905,-52.346063889517,136.200060256663));
#2704=CARTESIAN_POINT('',(-61.2532567977905,-80.752556938655,136.200060256663));
#2705=CARTESIAN_POINT('',(-83.6532567977905,-52.346063889517,136.200060256663));
#2706=CARTESIAN_POINT('',(-61.2532567977905,-52.346063889517,136.200060256663));
#2707=CARTESIAN_POINT('',(-83.6532567977905,-58.660669426299,136.200060256663));
#2708=CARTESIAN_POINT('Origin',(-61.2532567977905,-54.4498808085897,132.556142463006));
#2709=CARTESIAN_POINT('',(-61.2532567977905,-54.4498808085897,132.556142463006));
#2710=CARTESIAN_POINT('',(-61.2532567977905,-63.5739988407229,116.752706457096));
#2711=CARTESIAN_POINT('',(-83.6532567977905,-54.4498808085897,132.556142463006));
#2712=CARTESIAN_POINT('',(-61.2532567977905,-54.4498808085897,132.556142463006));
#2713=CARTESIAN_POINT('',(-83.6532567977905,-55.80192531398,130.214332685576));
#2714=CARTESIAN_POINT('Origin',(-61.2532567977905,-54.4498808085897,129.44397805032));
#2715=CARTESIAN_POINT('',(-61.2532567977905,-54.4498808085897,129.44397805032));
#2716=CARTESIAN_POINT('',(-61.2532567977905,-54.4498808085897,125.72198902516));
#2717=CARTESIAN_POINT('',(-83.6532567977905,-54.4498808085897,129.44397805032));
#2718=CARTESIAN_POINT('',(-61.2532567977905,-54.4498808085897,129.44397805032));
#2719=CARTESIAN_POINT('',(-83.6532567977905,-54.4498808085897,131.776203804873));
#2720=CARTESIAN_POINT('Origin',(-61.2532567977905,-52.346063889517,125.800060256663));
#2721=CARTESIAN_POINT('',(-61.2532567977905,-52.346063889517,125.800060256663));
#2722=CARTESIAN_POINT('',(-61.2532567977905,-58.624949972256,136.675409966904));
#2723=CARTESIAN_POINT('',(-83.6532567977905,-52.346063889517,125.800060256663));
#2724=CARTESIAN_POINT('',(-61.2532567977905,-52.346063889517,125.800060256663));
#2725=CARTESIAN_POINT('',(-83.6532567977905,-56.8521904427139,133.604900392136));
#2726=CARTESIAN_POINT('Origin',(-61.2532567977905,-46.3416210899449,125.800060256663));
#2727=CARTESIAN_POINT('',(-61.2532567977905,-77.750335538869,125.800060256663));
#2728=CARTESIAN_POINT('',(-83.6532567977905,-61.662890826085,125.800060256663));
#2729=CARTESIAN_POINT('Origin',(-83.6532567977905,-70.9797177626531,130.996265146739));
#2730=CARTESIAN_POINT('',(-83.6532567977905,-46.093842489731,131.000060256663));
#2731=CARTESIAN_POINT('Origin',(-83.6532567977905,-49.343842489731,131.000060256663));
#2732=CARTESIAN_POINT('Origin',(-89.6532726287842,-91.595961696044,130.992470036814));
#2733=CARTESIAN_POINT('',(-89.6532726287842,-88.345961696044,130.992470036814));
#2734=CARTESIAN_POINT('Origin',(-89.6532726287842,-91.595961696044,130.992470036814));
#2735=CARTESIAN_POINT('',(-89.6532726287842,-88.345961696044,130.992470036814));
#2736=CARTESIAN_POINT('Origin',(-89.6532726287842,-49.343842489731,131.000060256663));
#2737=CARTESIAN_POINT('',(-89.6532726287842,-46.093842489731,131.000060256663));
#2738=CARTESIAN_POINT('Origin',(-89.6532726287842,-49.343842489731,131.000060256663));
#2739=CARTESIAN_POINT('',(-89.6532726287842,-46.093842489731,131.000060256663));
#2740=CARTESIAN_POINT('Origin',(-89.6532726287842,-44.359016418457,124.353612873241));
#2741=CARTESIAN_POINT('',(-89.6532726287842,-44.359016418457,124.353612873241));
#2742=CARTESIAN_POINT('',(-89.6532726287842,-41.5953915098124,129.140351628081));
#2743=CARTESIAN_POINT('',(-89.6532726287842,-44.359016418457,124.353612873241));
#2744=CARTESIAN_POINT('',(-89.6532726287842,-41.5953915098124,129.140351628081));
#2745=CARTESIAN_POINT('',(-75.4532647132874,-44.359016418457,124.353612873241));
#2746=CARTESIAN_POINT('Origin',(-89.6532726287842,-41.5954087906042,132.859831592091));
#2747=CARTESIAN_POINT('',(-89.6532726287842,-44.3590083054829,137.646526363634));
#2748=CARTESIAN_POINT('',(-89.6532726287842,-41.5954087906042,132.859831592091));
#2749=CARTESIAN_POINT('',(-89.6532726287842,-44.3590083054829,137.646526363634));
#2750=CARTESIAN_POINT('',(-75.4532647132874,-44.359016418457,137.646540415717));
#2751=CARTESIAN_POINT('',(-89.6532726287842,-41.5954087906042,132.859831592091));
#2752=CARTESIAN_POINT('Origin',(-89.6532726287842,-44.8165297266029,131.000076644642));
#2753=CARTESIAN_POINT('Origin',(-89.6532726287842,-44.8165297266029,131.000076644642));
#2754=CARTESIAN_POINT('Origin',(-89.6532726287842,-70.4708005199284,135.997496641282));
#2755=CARTESIAN_POINT('',(-89.6532726287842,-54.4498808085897,136.000051221524));
#2756=CARTESIAN_POINT('',(-89.6532726287841,-58.0090522766113,136.000054090012));
#2757=CARTESIAN_POINT('',(-89.6532726287842,-56.2422975353078,136.000052666109));
#2758=CARTESIAN_POINT('',(-89.6532726287842,-86.4917201150621,135.994295188238));
#2759=CARTESIAN_POINT('Origin',(-89.6532726287842,-70.4708004618259,135.997173204881));
#2760=CARTESIAN_POINT('',(-89.6532726287842,-82.9152869793889,135.995583019898));
#2761=CARTESIAN_POINT('',(-89.6532726287842,-84.699303504549,135.994940616454));
#2762=CARTESIAN_POINT('Ctrl Pts',(-89.6532726287842,-58.0090522766113,136.000054090012));
#2763=CARTESIAN_POINT('Ctrl Pts',(-88.0886101193549,-58.0090522766113,136.000054090012));
#2764=CARTESIAN_POINT('Ctrl Pts',(-86.4197254655727,-58.3219513478585,135.999997919565));
#2765=CARTESIAN_POINT('Ctrl Pts',(-83.3499781815603,-59.5943636738162,135.999769500972));
#2766=CARTESIAN_POINT('Ctrl Pts',(-81.9491155512689,-60.5538769283793,135.999597252827));
#2767=CARTESIAN_POINT('Ctrl Pts',(-79.7378561646915,-62.7673047801912,135.999199906766));
#2768=CARTESIAN_POINT('Ctrl Pts',(-78.7799706477709,-64.168517016619,135.998948366543));
#2769=CARTESIAN_POINT('Ctrl Pts',(-77.5105796924431,-67.2382329945062,135.998397303008));
#2770=CARTESIAN_POINT('Ctrl Pts',(-77.1990742538885,-68.9067367359046,135.998097779698));
#2771=CARTESIAN_POINT('Ctrl Pts',(-77.2012416964481,-72.0340184018578,135.99753638229));
#2772=CARTESIAN_POINT('Ctrl Pts',(-77.5147236293621,-73.7012444052247,135.997237088407));
#2773=CARTESIAN_POINT('Ctrl Pts',(-78.7871035897758,-76.7679088899359,135.996686572854));
#2774=CARTESIAN_POINT('Ctrl Pts',(-79.7460016174232,-78.1673473712188,135.996435351183));
#2775=CARTESIAN_POINT('Ctrl Pts',(-81.9573859804152,-80.3765653141909,135.996038761121));
#2776=CARTESIAN_POINT('Ctrl Pts',(-83.3571736119229,-81.3338368470362,135.995866915536));
#2777=CARTESIAN_POINT('Ctrl Pts',(-86.4238069145826,-82.603197679709,135.995639044925));
#2778=CARTESIAN_POINT('Ctrl Pts',(-88.0906525857958,-82.9152869793889,135.995583019898));
#2779=CARTESIAN_POINT('Ctrl Pts',(-89.6532726287842,-82.9152869793889,135.995583019898));
#2780=CARTESIAN_POINT('Origin',(-89.6532726287842,-70.4690041007151,125.997454442421));
#2781=CARTESIAN_POINT('',(-89.6532726287841,-58.0090522766113,126.000008583069));
#2782=CARTESIAN_POINT('',(-89.6532726287842,-54.4498808085897,126.000008583069));
#2783=CARTESIAN_POINT('',(-89.6532726287842,-56.2509896893517,126.000008583069));
#2784=CARTESIAN_POINT('',(-89.6532726287842,-82.9152869793889,125.99553685362));
#2785=CARTESIAN_POINT('Ctrl Pts',(-89.6532726287842,-82.9152869793889,125.99553685362));
#2786=CARTESIAN_POINT('Ctrl Pts',(-88.0904400459153,-82.9152869793889,125.99553685362));
#2787=CARTESIAN_POINT('Ctrl Pts',(-86.4233821712228,-82.6031134617598,125.995592902041));
#2788=CARTESIAN_POINT('Ctrl Pts',(-83.3564246806509,-81.3334352148784,125.995820863283));
#2789=CARTESIAN_POINT('Ctrl Pts',(-81.9565250647104,-80.3759304857738,125.995992776105));
#2790=CARTESIAN_POINT('Ctrl Pts',(-79.7451534358525,-78.1662745252576,125.996389503345));
#2791=CARTESIAN_POINT('Ctrl Pts',(-78.7863606518063,-76.7666514274875,125.996640795236));
#2792=CARTESIAN_POINT('Ctrl Pts',(-77.5142914978657,-73.6996692463257,125.99719144905));
#2793=CARTESIAN_POINT('Ctrl Pts',(-77.2010151278235,-72.0323101629953,125.997490810973));
#2794=CARTESIAN_POINT('Ctrl Pts',(-77.1992988102281,-68.905028222603,125.998052291217));
#2795=CARTESIAN_POINT('Ctrl Pts',(-77.5110100674934,-67.2366573457774,125.998351834832));
#2796=CARTESIAN_POINT('Ctrl Pts',(-78.78071233886,-64.167258800033,125.998902922599));
#2797=CARTESIAN_POINT('Ctrl Pts',(-79.7387033531088,-62.7662311311753,125.999154466751));
#2798=CARTESIAN_POINT('Ctrl Pts',(-81.9499760177962,-60.5532414995472,125.999551792678));
#2799=CARTESIAN_POINT('Ctrl Pts',(-83.3507268855273,-59.5939616339206,125.999724024293));
#2800=CARTESIAN_POINT('Ctrl Pts',(-86.4201502227554,-58.3218670223789,125.999952419489));
#2801=CARTESIAN_POINT('Ctrl Pts',(-88.0888226923137,-58.0090522766113,126.000008583069));
#2802=CARTESIAN_POINT('Ctrl Pts',(-89.6532726287842,-58.0090522766113,126.000008583069));
#2803=CARTESIAN_POINT('',(-89.6532726287842,-86.4881272765935,125.994253195204));
#2804=CARTESIAN_POINT('',(-89.6532726287842,-84.6870185120785,125.994900301773));
#2805=CARTESIAN_POINT('Origin',(-89.6532726287842,-70.4690040425916,125.997130889137));
#2806=CARTESIAN_POINT('Origin',(-89.6532726287842,-70.4699022522087,130.997152047009));
#2807=CARTESIAN_POINT('',(-89.6532726287842,-54.4498808085897,131.000029902296));
#2808=CARTESIAN_POINT('',(-89.6532726287842,-86.4899236958278,130.994274191721));
#2809=CARTESIAN_POINT('Origin',(-89.6532726287842,-70.4621696280001,122.));
#2810=CARTESIAN_POINT('',(-89.6532726287842,-58.0090522766113,122.));
#2811=CARTESIAN_POINT('',(-89.6532726287841,-58.0090522766113,122.));
#2812=CARTESIAN_POINT('',(-89.6532726287842,-82.9152869793889,122.));
#2813=CARTESIAN_POINT('Origin',(-89.6532726287842,-70.4621696280001,122.));
#2814=CARTESIAN_POINT('',(-89.6532726287842,-82.9152869793889,122.));
#2815=CARTESIAN_POINT('Origin',(-89.6532726287842,-70.4621696280001,122.));
#2816=CARTESIAN_POINT('',(-89.6532726287842,-82.9152869793889,140.));
#2817=CARTESIAN_POINT('',(-89.6532726287842,-82.9152869793889,122.));
#2818=CARTESIAN_POINT('',(-89.6532726287841,-58.0090522766113,140.));
#2819=CARTESIAN_POINT('Origin',(-89.6532726287842,-70.4621696280001,140.));
#2820=CARTESIAN_POINT('',(-89.6532726287841,-58.0090522766113,122.));
#2821=CARTESIAN_POINT('Origin',(-83.6532567977905,-44.3590112841332,132.766079341413));
#2822=CARTESIAN_POINT('Origin',(-61.2532567977905,-44.359016418457,122.));
#2823=CARTESIAN_POINT('',(-61.2532567977905,-44.359016418457,140.));
#2824=CARTESIAN_POINT('',(-61.2532567977905,-44.359016418457,122.));
#2825=CARTESIAN_POINT('',(-89.6532726287842,-44.359016418457,140.));
#2826=CARTESIAN_POINT('',(-89.6532726287842,-44.359016418457,122.));
#2827=CARTESIAN_POINT('',(-89.6532726287842,-44.359016418457,140.));
#2828=CARTESIAN_POINT('Origin',(-75.4532647132874,-76.759033203125,140.));
#2829=CARTESIAN_POINT('',(-89.6532726287842,-109.159049987793,140.));
#2830=CARTESIAN_POINT('',(-89.6532726287842,-109.159049987793,140.));
#2831=CARTESIAN_POINT('',(-61.2532567977905,-109.159049987793,140.));
#2832=CARTESIAN_POINT('',(-61.2532567977905,-109.159049987793,140.));
#2833=CARTESIAN_POINT('',(-61.2532567977905,-44.359016418457,140.));
#2834=CARTESIAN_POINT('',(-89.6532726287842,-109.159049987793,140.));
#2835=CARTESIAN_POINT('Origin',(-75.4532647132874,-76.759033203125,122.));
#2836=CARTESIAN_POINT('',(-89.6532726287842,-95.5090522766113,122.));
#2837=CARTESIAN_POINT('Origin',(-89.6532726287842,-76.7590522766113,122.));
#2838=CARTESIAN_POINT('',(-89.6532726287842,-109.159049987793,122.));
#2839=CARTESIAN_POINT('Origin',(-66.1271880533178,-67.1459666225467,1.0000116891671));
#2840=CARTESIAN_POINT('',(-61.2532567977905,-63.0209629918258,0.));
#2841=CARTESIAN_POINT('',(-66.1271880533178,-67.1459670251751,0.));
#2842=CARTESIAN_POINT('',(-71.2143186963914,-71.4514102743091,-6.93889390390723E-17));
#2843=CARTESIAN_POINT('',(-61.2532567977905,-63.0209625891981,1.00001002834301));
#2844=CARTESIAN_POINT('',(-61.2532567977905,-63.0209627905156,0.499995726029544));
#2845=CARTESIAN_POINT('',(-66.1271880533178,-67.1459666225467,1.0000116891671));
#2846=CARTESIAN_POINT('',(-63.2873846096927,-64.7425267616364,1.00001072148542));
#2847=CARTESIAN_POINT('',(-66.1271880533178,-67.1459666225467,1.0000116891671));
#2848=CARTESIAN_POINT('Origin',(-61.2532567977905,-71.2709706558954,1.00001334999118));
#2849=CARTESIAN_POINT('',(-61.2532567977905,-71.2709710585244,0.));
#2850=CARTESIAN_POINT('',(-64.0369445034146,-68.9150242034549,0.));
#2851=CARTESIAN_POINT('',(-61.2532567977905,-71.2709706558954,1.00001334999118));
#2852=CARTESIAN_POINT('',(-58.6888858729569,-73.4413008992579,1.00001422381741));
#2853=CARTESIAN_POINT('',(-61.2532567977905,-71.2709708572129,0.499999047677711));
#2854=CARTESIAN_POINT('Origin',(-75.4532647132874,-76.759033203125,0.));
#2855=CARTESIAN_POINT('',(-61.2532567977905,-109.159049987793,0.));
#2856=CARTESIAN_POINT('',(-61.2532567977905,-71.2709693583132,0.));
#2857=CARTESIAN_POINT('',(-89.6532726287842,-109.159049987793,0.));
#2858=CARTESIAN_POINT('',(-61.2532567977905,-109.159049987793,0.));
#2859=CARTESIAN_POINT('',(-89.6532726287842,-95.5090522766113,0.));
#2860=CARTESIAN_POINT('',(-89.6532726287842,-44.359016418457,0.));
#2861=CARTESIAN_POINT('',(-89.6532726287842,-58.0090522766113,0.));
#2862=CARTESIAN_POINT('Origin',(-89.6532726287842,-76.7590522766113,0.));
#2863=CARTESIAN_POINT('',(-89.6532726287842,-44.359016418457,0.));
#2864=CARTESIAN_POINT('',(-89.6532726287842,-44.359016418457,0.));
#2865=CARTESIAN_POINT('',(-61.2532567977905,-44.359016418457,0.));
#2866=CARTESIAN_POINT('',(-61.2532567977905,-44.359016418457,0.));
#2867=CARTESIAN_POINT('',(-61.2532567977905,-71.2709693583132,0.));
#2868=CARTESIAN_POINT('Origin',(-61.2532567977905,-63.0209625891981,1.00001002834301));
#2869=CARTESIAN_POINT('',(-61.2532567977905,-73.4214973449707,80.0000095367432));
#2870=CARTESIAN_POINT('',(-66.1271880533178,-77.546501159668,80.0000095367432));
#2871=CARTESIAN_POINT('',(-58.6888936300259,-71.2511737817686,80.0000095367432));
#2872=CARTESIAN_POINT('',(-66.1271880533178,-72.3462337817817,40.5000097825431));
#2873=CARTESIAN_POINT('',(-61.2532567977905,-63.3492856274563,3.49387409111126));
#2874=CARTESIAN_POINT('Origin',(-61.2532567977905,-81.6715049743652,80.0000095367432));
#2875=CARTESIAN_POINT('',(-61.2532567977905,-81.6715049743652,80.0000095367432));
#2876=CARTESIAN_POINT('',(-63.2873844840476,-79.9499409995192,80.0000095367432));
#2877=CARTESIAN_POINT('',(-61.2532567977905,-76.7292827523703,42.4600596902891));
#2878=CARTESIAN_POINT('Origin',(-61.2532567977905,-73.4214973449707,80.0000095367432));
#2879=CARTESIAN_POINT('',(-61.2532567977905,-91.2902736663818,80.0000095367432));
#2880=CARTESIAN_POINT('Origin',(-61.2532567977905,-94.0000014007092,40.0000005960464));
#2881=CARTESIAN_POINT('',(-72.7532567977905,-97.2500014007092,40.0000005960464));
#2882=CARTESIAN_POINT('Origin',(-72.7532567977905,-94.0000014007092,40.0000005960464));
#2883=CARTESIAN_POINT('',(-73.2532567977905,-97.2500014007092,40.0000005960464));
#2884=CARTESIAN_POINT('',(-61.2532567977905,-97.2500014007092,40.0000005960464));
#2885=CARTESIAN_POINT('Origin',(-73.2532567977905,-94.0000014007092,40.0000005960464));
#2886=CARTESIAN_POINT('Origin',(-61.2532567977905,-94.0000014007092,40.0000005960464));
#2887=CARTESIAN_POINT('',(-61.2532567977905,-97.2500014007092,40.0000005960464));
#2888=CARTESIAN_POINT('Origin',(-61.2532567977905,-94.0000014007092,40.0000005960464));
#2889=CARTESIAN_POINT('',(-67.2532567977905,-97.2500014007092,40.0000005960464));
#2890=CARTESIAN_POINT('',(-61.2532567977905,-97.2500014007092,40.0000005960464));
#2891=CARTESIAN_POINT('Origin',(-67.2532567977905,-94.0000014007092,40.0000005960464));
#2892=CARTESIAN_POINT('Origin',(-73.2532567977905,-94.0000014007092,40.0000005960464));
#2893=CARTESIAN_POINT('Origin',(-61.2532567977905,-52.5000014007092,40.0000005960464));
#2894=CARTESIAN_POINT('',(-72.7532567977905,-55.7500014007091,40.0000005960464));
#2895=CARTESIAN_POINT('Origin',(-72.7532567977905,-52.5000014007092,40.0000005960464));
#2896=CARTESIAN_POINT('',(-73.2532567977905,-55.7500014007091,40.0000005960464));
#2897=CARTESIAN_POINT('',(-61.2532567977905,-55.7500014007091,40.0000005960464));
#2898=CARTESIAN_POINT('Origin',(-73.2532567977905,-52.5000014007092,40.0000005960464));
#2899=CARTESIAN_POINT('Origin',(-61.2532567977905,-52.5000014007092,40.0000005960464));
#2900=CARTESIAN_POINT('',(-61.2532567977905,-55.7500014007091,40.0000005960464));
#2901=CARTESIAN_POINT('Origin',(-61.2532567977905,-52.5000014007092,40.0000005960464));
#2902=CARTESIAN_POINT('',(-67.2532567977905,-55.7500014007091,40.0000005960464));
#2903=CARTESIAN_POINT('',(-61.2532567977905,-55.7500014007091,40.0000005960464));
#2904=CARTESIAN_POINT('Origin',(-67.2532567977905,-52.5000014007092,40.0000005960464));
#2905=CARTESIAN_POINT('Origin',(-73.2532567977905,-52.5000014007092,40.0000005960464));
#2906=CARTESIAN_POINT('Origin',(-67.2532567977905,-90.8245749201662,45.5000005960464));
#2907=CARTESIAN_POINT('',(-67.2532567977905,-87.6491484396233,40.0000005960464));
#2908=CARTESIAN_POINT('',(-67.2532567977905,-90.8245749201662,45.5000005960464));
#2909=CARTESIAN_POINT('',(-67.2532567977905,-87.6491484396233,40.0000005960464));
#2910=CARTESIAN_POINT('',(-72.7532567977905,-90.8245749201662,45.5000005960464));
#2911=CARTESIAN_POINT('',(-67.2532567977905,-90.8245749201662,45.5000005960464));
#2912=CARTESIAN_POINT('',(-72.7532567977905,-87.6491484396233,40.0000005960464));
#2913=CARTESIAN_POINT('',(-72.7532567977905,-87.6491484396233,40.0000005960464));
#2914=CARTESIAN_POINT('',(-67.2532567977905,-87.6491484396233,40.0000005960464));
#2915=CARTESIAN_POINT('Origin',(-67.2532567977905,-109.159049987793,45.5000005960464));
#2916=CARTESIAN_POINT('',(-67.2532567977905,-109.159049987793,45.5000005960464));
#2917=CARTESIAN_POINT('',(-67.2532567977905,-90.8245749201662,45.5000005960464));
#2918=CARTESIAN_POINT('',(-72.7532567977905,-109.159049987793,45.5000005960464));
#2919=CARTESIAN_POINT('',(-78.4532647132874,-109.159049987793,45.5000005960464));
#2920=CARTESIAN_POINT('',(-72.7532567977905,-90.8245749201662,45.5000005960464));
#2921=CARTESIAN_POINT('Origin',(-67.2532567977905,-90.8245749201662,34.5000005960465));
#2922=CARTESIAN_POINT('',(-67.2532567977905,-90.8245749201662,34.5000005960464));
#2923=CARTESIAN_POINT('',(-67.2532567977905,-109.159049987793,34.5000005960464));
#2924=CARTESIAN_POINT('',(-67.2532567977905,-97.1754278812521,34.5000005960464));
#2925=CARTESIAN_POINT('',(-72.7532567977905,-90.8245749201662,34.5000005960464));
#2926=CARTESIAN_POINT('',(-67.2532567977905,-90.8245749201662,34.5000005960464));
#2927=CARTESIAN_POINT('',(-72.7532567977905,-109.159049987793,34.5000005960464));
#2928=CARTESIAN_POINT('',(-72.7532567977905,-97.1754278812521,34.5000005960464));
#2929=CARTESIAN_POINT('',(-78.4532647132874,-109.159049987793,34.5000005960464));
#2930=CARTESIAN_POINT('Origin',(-67.2532567977905,-87.6491484396233,40.0000005960464));
#2931=CARTESIAN_POINT('',(-67.2532567977905,-90.8245749201662,34.5000005960464));
#2932=CARTESIAN_POINT('',(-72.7532567977905,-90.8245749201662,34.5000005960464));
#2933=CARTESIAN_POINT('Origin',(-67.2532567977905,-98.4040992137081,40.0000005960464));
#2934=CARTESIAN_POINT('',(-67.2532567977905,-109.159049987793,20.0000002980232));
#2935=CARTESIAN_POINT('Origin',(-72.7532567977905,-98.4040992137081,40.0000005960464));
#2936=CARTESIAN_POINT('',(-72.7532567977905,-109.159049987793,20.0000002980232));
#2937=CARTESIAN_POINT('Origin',(-67.2532567977905,-58.850854361795,40.0000005960464));
#2938=CARTESIAN_POINT('',(-67.2532567977905,-55.6754278812521,45.5000005960464));
#2939=CARTESIAN_POINT('',(-67.2532567977905,-58.850854361795,40.0000005960464));
#2940=CARTESIAN_POINT('',(-67.2532567977905,-55.6754278812521,45.5000005960464));
#2941=CARTESIAN_POINT('',(-72.7532567977905,-58.850854361795,40.0000005960464));
#2942=CARTESIAN_POINT('',(-67.2532567977905,-58.850854361795,40.0000005960464));
#2943=CARTESIAN_POINT('',(-72.7532567977905,-55.6754278812521,45.5000005960464));
#2944=CARTESIAN_POINT('',(-72.7532567977905,-55.6754278812521,45.5000005960464));
#2945=CARTESIAN_POINT('',(-67.2532567977905,-55.6754278812521,45.5000005960464));
#2946=CARTESIAN_POINT('Origin',(-67.2532567977905,-55.6754278812521,34.5000005960464));
#2947=CARTESIAN_POINT('',(-67.2532567977905,-55.6754278812521,34.5000005960464));
#2948=CARTESIAN_POINT('',(-67.2532567977905,-58.850854361795,40.0000005960464));
#2949=CARTESIAN_POINT('',(-72.7532567977905,-55.6754278812521,34.5000005960464));
#2950=CARTESIAN_POINT('',(-67.2532567977905,-55.6754278812521,34.5000005960464));
#2951=CARTESIAN_POINT('',(-72.7532567977905,-58.850854361795,40.0000005960464));
#2952=CARTESIAN_POINT('Origin',(-67.2532567977905,-44.359016418457,34.5000005960464));
#2953=CARTESIAN_POINT('',(-67.2532567977905,-44.359016418457,34.5000005960464));
#2954=CARTESIAN_POINT('',(-67.2532567977905,-55.6754278812521,34.5000005960464));
#2955=CARTESIAN_POINT('',(-72.7532567977905,-44.359016418457,34.5000005960464));
#2956=CARTESIAN_POINT('',(-64.2532567977905,-44.359016418457,34.5000005960464));
#2957=CARTESIAN_POINT('',(-72.7532567977905,-55.6754278812521,34.5000005960464));
#2958=CARTESIAN_POINT('Origin',(-67.2532567977905,-55.6754278812521,45.5000005960464));
#2959=CARTESIAN_POINT('',(-67.2532567977905,-44.359016418457,45.5000005960464));
#2960=CARTESIAN_POINT('',(-67.2532567977905,-49.3245749201662,45.5000005960464));
#2961=CARTESIAN_POINT('',(-72.7532567977905,-44.359016418457,45.5000005960464));
#2962=CARTESIAN_POINT('',(-72.7532567977905,-49.3245749201662,45.5000005960464));
#2963=CARTESIAN_POINT('',(-64.2532567977905,-44.359016418457,45.5000005960464));
#2964=CARTESIAN_POINT('Origin',(-67.2532567977905,-51.604935390126,40.0000005960464));
#2965=CARTESIAN_POINT('',(-67.2532567977905,-44.359016418457,20.0000002980232));
#2966=CARTESIAN_POINT('Origin',(-72.7532567977905,-51.604935390126,40.0000005960464));
#2967=CARTESIAN_POINT('',(-72.7532567977905,-44.359016418457,20.0000002980232));
#2968=CARTESIAN_POINT('Origin',(-61.2532567977905,-107.501275528269,66.9977835998122));
#2969=CARTESIAN_POINT('',(-61.2532567977905,-107.501275528269,66.9977835998122));
#2970=CARTESIAN_POINT('',(-61.2532567977905,-107.501275528269,73.0022263993843));
#2971=CARTESIAN_POINT('',(-61.2532567977905,-107.501275528269,33.4988917999061));
#2972=CARTESIAN_POINT('',(-83.6532567977905,-107.501275528269,66.9977835998122));
#2973=CARTESIAN_POINT('',(-61.2532567977905,-107.501275528269,66.9977835998122));
#2974=CARTESIAN_POINT('',(-83.6532567977905,-107.501275528269,73.0022263993843));
#2975=CARTESIAN_POINT('',(-83.6532567977905,-107.501275528269,56.5011157057745));
#2976=CARTESIAN_POINT('',(-61.2532567977905,-107.501275528269,73.0022263993843));
#2977=CARTESIAN_POINT('Origin',(-61.2532567977905,-102.301275528269,63.9955622000261));
#2978=CARTESIAN_POINT('',(-61.2532567977905,-102.301275528269,63.9955622000261));
#2979=CARTESIAN_POINT('',(-61.2532567977905,-91.0174953019181,57.4808686488658));
#2980=CARTESIAN_POINT('',(-83.6532567977905,-102.301275528269,63.9955622000261));
#2981=CARTESIAN_POINT('',(-61.2532567977905,-102.301275528269,63.9955622000261));
#2982=CARTESIAN_POINT('',(-83.6532567977905,-90.1544156312138,56.9825693686526));
#2983=CARTESIAN_POINT('Origin',(-61.2532567977905,-97.1012755282691,66.9977835998122));
#2984=CARTESIAN_POINT('',(-61.2532567977905,-97.1012755282691,66.9977835998122));
#2985=CARTESIAN_POINT('',(-61.2532567977905,-116.128386599263,56.012475901073));
#2986=CARTESIAN_POINT('',(-83.6532567977905,-97.1012755282691,66.9977835998122));
#2987=CARTESIAN_POINT('',(-61.2532567977905,-97.1012755282691,66.9977835998122));
#2988=CARTESIAN_POINT('',(-83.6532567977905,-97.9447966825389,66.5107764343274));
#2989=CARTESIAN_POINT('Origin',(-61.2532567977905,-97.1012755282691,73.0022263993843));
#2990=CARTESIAN_POINT('',(-61.2532567977905,-97.1012755282691,73.0022263993843));
#2991=CARTESIAN_POINT('',(-61.2532567977905,-97.1012755282691,36.5011131996922));
#2992=CARTESIAN_POINT('',(-83.6532567977905,-97.1012755282691,73.0022263993843));
#2993=CARTESIAN_POINT('',(-61.2532567977905,-97.1012755282691,73.0022263993843));
#2994=CARTESIAN_POINT('',(-83.6532567977905,-97.1012755282691,53.4988943059885));
#2995=CARTESIAN_POINT('Origin',(-61.2532567977905,-102.301275528269,76.0044477991704));
#2996=CARTESIAN_POINT('',(-61.2532567977905,-102.301275528269,76.0044477991704));
#2997=CARTESIAN_POINT('',(-61.2532567977905,-88.4174953019181,67.988643548117));
#2998=CARTESIAN_POINT('',(-83.6532567977905,-102.301275528269,76.0044477991704));
#2999=CARTESIAN_POINT('',(-61.2532567977905,-102.301275528269,76.0044477991704));
#3000=CARTESIAN_POINT('',(-83.6532567977905,-82.3544156312138,64.4881228681177));
#3001=CARTESIAN_POINT('Origin',(-61.2532567977905,-107.501275528269,73.0022263993843));
#3002=CARTESIAN_POINT('',(-61.2532567977905,-123.928386599263,63.5180294005381));
#3003=CARTESIAN_POINT('',(-83.6532567977905,-100.544796682539,77.0185513335786));
#3004=CARTESIAN_POINT('Origin',(-83.6532567977905,-76.830157204555,40.0000050121648));
#3005=CARTESIAN_POINT('',(-83.6532567977905,-99.0512755282691,70.0000049995983));
#3006=CARTESIAN_POINT('Origin',(-83.6532567977905,-102.301275528269,70.0000049995983));
#3007=CARTESIAN_POINT('Origin',(-61.2532567977905,-51.3590388808409,16.0044478243035));
#3008=CARTESIAN_POINT('',(-61.2532567977905,-51.3590388808409,16.0044478243035));
#3009=CARTESIAN_POINT('',(-61.2532567977905,-46.1590388808409,13.0022264245175));
#3010=CARTESIAN_POINT('',(-61.2532567977905,-69.5689784486005,26.5179613356764));
#3011=CARTESIAN_POINT('',(-83.6532567977905,-51.3590388808409,16.0044478243035));
#3012=CARTESIAN_POINT('',(-61.2532567977905,-51.3590388808409,16.0044478243035));
#3013=CARTESIAN_POINT('',(-83.6532567977905,-46.1590388808409,13.0022264245175));
#3014=CARTESIAN_POINT('',(-83.6532567977905,-63.5058987778962,23.0174406556771));
#3015=CARTESIAN_POINT('',(-61.2532567977905,-46.1590388808409,13.0022264245175));
#3016=CARTESIAN_POINT('Origin',(-61.2532567977905,-56.5590388808409,13.0022264245175));
#3017=CARTESIAN_POINT('',(-61.2532567977905,-56.5590388808409,13.0022264245175));
#3018=CARTESIAN_POINT('',(-61.2532567977905,-79.0991076432953,-0.0112883430382105));
#3019=CARTESIAN_POINT('',(-83.6532567977905,-56.5590388808409,13.0022264245175));
#3020=CARTESIAN_POINT('',(-61.2532567977905,-56.5590388808409,13.0022264245175));
#3021=CARTESIAN_POINT('',(-83.6532567977905,-55.7155177265712,13.4892335900023));
#3022=CARTESIAN_POINT('Origin',(-61.2532567977905,-56.5590388808409,6.99778362494539));
#3023=CARTESIAN_POINT('',(-61.2532567977905,-56.5590388808409,6.99778362494539));
#3024=CARTESIAN_POINT('',(-61.2532567977905,-56.5590388808409,3.49889181247273));
#3025=CARTESIAN_POINT('',(-83.6532567977905,-56.5590388808409,6.99778362494539));
#3026=CARTESIAN_POINT('',(-61.2532567977905,-56.5590388808409,6.99778362494539));
#3027=CARTESIAN_POINT('',(-83.6532567977905,-56.5590388808409,26.5011157183412));
#3028=CARTESIAN_POINT('Origin',(-61.2532567977905,-51.3590388808409,3.99556222515933));
#3029=CARTESIAN_POINT('',(-61.2532567977905,-51.3590388808409,3.99556222515933));
#3030=CARTESIAN_POINT('',(-61.2532567977905,-72.1689784486006,16.0101864364252));
#3031=CARTESIAN_POINT('',(-83.6532567977905,-51.3590388808409,3.99556222515933));
#3032=CARTESIAN_POINT('',(-61.2532567977905,-51.3590388808409,3.99556222515933));
#3033=CARTESIAN_POINT('',(-83.6532567977905,-71.3058987778963,15.511887156212));
#3034=CARTESIAN_POINT('Origin',(-61.2532567977905,-46.1590388808409,6.99778362494539));
#3035=CARTESIAN_POINT('',(-61.2532567977905,-46.1590388808409,6.99778362494539));
#3036=CARTESIAN_POINT('',(-61.2532567977905,-71.2991076432953,-7.51684184250336));
#3037=CARTESIAN_POINT('',(-83.6532567977905,-46.1590388808409,6.99778362494539));
#3038=CARTESIAN_POINT('',(-61.2532567977905,-46.1590388808409,6.99778362494539));
#3039=CARTESIAN_POINT('',(-83.6532567977905,-53.1155177265712,2.98145869075109));
#3040=CARTESIAN_POINT('Origin',(-61.2532567977905,-46.1590388808409,13.0022264245175));
#3041=CARTESIAN_POINT('',(-61.2532567977905,-46.1590388808409,6.50111321225875));
#3042=CARTESIAN_POINT('',(-83.6532567977905,-46.1590388808409,23.4988943185551));
#3043=CARTESIAN_POINT('Origin',(-83.6532567977905,-76.830157204555,40.0000050121648));
#3044=CARTESIAN_POINT('',(-83.6532567977905,-48.1090388808409,10.0000050247314));
#3045=CARTESIAN_POINT('Origin',(-83.6532567977905,-51.3590388808409,10.0000050247314));
#3046=CARTESIAN_POINT('Origin',(-61.2532567977905,-56.5590388808409,66.9977836249454));
#3047=CARTESIAN_POINT('',(-61.2532567977905,-56.5590388808409,66.9977836249454));
#3048=CARTESIAN_POINT('',(-61.2532567977905,-56.5590388808409,73.0022264245175));
#3049=CARTESIAN_POINT('',(-61.2532567977905,-56.5590388808409,33.4988918124727));
#3050=CARTESIAN_POINT('',(-83.6532567977905,-56.5590388808409,66.9977836249454));
#3051=CARTESIAN_POINT('',(-61.2532567977905,-56.5590388808409,66.9977836249454));
#3052=CARTESIAN_POINT('',(-83.6532567977905,-56.5590388808409,73.0022264245175));
#3053=CARTESIAN_POINT('',(-83.6532567977905,-56.5590388808409,56.5011157183412));
#3054=CARTESIAN_POINT('',(-61.2532567977905,-56.5590388808409,73.0022264245175));
#3055=CARTESIAN_POINT('Origin',(-61.2532567977905,-51.3590388808409,63.9955622251593));
#3056=CARTESIAN_POINT('',(-61.2532567977905,-51.3590388808409,63.9955622251593));
#3057=CARTESIAN_POINT('',(-61.2532567977905,-59.178597391834,68.5101864364252));
#3058=CARTESIAN_POINT('',(-83.6532567977905,-51.3590388808409,63.9955622251593));
#3059=CARTESIAN_POINT('',(-61.2532567977905,-51.3590388808409,63.9955622251593));
#3060=CARTESIAN_POINT('',(-83.6532567977905,-58.3155177211297,68.011887156212));
#3061=CARTESIAN_POINT('Origin',(-61.2532567977905,-46.1590388808409,66.9977836249454));
#3062=CARTESIAN_POINT('',(-61.2532567977905,-46.1590388808409,66.9977836249454));
#3063=CARTESIAN_POINT('',(-61.2532567977905,-84.2894887000619,44.9831581574966));
#3064=CARTESIAN_POINT('',(-83.6532567977905,-46.1590388808409,66.9977836249454));
#3065=CARTESIAN_POINT('',(-61.2532567977905,-46.1590388808409,66.9977836249454));
#3066=CARTESIAN_POINT('',(-83.6532567977905,-66.1058987833378,55.4814586907511));
#3067=CARTESIAN_POINT('Origin',(-61.2532567977905,-46.1590388808409,73.0022264245175));
#3068=CARTESIAN_POINT('',(-61.2532567977905,-46.1590388808409,73.0022264245175));
#3069=CARTESIAN_POINT('',(-61.2532567977905,-46.1590388808409,36.5011132122587));
#3070=CARTESIAN_POINT('',(-83.6532567977905,-46.1590388808409,73.0022264245175));
#3071=CARTESIAN_POINT('',(-61.2532567977905,-46.1590388808409,73.0022264245175));
#3072=CARTESIAN_POINT('',(-83.6532567977905,-46.1590388808409,53.4988943185551));
#3073=CARTESIAN_POINT('Origin',(-61.2532567977905,-51.3590388808409,76.0044478243036));
#3074=CARTESIAN_POINT('',(-61.2532567977905,-51.3590388808409,76.0044478243036));
#3075=CARTESIAN_POINT('',(-61.2532567977905,-56.578597391834,79.0179613356764));
#3076=CARTESIAN_POINT('',(-83.6532567977905,-51.3590388808409,76.0044478243036));
#3077=CARTESIAN_POINT('',(-61.2532567977905,-51.3590388808409,76.0044478243036));
#3078=CARTESIAN_POINT('',(-83.6532567977905,-50.5155177211297,75.5174406556771));
#3079=CARTESIAN_POINT('Origin',(-61.2532567977905,-56.5590388808409,73.0022264245175));
#3080=CARTESIAN_POINT('',(-61.2532567977905,-92.0894887000619,52.4887116569618));
#3081=CARTESIAN_POINT('',(-83.6532567977905,-68.7058987833377,65.9892335900023));
#3082=CARTESIAN_POINT('Origin',(-83.6532567977905,-76.830157204555,40.0000050121648));
#3083=CARTESIAN_POINT('',(-83.6532567977905,-48.1090388808409,70.0000050247314));
#3084=CARTESIAN_POINT('Origin',(-83.6532567977905,-51.3590388808409,70.0000050247314));
#3085=CARTESIAN_POINT('Origin',(-61.2532567977905,-107.501275528269,6.9977835998122));
#3086=CARTESIAN_POINT('',(-61.2532567977905,-107.501275528269,6.9977835998122));
#3087=CARTESIAN_POINT('',(-61.2532567977905,-107.501275528269,13.0022263993843));
#3088=CARTESIAN_POINT('',(-61.2532567977905,-107.501275528269,3.4988917999061));
#3089=CARTESIAN_POINT('',(-83.6532567977905,-107.501275528269,6.9977835998122));
#3090=CARTESIAN_POINT('',(-61.2532567977905,-107.501275528269,6.9977835998122));
#3091=CARTESIAN_POINT('',(-83.6532567977905,-107.501275528269,13.0022263993843));
#3092=CARTESIAN_POINT('',(-83.6532567977905,-107.501275528269,26.5011157057745));
#3093=CARTESIAN_POINT('',(-61.2532567977905,-107.501275528269,13.0022263993843));
#3094=CARTESIAN_POINT('Origin',(-61.2532567977905,-102.301275528269,3.99556220002615));
#3095=CARTESIAN_POINT('',(-61.2532567977905,-102.301275528269,3.99556220002615));
#3096=CARTESIAN_POINT('',(-61.2532567977905,-104.007876358685,4.98086864886582));
#3097=CARTESIAN_POINT('',(-83.6532567977905,-102.301275528269,3.99556220002615));
#3098=CARTESIAN_POINT('',(-61.2532567977905,-102.301275528269,3.99556220002615));
#3099=CARTESIAN_POINT('',(-83.6532567977905,-103.14479668798,4.48256936865258));
#3100=CARTESIAN_POINT('Origin',(-61.2532567977905,-97.1012755282691,6.9977835998122));
#3101=CARTESIAN_POINT('',(-61.2532567977905,-97.1012755282691,6.9977835998122));
#3102=CARTESIAN_POINT('',(-61.2532567977905,-103.138005542496,3.51247590107297));
#3103=CARTESIAN_POINT('',(-83.6532567977905,-97.1012755282691,6.9977835998122));
#3104=CARTESIAN_POINT('',(-61.2532567977905,-97.1012755282691,6.9977835998122));
#3105=CARTESIAN_POINT('',(-83.6532567977905,-84.9544156257723,14.0107764343274));
#3106=CARTESIAN_POINT('Origin',(-61.2532567977905,-97.1012755282691,13.0022263993843));
#3107=CARTESIAN_POINT('',(-61.2532567977905,-97.1012755282691,13.0022263993843));
#3108=CARTESIAN_POINT('',(-61.2532567977905,-97.1012755282691,6.50111319969215));
#3109=CARTESIAN_POINT('',(-83.6532567977905,-97.1012755282691,13.0022263993843));
#3110=CARTESIAN_POINT('',(-61.2532567977905,-97.1012755282691,13.0022263993843));
#3111=CARTESIAN_POINT('',(-83.6532567977905,-97.1012755282691,23.4988943059885));
#3112=CARTESIAN_POINT('Origin',(-61.2532567977905,-102.301275528269,16.0044477991704));
#3113=CARTESIAN_POINT('',(-61.2532567977905,-102.301275528269,16.0044477991704));
#3114=CARTESIAN_POINT('',(-61.2532567977905,-101.407876358685,15.488643548117));
#3115=CARTESIAN_POINT('',(-83.6532567977905,-102.301275528269,16.0044477991704));
#3116=CARTESIAN_POINT('',(-61.2532567977905,-102.301275528269,16.0044477991704));
#3117=CARTESIAN_POINT('',(-83.6532567977905,-95.3447966879804,11.9881228681177));
#3118=CARTESIAN_POINT('Origin',(-61.2532567977905,-107.501275528269,13.0022263993843));
#3119=CARTESIAN_POINT('',(-61.2532567977905,-110.938005542496,11.0180294005381));
#3120=CARTESIAN_POINT('',(-83.6532567977905,-87.5544156257723,24.5185513335786));
#3121=CARTESIAN_POINT('Origin',(-83.6532567977905,-76.830157204555,40.0000050121648));
#3122=CARTESIAN_POINT('',(-83.6532567977905,-99.0512755282691,10.0000049995983));
#3123=CARTESIAN_POINT('Origin',(-83.6532567977905,-102.301275528269,10.0000049995983));
#3124=CARTESIAN_POINT('Origin',(-89.6532726287842,-102.301275528269,70.0000049995983));
#3125=CARTESIAN_POINT('',(-89.6532726287842,-99.0512755282691,70.0000049995983));
#3126=CARTESIAN_POINT('Origin',(-89.6532726287842,-102.301275528269,70.0000049995983));
#3127=CARTESIAN_POINT('',(-89.6532726287842,-99.0512755282691,70.0000049995983));
#3128=CARTESIAN_POINT('Origin',(-89.6532726287842,-102.301275528269,10.0000049995983));
#3129=CARTESIAN_POINT('',(-89.6532726287842,-99.0512755282691,10.0000049995983));
#3130=CARTESIAN_POINT('Origin',(-89.6532726287842,-102.301275528269,10.0000049995983));
#3131=CARTESIAN_POINT('',(-89.6532726287842,-99.0512755282691,10.0000049995983));
#3132=CARTESIAN_POINT('Origin',(-89.6532726287842,-51.3590388808409,70.0000050247314));
#3133=CARTESIAN_POINT('',(-89.6532726287842,-48.1090388808409,70.0000050247314));
#3134=CARTESIAN_POINT('Origin',(-89.6532726287842,-51.3590388808409,70.0000050247314));
#3135=CARTESIAN_POINT('',(-89.6532726287842,-48.1090388808409,70.0000050247314));
#3136=CARTESIAN_POINT('Origin',(-89.6532726287842,-51.3590388808409,10.0000050247314));
#3137=CARTESIAN_POINT('',(-89.6532726287842,-48.1090388808409,10.0000050247314));
#3138=CARTESIAN_POINT('Origin',(-89.6532726287842,-51.3590388808409,10.0000050247314));
#3139=CARTESIAN_POINT('',(-89.6532726287842,-48.1090388808409,10.0000050247314));
#3140=CARTESIAN_POINT('Origin',(-61.2532567977905,-109.159049987793,0.));
#3141=CARTESIAN_POINT('',(-61.2532567977905,-44.359016418457,0.));
#3142=CARTESIAN_POINT('',(-61.2532567977905,-109.159049987793,0.));
#3143=CARTESIAN_POINT('Origin',(-89.6532726287842,-109.159049987793,0.));
#3144=CARTESIAN_POINT('',(-89.6532726287842,-109.159049987793,0.));
#3145=CARTESIAN_POINT('Origin',(-89.6532726287842,-95.5090522766113,0.));
#3146=CARTESIAN_POINT('',(-89.6532726287842,-95.5090522766113,0.));
#3147=CARTESIAN_POINT('Origin',(-89.6532726287842,-76.7590522766113,0.));
#3148=CARTESIAN_POINT('',(-89.6532726287842,-58.0090522766113,0.));
#3149=CARTESIAN_POINT('Origin',(-89.6532726287842,-44.359016418457,0.));
#3150=CARTESIAN_POINT('',(-89.6532726287842,-44.359016418457,0.));
#3151=CARTESIAN_POINT('Origin',(-61.2532567977905,-44.359016418457,0.));
#3152=CARTESIAN_POINT('',(0.,0.,0.));
#3153=CARTESIAN_POINT('Origin',(-64.2532567977905,-72.3462337817817,40.5000097825431));
#3154=CARTESIAN_POINT('',(-64.2532567977905,-68.7319500068019,1.00001232772148));
#3155=CARTESIAN_POINT('',(-64.2532567977905,-65.5599832382916,1.00001105061272));
#3156=CARTESIAN_POINT('',(-64.2532567977905,-71.8086101706543,1.00001356645755));
#3157=CARTESIAN_POINT('',(-64.2532567977905,-79.132484459856,80.0000095367432));
#3158=CARTESIAN_POINT('',(-64.2532567977905,-76.5404692406462,60.3116756335575));
#3159=CARTESIAN_POINT('',(-64.2532567977905,-75.96051785948,80.0000095367432));
#3160=CARTESIAN_POINT('',(-64.2532567977905,-72.8838655633762,80.0000095367432));
#3161=CARTESIAN_POINT('',(-64.2532567977905,-68.1519983229172,20.6883439315287));
#3162=CARTESIAN_POINT('Origin',(-61.2532567977905,-81.6715049743652,80.0000095367432));
#3163=CARTESIAN_POINT('',(-61.2532567977905,-71.2709706558954,1.00001334999118));
#3164=CARTESIAN_POINT('',(-58.6888858729569,-73.4413008992579,1.00001422381741));
#3165=CARTESIAN_POINT('',(-61.2532567977905,-81.6715049743652,80.0000095367432));
#3166=CARTESIAN_POINT('',(-61.2532567977905,-81.6715049743652,80.0000095367432));
#3167=CARTESIAN_POINT('',(-63.2873844840476,-79.9499409995192,80.0000095367432));
#3168=CARTESIAN_POINT('Origin',(-61.2532567977905,-63.0209625891981,1.00001002834301));
#3169=CARTESIAN_POINT('',(-61.2532567977905,-73.4214973449707,80.0000095367432));
#3170=CARTESIAN_POINT('',(-58.6888936300259,-71.2511737817686,80.0000095367432));
#3171=CARTESIAN_POINT('',(-61.2532567977905,-63.0209625891981,1.00001002834301));
#3172=CARTESIAN_POINT('',(-61.2532567977905,-63.0209625891981,1.00001002834301));
#3173=CARTESIAN_POINT('',(-63.2873846096927,-64.7425267616364,1.00001072148542));
#3174=CARTESIAN_POINT('Origin',(-61.2532567977905,-73.4214973449707,80.0000095367432));
#3175=CARTESIAN_POINT('',(-55.2532567977905,-81.6715049743652,80.0000095367432));
#3176=CARTESIAN_POINT('',(-61.2532567977905,-81.6715049743652,80.0000095367432));
#3177=CARTESIAN_POINT('',(-55.2532567977905,-73.4214973449707,80.0000095367432));
#3178=CARTESIAN_POINT('',(-55.2532567977905,-73.4214973449707,80.0000095367432));
#3179=CARTESIAN_POINT('',(-61.2532567977905,-73.4214973449707,80.0000095367432));
#3180=CARTESIAN_POINT('Origin',(-61.2532567977905,-63.0209625891981,1.00001002834301));
#3181=CARTESIAN_POINT('',(-55.2532567977905,-63.0209625891981,1.00001002834301));
#3182=CARTESIAN_POINT('',(-55.2532567977905,-63.0209625891981,1.00001002834301));
#3183=CARTESIAN_POINT('',(-61.2532567977905,-63.0209625891981,1.00001002834301));
#3184=CARTESIAN_POINT('Origin',(-61.2532567977905,-71.2709706558954,1.00001334999118));
#3185=CARTESIAN_POINT('',(-55.2532567977905,-71.2709706558954,1.00001334999118));
#3186=CARTESIAN_POINT('',(-55.2532567977905,-71.2709706558954,1.00001334999118));
#3187=CARTESIAN_POINT('',(-61.2532567977905,-71.2709706558954,1.00001334999118));
#3188=CARTESIAN_POINT('Origin',(-61.2532567977905,-81.6715049743652,80.0000095367432));
#3189=CARTESIAN_POINT('',(-55.2532567977905,-81.6715049743652,80.0000095367432));
#3190=CARTESIAN_POINT('Origin',(-55.2532567977905,-72.3462337817817,40.5000097825431));
#3191=CARTESIAN_POINT('',(0.,0.,0.));
#3192=CARTESIAN_POINT('',(0.,0.,0.));
#3193=UNCERTAINTY_MEASURE_WITH_UNIT(LENGTH_MEASURE(0.01),#3201,
'DISTANCE_ACCURACY_VALUE',
'Maximum model space distance between geometric entities at asserted c
onnectivities');
#3194=UNCERTAINTY_MEASURE_WITH_UNIT(LENGTH_MEASURE(0.01),#3201,
'DISTANCE_ACCURACY_VALUE',
'Maximum model space distance between geometric entities at asserted c
onnectivities');
#3195=UNCERTAINTY_MEASURE_WITH_UNIT(LENGTH_MEASURE(0.01),#3201,
'DISTANCE_ACCURACY_VALUE',
'Maximum model space distance between geometric entities at asserted c
onnectivities');
#3196=UNCERTAINTY_MEASURE_WITH_UNIT(LENGTH_MEASURE(0.01),#3201,
'DISTANCE_ACCURACY_VALUE',
'Maximum model space distance between geometric entities at asserted c
onnectivities');
#3197=(
GEOMETRIC_REPRESENTATION_CONTEXT(3)
GLOBAL_UNCERTAINTY_ASSIGNED_CONTEXT((#3193))
GLOBAL_UNIT_ASSIGNED_CONTEXT((#3201,#3203,#3204))
REPRESENTATION_CONTEXT('','3D')
);
#3198=(
GEOMETRIC_REPRESENTATION_CONTEXT(3)
GLOBAL_UNCERTAINTY_ASSIGNED_CONTEXT((#3194))
GLOBAL_UNIT_ASSIGNED_CONTEXT((#3201,#3203,#3204))
REPRESENTATION_CONTEXT('','3D')
);
#3199=(
GEOMETRIC_REPRESENTATION_CONTEXT(3)
GLOBAL_UNCERTAINTY_ASSIGNED_CONTEXT((#3195))
GLOBAL_UNIT_ASSIGNED_CONTEXT((#3201,#3203,#3204))
REPRESENTATION_CONTEXT('','3D')
);
#3200=(
GEOMETRIC_REPRESENTATION_CONTEXT(3)
GLOBAL_UNCERTAINTY_ASSIGNED_CONTEXT((#3196))
GLOBAL_UNIT_ASSIGNED_CONTEXT((#3201,#3203,#3204))
REPRESENTATION_CONTEXT('','3D')
);
#3201=(
LENGTH_UNIT()
NAMED_UNIT(*)
SI_UNIT(.MILLI.,.METRE.)
);
#3202=(
LENGTH_UNIT()
NAMED_UNIT(*)
SI_UNIT($,.METRE.)
);
#3203=(
NAMED_UNIT(*)
PLANE_ANGLE_UNIT()
SI_UNIT($,.RADIAN.)
);
#3204=(
NAMED_UNIT(*)
SI_UNIT($,.STERADIAN.)
SOLID_ANGLE_UNIT()
);
#3205=SHAPE_DEFINITION_REPRESENTATION(#3208,#3213);
#3206=SHAPE_DEFINITION_REPRESENTATION(#3209,#3214);
#3207=SHAPE_DEFINITION_REPRESENTATION(#3210,#3215);
#3208=PRODUCT_DEFINITION_SHAPE('',$,#3217);
#3209=PRODUCT_DEFINITION_SHAPE('',$,#3218);
#3210=PRODUCT_DEFINITION_SHAPE('',$,#3219);
#3211=PRODUCT_DEFINITION_SHAPE($,$,#17);
#3212=PRODUCT_DEFINITION_SHAPE($,$,#18);
#3213=SHAPE_REPRESENTATION('',(#1973,#2108,#2109),#3197);
#3214=SHAPE_REPRESENTATION('',(#1974),#3198);
#3215=SHAPE_REPRESENTATION('',(#2099),#3199);
#3216=PRODUCT_DEFINITION_CONTEXT('part definition',#3227,'design');
#3217=PRODUCT_DEFINITION('Rotary Mount','Rotary Mount v2',#3220,#3216);
#3218=PRODUCT_DEFINITION('Mount','Mount',#3221,#3216);
#3219=PRODUCT_DEFINITION('Positioning Bar','Positioning Bar',#3222,#3216);
#3220=PRODUCT_DEFINITION_FORMATION('',$,#3229);
#3221=PRODUCT_DEFINITION_FORMATION('',$,#3230);
#3222=PRODUCT_DEFINITION_FORMATION('',$,#3231);
#3223=PRODUCT_RELATED_PRODUCT_CATEGORY('Rotary Mount v2',
'Rotary Mount v2',(#3229));
#3224=PRODUCT_RELATED_PRODUCT_CATEGORY('Mount','Mount',(#3230));
#3225=PRODUCT_RELATED_PRODUCT_CATEGORY('Positioning Bar',
'Positioning Bar',(#3231));
#3226=APPLICATION_PROTOCOL_DEFINITION('international standard',
'automotive_design',2009,#3227);
#3227=APPLICATION_CONTEXT(
'Core Data for Automotive Mechanical Design Process');
#3228=PRODUCT_CONTEXT('part definition',#3227,'mechanical');
#3229=PRODUCT('Rotary Mount','Rotary Mount v2',$,(#3228));
#3230=PRODUCT('Mount','Mount',$,(#3228));
#3231=PRODUCT('Positioning Bar','Positioning Bar',$,(#3228));
#3232=PRESENTATION_STYLE_ASSIGNMENT((#3233));
#3233=SURFACE_STYLE_USAGE(.BOTH.,#3234);
#3234=SURFACE_SIDE_STYLE('',(#3235));
#3235=SURFACE_STYLE_FILL_AREA(#3236);
#3236=FILL_AREA_STYLE('Steel - Satin',(#3237));
#3237=FILL_AREA_STYLE_COLOUR('Steel - Satin',#3238);
#3238=COLOUR_RGB('Steel - Satin',0.627450980392157,0.627450980392157,0.627450980392157);
ENDSEC;
END-ISO-10303-21;
