ISO-10303-21;
HEADER;
/* Generated by software containing ST-Developer
 * from STEP Tools, Inc. (www.steptools.com) 
 */

FILE_DESCRIPTION(
/* description */ (''),
/* implementation_level */ '2;1');

FILE_NAME(
/* name */ 'Motor Mount Base v6.step',
/* time_stamp */ '2025-07-05T12:21:35-07:00',
/* author */ (''),
/* organization */ (''),
/* preprocessor_version */ 'ST-DEVELOPER v20.1',
/* originating_system */ 'Autodesk Translation Framework v14.10.0.0',
/* authorisation */ '');

FILE_SCHEMA (('AUTOMOTIVE_DESIGN { 1 0 10303 214 3 1 1 }'));
ENDSEC;

DATA;
#10=MECHANICAL_DESIGN_GEOMETRIC_PRESENTATION_REPRESENTATION('',(#17),#3185);
#11=ITEM_DEFINED_TRANSFORMATION($,$,#1783,#1903);
#12=(
REPRESENTATION_RELATIONSHIP($,$,#3196,#3195)
REPRESENTATION_RELATIONSHIP_WITH_TRANSFORMATION(#11)
SHAPE_REPRESENTATION_RELATIONSHIP()
);
#13=CONTEXT_DEPENDENT_SHAPE_REPRESENTATION(#12,#3194);
#14=NEXT_ASSEMBLY_USAGE_OCCURRENCE('Motor Base:1','Motor Base:1',
'Motor Base:1',#3198,#3199,'Motor Base:1');
#15=SHAPE_REPRESENTATION_RELATIONSHIP('SRR','None',#3196,#16);
#16=ADVANCED_BREP_SHAPE_REPRESENTATION('',(#18),#3184);
#17=STYLED_ITEM('',(#3209),#18);
#18=MANIFOLD_SOLID_BREP('Body1',#1769);
#19=B_SPLINE_SURFACE_WITH_KNOTS('',3,1,((#2758,#2759),(#2760,#2761),(#2762,
#2763),(#2764,#2765),(#2766,#2767),(#2768,#2769),(#2770,#2771),(#2772,#2773),
(#2774,#2775),(#2776,#2777),(#2778,#2779),(#2780,#2781),(#2782,#2783),(#2784,
#2785),(#2786,#2787),(#2788,#2789),(#2790,#2791),(#2792,#2793),(#2794,#2795),
(#2796,#2797),(#2798,#2799),(#2800,#2801),(#2802,#2803),(#2804,#2805),(#2806,
#2807),(#2808,#2809),(#2810,#2811),(#2812,#2813),(#2814,#2815),(#2816,#2817),
(#2818,#2819),(#2820,#2821),(#2822,#2823),(#2824,#2825)),.UNSPECIFIED.,
 .T.,.F.,.F.,(4,2,2,2,2,2,2,2,2,2,2,2,2,2,2,2,4),(2,2),(0.,0.236011809652274,
0.472023619304548,0.70802604706201,0.944028474819472,1.18003090257693,1.4160333303344,
1.65204513998667,1.88805694963894,2.12406875929122,2.36008056894349,2.59608299670095,
2.83208542445841,3.06808785221588,3.30409027997334,3.54010208962561,3.77611389927789),
(0.,0.7),.UNSPECIFIED.);
#20=B_SPLINE_SURFACE_WITH_KNOTS('',3,1,((#2901,#2902),(#2903,#2904),(#2905,
#2906),(#2907,#2908),(#2909,#2910),(#2911,#2912),(#2913,#2914),(#2915,#2916),
(#2917,#2918),(#2919,#2920),(#2921,#2922),(#2923,#2924),(#2925,#2926),(#2927,
#2928),(#2929,#2930),(#2931,#2932),(#2933,#2934),(#2935,#2936),(#2937,#2938),
(#2939,#2940),(#2941,#2942),(#2943,#2944),(#2945,#2946),(#2947,#2948),(#2949,
#2950),(#2951,#2952),(#2953,#2954),(#2955,#2956),(#2957,#2958),(#2959,#2960),
(#2961,#2962),(#2963,#2964),(#2965,#2966),(#2967,#2968)),.UNSPECIFIED.,
 .T.,.F.,.F.,(4,2,2,2,2,2,2,2,2,2,2,2,2,2,2,2,4),(2,2),(0.,0.236011809652274,
0.472023619304548,0.70802604706201,0.944028474819471,1.18003090257693,1.41603333033439,
1.65204513998667,1.88805694963894,2.12406875929122,2.36008056894349,2.59608299670095,
2.83208542445841,3.06808785221588,3.30409027997334,3.54010208962561,3.77611389927789),
(0.,0.7),.UNSPECIFIED.);
#21=B_SPLINE_CURVE_WITH_KNOTS('',3,(#2700,#2701,#2702,#2703,#2704,#2705,
#2706,#2707,#2708,#2709,#2710,#2711,#2712,#2713,#2714,#2715,#2716,#2717,
#2718,#2719,#2720,#2721,#2722,#2723,#2724,#2725,#2726,#2727,#2728,#2729,
#2730,#2731,#2732,#2733),.UNSPECIFIED.,.T.,.F.,(4,2,2,2,2,2,2,2,2,2,2,2,
2,2,2,2,4),(0.,0.236011809652274,0.472023619304548,0.70802604706201,0.944028474819472,
1.18003090257693,1.4160333303344,1.65204513998667,1.88805694963894,2.12406875929122,
2.36008056894349,2.59608299670095,2.83208542445841,3.06808785221588,3.30409027997334,
3.54010208962561,3.77611389927789),.UNSPECIFIED.);
#22=B_SPLINE_CURVE_WITH_KNOTS('',3,(#2828,#2829,#2830,#2831,#2832,#2833,
#2834,#2835,#2836,#2837,#2838,#2839,#2840,#2841,#2842,#2843,#2844,#2845,
#2846,#2847,#2848,#2849,#2850,#2851,#2852,#2853,#2854,#2855,#2856,#2857,
#2858,#2859,#2860,#2861),.UNSPECIFIED.,.T.,.F.,(4,2,2,2,2,2,2,2,2,2,2,2,
2,2,2,2,4),(0.,0.236011809652274,0.472023619304548,0.70802604706201,0.944028474819472,
1.18003090257693,1.4160333303344,1.65204513998667,1.88805694963894,2.12406875929122,
2.36008056894349,2.59608299670095,2.83208542445841,3.06808785221588,3.30409027997334,
3.54010208962561,3.77611389927789),.UNSPECIFIED.);
#23=B_SPLINE_CURVE_WITH_KNOTS('',3,(#2865,#2866,#2867,#2868,#2869,#2870,
#2871,#2872,#2873,#2874,#2875,#2876,#2877,#2878,#2879,#2880,#2881,#2882),
 .UNSPECIFIED.,.F.,.F.,(4,2,2,2,2,2,2,2,4),(0.,0.122503638638064,0.245007277276127,
0.367510568079154,0.490013858882181,0.612517149685209,0.735020440488236,
0.857524079126299,0.980027717764363),.UNSPECIFIED.);
#24=B_SPLINE_CURVE_WITH_KNOTS('',3,(#2883,#2884,#2885,#2886,#2887,#2888,
#2889,#2890,#2891,#2892,#2893,#2894,#2895,#2896,#2897,#2898,#2899,#2900),
 .UNSPECIFIED.,.F.,.F.,(4,2,2,2,2,2,2,2,4),(0.980027717764363,1.10253135640243,
1.22503499504049,1.34753828584352,1.47004157664654,1.59254486744957,1.7150481582526,
1.83755179689066,1.96005543552873),.UNSPECIFIED.);
#25=B_SPLINE_CURVE_WITH_KNOTS('',3,(#2970,#2971,#2972,#2973,#2974,#2975,
#2976,#2977,#2978,#2979,#2980,#2981,#2982,#2983,#2984,#2985,#2986,#2987,
#2988,#2989,#2990,#2991,#2992,#2993,#2994,#2995,#2996,#2997,#2998,#2999,
#3000,#3001,#3002,#3003),.UNSPECIFIED.,.T.,.F.,(4,2,2,2,2,2,2,2,2,2,2,2,
2,2,2,2,4),(0.,0.236011809652274,0.472023619304548,0.70802604706201,0.944028474819471,
1.18003090257693,1.41603333033439,1.65204513998667,1.88805694963894,2.12406875929122,
2.36008056894349,2.59608299670095,2.83208542445841,3.06808785221588,3.30409027997334,
3.54010208962561,3.77611389927789),.UNSPECIFIED.);
#26=B_SPLINE_CURVE_WITH_KNOTS('',3,(#3006,#3007,#3008,#3009,#3010,#3011,
#3012,#3013,#3014,#3015,#3016,#3017,#3018,#3019,#3020,#3021,#3022,#3023,
#3024,#3025,#3026,#3027,#3028,#3029,#3030,#3031,#3032,#3033,#3034,#3035,
#3036,#3037,#3038,#3039),.UNSPECIFIED.,.T.,.F.,(4,2,2,2,2,2,2,2,2,2,2,2,
2,2,2,2,4),(0.,0.236011809652274,0.472023619304548,0.70802604706201,0.944028474819471,
1.18003090257693,1.41603333033439,1.65204513998667,1.88805694963894,2.12406875929122,
2.36008056894349,2.59608299670095,2.83208542445841,3.06808785221588,3.30409027997334,
3.54010208962561,3.77611389927789),.UNSPECIFIED.);
#27=B_SPLINE_CURVE_WITH_KNOTS('',3,(#3043,#3044,#3045,#3046,#3047,#3048,
#3049,#3050,#3051,#3052,#3053,#3054,#3055,#3056,#3057,#3058,#3059,#3060),
 .UNSPECIFIED.,.F.,.F.,(4,2,2,2,2,2,2,2,4),(0.,0.122503638638063,0.245007277276127,
0.367510568079154,0.490013858882181,0.612517149685208,0.735020440488235,
0.857524079126299,0.980027717764362),.UNSPECIFIED.);
#28=B_SPLINE_CURVE_WITH_KNOTS('',3,(#3061,#3062,#3063,#3064,#3065,#3066,
#3067,#3068,#3069,#3070,#3071,#3072,#3073,#3074,#3075,#3076,#3077,#3078),
 .UNSPECIFIED.,.F.,.F.,(4,2,2,2,2,2,2,2,4),(0.980027717764362,1.10253135640243,
1.22503499504049,1.34753828584352,1.47004157664654,1.59254486744957,1.7150481582526,
1.83755179689066,1.96005543552872),.UNSPECIFIED.);
#29=FACE_BOUND('',#221,.T.);
#30=FACE_BOUND('',#227,.T.);
#31=FACE_BOUND('',#230,.T.);
#32=FACE_BOUND('',#236,.T.);
#33=FACE_BOUND('',#239,.T.);
#34=FACE_BOUND('',#245,.T.);
#35=FACE_BOUND('',#248,.T.);
#36=FACE_BOUND('',#254,.T.);
#37=FACE_BOUND('',#280,.T.);
#38=FACE_BOUND('',#282,.T.);
#39=FACE_BOUND('',#283,.T.);
#40=FACE_BOUND('',#284,.T.);
#41=FACE_BOUND('',#285,.T.);
#42=FACE_BOUND('',#286,.T.);
#43=FACE_BOUND('',#287,.T.);
#44=FACE_BOUND('',#288,.T.);
#45=FACE_BOUND('',#289,.T.);
#46=FACE_BOUND('',#290,.T.);
#47=FACE_BOUND('',#293,.T.);
#48=FACE_BOUND('',#296,.T.);
#49=FACE_BOUND('',#309,.T.);
#50=FACE_BOUND('',#312,.T.);
#51=FACE_BOUND('',#314,.T.);
#52=FACE_BOUND('',#316,.T.);
#53=FACE_BOUND('',#319,.T.);
#54=FACE_BOUND('',#321,.T.);
#55=FACE_BOUND('',#323,.T.);
#56=FACE_BOUND('',#325,.T.);
#57=FACE_BOUND('',#326,.T.);
#58=FACE_BOUND('',#331,.T.);
#59=FACE_BOUND('',#332,.T.);
#60=PLANE('',#1787);
#61=PLANE('',#1791);
#62=PLANE('',#1792);
#63=PLANE('',#1793);
#64=PLANE('',#1795);
#65=PLANE('',#1796);
#66=PLANE('',#1797);
#67=PLANE('',#1798);
#68=PLANE('',#1799);
#69=PLANE('',#1801);
#70=PLANE('',#1802);
#71=PLANE('',#1804);
#72=PLANE('',#1805);
#73=PLANE('',#1806);
#74=PLANE('',#1807);
#75=PLANE('',#1808);
#76=PLANE('',#1810);
#77=PLANE('',#1811);
#78=PLANE('',#1813);
#79=PLANE('',#1814);
#80=PLANE('',#1815);
#81=PLANE('',#1816);
#82=PLANE('',#1817);
#83=PLANE('',#1819);
#84=PLANE('',#1820);
#85=PLANE('',#1822);
#86=PLANE('',#1823);
#87=PLANE('',#1824);
#88=PLANE('',#1825);
#89=PLANE('',#1826);
#90=PLANE('',#1836);
#91=PLANE('',#1837);
#92=PLANE('',#1838);
#93=PLANE('',#1839);
#94=PLANE('',#1840);
#95=PLANE('',#1841);
#96=PLANE('',#1842);
#97=PLANE('',#1843);
#98=PLANE('',#1844);
#99=PLANE('',#1845);
#100=PLANE('',#1846);
#101=PLANE('',#1847);
#102=PLANE('',#1848);
#103=PLANE('',#1849);
#104=PLANE('',#1850);
#105=PLANE('',#1851);
#106=PLANE('',#1852);
#107=PLANE('',#1853);
#108=PLANE('',#1854);
#109=PLANE('',#1862);
#110=PLANE('',#1879);
#111=PLANE('',#1882);
#112=PLANE('',#1885);
#113=PLANE('',#1886);
#114=PLANE('',#1887);
#115=PLANE('',#1888);
#116=PLANE('',#1889);
#117=PLANE('',#1890);
#118=PLANE('',#1891);
#119=PLANE('',#1895);
#120=PLANE('',#1896);
#121=PLANE('',#1897);
#122=PLANE('',#1898);
#123=PLANE('',#1899);
#124=PLANE('',#1900);
#125=PLANE('',#1901);
#126=PLANE('',#1902);
#127=FACE_OUTER_BOUND('',#215,.T.);
#128=FACE_OUTER_BOUND('',#216,.T.);
#129=FACE_OUTER_BOUND('',#217,.T.);
#130=FACE_OUTER_BOUND('',#218,.T.);
#131=FACE_OUTER_BOUND('',#219,.T.);
#132=FACE_OUTER_BOUND('',#220,.T.);
#133=FACE_OUTER_BOUND('',#222,.T.);
#134=FACE_OUTER_BOUND('',#223,.T.);
#135=FACE_OUTER_BOUND('',#224,.T.);
#136=FACE_OUTER_BOUND('',#225,.T.);
#137=FACE_OUTER_BOUND('',#226,.T.);
#138=FACE_OUTER_BOUND('',#228,.T.);
#139=FACE_OUTER_BOUND('',#229,.T.);
#140=FACE_OUTER_BOUND('',#231,.T.);
#141=FACE_OUTER_BOUND('',#232,.T.);
#142=FACE_OUTER_BOUND('',#233,.T.);
#143=FACE_OUTER_BOUND('',#234,.T.);
#144=FACE_OUTER_BOUND('',#235,.T.);
#145=FACE_OUTER_BOUND('',#237,.T.);
#146=FACE_OUTER_BOUND('',#238,.T.);
#147=FACE_OUTER_BOUND('',#240,.T.);
#148=FACE_OUTER_BOUND('',#241,.T.);
#149=FACE_OUTER_BOUND('',#242,.T.);
#150=FACE_OUTER_BOUND('',#243,.T.);
#151=FACE_OUTER_BOUND('',#244,.T.);
#152=FACE_OUTER_BOUND('',#246,.T.);
#153=FACE_OUTER_BOUND('',#247,.T.);
#154=FACE_OUTER_BOUND('',#249,.T.);
#155=FACE_OUTER_BOUND('',#250,.T.);
#156=FACE_OUTER_BOUND('',#251,.T.);
#157=FACE_OUTER_BOUND('',#252,.T.);
#158=FACE_OUTER_BOUND('',#253,.T.);
#159=FACE_OUTER_BOUND('',#255,.T.);
#160=FACE_OUTER_BOUND('',#256,.T.);
#161=FACE_OUTER_BOUND('',#257,.T.);
#162=FACE_OUTER_BOUND('',#258,.T.);
#163=FACE_OUTER_BOUND('',#259,.T.);
#164=FACE_OUTER_BOUND('',#260,.T.);
#165=FACE_OUTER_BOUND('',#261,.T.);
#166=FACE_OUTER_BOUND('',#262,.T.);
#167=FACE_OUTER_BOUND('',#263,.T.);
#168=FACE_OUTER_BOUND('',#264,.T.);
#169=FACE_OUTER_BOUND('',#265,.T.);
#170=FACE_OUTER_BOUND('',#266,.T.);
#171=FACE_OUTER_BOUND('',#267,.T.);
#172=FACE_OUTER_BOUND('',#268,.T.);
#173=FACE_OUTER_BOUND('',#269,.T.);
#174=FACE_OUTER_BOUND('',#270,.T.);
#175=FACE_OUTER_BOUND('',#271,.T.);
#176=FACE_OUTER_BOUND('',#272,.T.);
#177=FACE_OUTER_BOUND('',#273,.T.);
#178=FACE_OUTER_BOUND('',#274,.T.);
#179=FACE_OUTER_BOUND('',#275,.T.);
#180=FACE_OUTER_BOUND('',#276,.T.);
#181=FACE_OUTER_BOUND('',#277,.T.);
#182=FACE_OUTER_BOUND('',#278,.T.);
#183=FACE_OUTER_BOUND('',#279,.T.);
#184=FACE_OUTER_BOUND('',#281,.T.);
#185=FACE_OUTER_BOUND('',#291,.T.);
#186=FACE_OUTER_BOUND('',#292,.T.);
#187=FACE_OUTER_BOUND('',#294,.T.);
#188=FACE_OUTER_BOUND('',#295,.T.);
#189=FACE_OUTER_BOUND('',#297,.T.);
#190=FACE_OUTER_BOUND('',#298,.T.);
#191=FACE_OUTER_BOUND('',#299,.T.);
#192=FACE_OUTER_BOUND('',#300,.T.);
#193=FACE_OUTER_BOUND('',#301,.T.);
#194=FACE_OUTER_BOUND('',#302,.T.);
#195=FACE_OUTER_BOUND('',#303,.T.);
#196=FACE_OUTER_BOUND('',#304,.T.);
#197=FACE_OUTER_BOUND('',#305,.T.);
#198=FACE_OUTER_BOUND('',#306,.T.);
#199=FACE_OUTER_BOUND('',#307,.T.);
#200=FACE_OUTER_BOUND('',#308,.T.);
#201=FACE_OUTER_BOUND('',#310,.T.);
#202=FACE_OUTER_BOUND('',#311,.T.);
#203=FACE_OUTER_BOUND('',#313,.T.);
#204=FACE_OUTER_BOUND('',#315,.T.);
#205=FACE_OUTER_BOUND('',#317,.T.);
#206=FACE_OUTER_BOUND('',#318,.T.);
#207=FACE_OUTER_BOUND('',#320,.T.);
#208=FACE_OUTER_BOUND('',#322,.T.);
#209=FACE_OUTER_BOUND('',#324,.T.);
#210=FACE_OUTER_BOUND('',#327,.T.);
#211=FACE_OUTER_BOUND('',#328,.T.);
#212=FACE_OUTER_BOUND('',#329,.T.);
#213=FACE_OUTER_BOUND('',#330,.T.);
#214=FACE_OUTER_BOUND('',#333,.T.);
#215=EDGE_LOOP('',(#1176,#1177,#1178,#1179));
#216=EDGE_LOOP('',(#1180,#1181,#1182,#1183));
#217=EDGE_LOOP('',(#1184,#1185,#1186,#1187));
#218=EDGE_LOOP('',(#1188,#1189,#1190,#1191));
#219=EDGE_LOOP('',(#1192,#1193,#1194,#1195));
#220=EDGE_LOOP('',(#1196,#1197,#1198,#1199,#1200,#1201));
#221=EDGE_LOOP('',(#1202));
#222=EDGE_LOOP('',(#1203,#1204,#1205,#1206));
#223=EDGE_LOOP('',(#1207,#1208,#1209,#1210));
#224=EDGE_LOOP('',(#1211,#1212,#1213,#1214));
#225=EDGE_LOOP('',(#1215,#1216,#1217,#1218));
#226=EDGE_LOOP('',(#1219,#1220,#1221,#1222,#1223,#1224));
#227=EDGE_LOOP('',(#1225));
#228=EDGE_LOOP('',(#1226,#1227,#1228,#1229));
#229=EDGE_LOOP('',(#1230,#1231,#1232,#1233,#1234,#1235));
#230=EDGE_LOOP('',(#1236));
#231=EDGE_LOOP('',(#1237,#1238,#1239,#1240));
#232=EDGE_LOOP('',(#1241,#1242,#1243,#1244));
#233=EDGE_LOOP('',(#1245,#1246,#1247,#1248));
#234=EDGE_LOOP('',(#1249,#1250,#1251,#1252));
#235=EDGE_LOOP('',(#1253,#1254,#1255,#1256,#1257,#1258));
#236=EDGE_LOOP('',(#1259));
#237=EDGE_LOOP('',(#1260,#1261,#1262,#1263));
#238=EDGE_LOOP('',(#1264,#1265,#1266,#1267,#1268,#1269));
#239=EDGE_LOOP('',(#1270));
#240=EDGE_LOOP('',(#1271,#1272,#1273,#1274));
#241=EDGE_LOOP('',(#1275,#1276,#1277,#1278));
#242=EDGE_LOOP('',(#1279,#1280,#1281,#1282));
#243=EDGE_LOOP('',(#1283,#1284,#1285,#1286));
#244=EDGE_LOOP('',(#1287,#1288,#1289,#1290,#1291,#1292));
#245=EDGE_LOOP('',(#1293));
#246=EDGE_LOOP('',(#1294,#1295,#1296,#1297));
#247=EDGE_LOOP('',(#1298,#1299,#1300,#1301,#1302,#1303));
#248=EDGE_LOOP('',(#1304));
#249=EDGE_LOOP('',(#1305,#1306,#1307,#1308));
#250=EDGE_LOOP('',(#1309,#1310,#1311,#1312));
#251=EDGE_LOOP('',(#1313,#1314,#1315,#1316));
#252=EDGE_LOOP('',(#1317,#1318,#1319,#1320));
#253=EDGE_LOOP('',(#1321,#1322,#1323,#1324,#1325,#1326));
#254=EDGE_LOOP('',(#1327));
#255=EDGE_LOOP('',(#1328,#1329,#1330,#1331));
#256=EDGE_LOOP('',(#1332,#1333,#1334,#1335));
#257=EDGE_LOOP('',(#1336,#1337,#1338,#1339));
#258=EDGE_LOOP('',(#1340,#1341,#1342,#1343));
#259=EDGE_LOOP('',(#1344,#1345,#1346,#1347));
#260=EDGE_LOOP('',(#1348,#1349,#1350,#1351));
#261=EDGE_LOOP('',(#1352,#1353,#1354,#1355));
#262=EDGE_LOOP('',(#1356,#1357,#1358,#1359));
#263=EDGE_LOOP('',(#1360,#1361,#1362,#1363));
#264=EDGE_LOOP('',(#1364,#1365,#1366,#1367));
#265=EDGE_LOOP('',(#1368,#1369,#1370,#1371));
#266=EDGE_LOOP('',(#1372,#1373,#1374,#1375));
#267=EDGE_LOOP('',(#1376,#1377,#1378,#1379));
#268=EDGE_LOOP('',(#1380,#1381,#1382,#1383));
#269=EDGE_LOOP('',(#1384,#1385,#1386,#1387));
#270=EDGE_LOOP('',(#1388,#1389,#1390,#1391));
#271=EDGE_LOOP('',(#1392,#1393,#1394,#1395));
#272=EDGE_LOOP('',(#1396,#1397,#1398,#1399));
#273=EDGE_LOOP('',(#1400,#1401,#1402,#1403,#1404,#1405,#1406,#1407,#1408,
#1409,#1410,#1411,#1412,#1413,#1414));
#274=EDGE_LOOP('',(#1415,#1416,#1417,#1418,#1419,#1420,#1421,#1422,#1423));
#275=EDGE_LOOP('',(#1424,#1425,#1426,#1427));
#276=EDGE_LOOP('',(#1428,#1429,#1430,#1431));
#277=EDGE_LOOP('',(#1432,#1433,#1434,#1435,#1436,#1437,#1438,#1439,#1440,
#1441,#1442,#1443,#1444,#1445,#1446,#1447,#1448,#1449,#1450,#1451,#1452,
#1453,#1454,#1455,#1456));
#278=EDGE_LOOP('',(#1457,#1458,#1459,#1460));
#279=EDGE_LOOP('',(#1461,#1462,#1463,#1464,#1465));
#280=EDGE_LOOP('',(#1466));
#281=EDGE_LOOP('',(#1467,#1468,#1469,#1470));
#282=EDGE_LOOP('',(#1471,#1472,#1473,#1474));
#283=EDGE_LOOP('',(#1475,#1476,#1477,#1478));
#284=EDGE_LOOP('',(#1479,#1480,#1481,#1482));
#285=EDGE_LOOP('',(#1483));
#286=EDGE_LOOP('',(#1484));
#287=EDGE_LOOP('',(#1485));
#288=EDGE_LOOP('',(#1486));
#289=EDGE_LOOP('',(#1487));
#290=EDGE_LOOP('',(#1488));
#291=EDGE_LOOP('',(#1489,#1490,#1491,#1492));
#292=EDGE_LOOP('',(#1493));
#293=EDGE_LOOP('',(#1494,#1495));
#294=EDGE_LOOP('',(#1496,#1497,#1498,#1499));
#295=EDGE_LOOP('',(#1500));
#296=EDGE_LOOP('',(#1501,#1502));
#297=EDGE_LOOP('',(#1503,#1504,#1505,#1506,#1507));
#298=EDGE_LOOP('',(#1508,#1509,#1510,#1511,#1512));
#299=EDGE_LOOP('',(#1513,#1514,#1515,#1516));
#300=EDGE_LOOP('',(#1517,#1518,#1519,#1520));
#301=EDGE_LOOP('',(#1521,#1522,#1523,#1524));
#302=EDGE_LOOP('',(#1525,#1526,#1527,#1528));
#303=EDGE_LOOP('',(#1529,#1530,#1531,#1532));
#304=EDGE_LOOP('',(#1533,#1534,#1535,#1536));
#305=EDGE_LOOP('',(#1537,#1538,#1539,#1540));
#306=EDGE_LOOP('',(#1541,#1542,#1543,#1544));
#307=EDGE_LOOP('',(#1545,#1546,#1547,#1548,#1549));
#308=EDGE_LOOP('',(#1550,#1551,#1552,#1553));
#309=EDGE_LOOP('',(#1554,#1555,#1556,#1557));
#310=EDGE_LOOP('',(#1558,#1559,#1560,#1561,#1562,#1563,#1564));
#311=EDGE_LOOP('',(#1565,#1566,#1567,#1568));
#312=EDGE_LOOP('',(#1569,#1570,#1571,#1572));
#313=EDGE_LOOP('',(#1573,#1574,#1575,#1576));
#314=EDGE_LOOP('',(#1577));
#315=EDGE_LOOP('',(#1578,#1579,#1580,#1581));
#316=EDGE_LOOP('',(#1582));
#317=EDGE_LOOP('',(#1583,#1584,#1585,#1586));
#318=EDGE_LOOP('',(#1587,#1588,#1589,#1590));
#319=EDGE_LOOP('',(#1591));
#320=EDGE_LOOP('',(#1592,#1593,#1594,#1595));
#321=EDGE_LOOP('',(#1596));
#322=EDGE_LOOP('',(#1597,#1598,#1599,#1600));
#323=EDGE_LOOP('',(#1601));
#324=EDGE_LOOP('',(#1602,#1603,#1604,#1605,#1606,#1607,#1608,#1609));
#325=EDGE_LOOP('',(#1610,#1611,#1612,#1613));
#326=EDGE_LOOP('',(#1614,#1615,#1616,#1617));
#327=EDGE_LOOP('',(#1618,#1619,#1620,#1621,#1622,#1623,#1624,#1625));
#328=EDGE_LOOP('',(#1626,#1627,#1628,#1629));
#329=EDGE_LOOP('',(#1630,#1631,#1632,#1633,#1634,#1635,#1636,#1637,#1638,
#1639));
#330=EDGE_LOOP('',(#1640,#1641,#1642,#1643,#1644,#1645,#1646,#1647));
#331=EDGE_LOOP('',(#1648,#1649,#1650,#1651));
#332=EDGE_LOOP('',(#1652,#1653,#1654,#1655));
#333=EDGE_LOOP('',(#1656,#1657,#1658,#1659,#1660,#1661));
#334=CIRCLE('',#1785,3.25);
#335=CIRCLE('',#1786,3.25);
#336=CIRCLE('',#1789,3.25);
#337=CIRCLE('',#1790,3.25);
#338=CIRCLE('',#1794,3.25);
#339=CIRCLE('',#1800,3.25);
#340=CIRCLE('',#1803,3.25);
#341=CIRCLE('',#1809,3.25);
#342=CIRCLE('',#1812,3.25);
#343=CIRCLE('',#1818,3.25);
#344=CIRCLE('',#1821,3.25000000000001);
#345=CIRCLE('',#1827,3.25000000000001);
#346=CIRCLE('',#1829,3.25);
#347=CIRCLE('',#1831,3.25);
#348=CIRCLE('',#1833,3.25);
#349=CIRCLE('',#1835,3.25000000000001);
#350=CIRCLE('',#1855,34.0000005066395);
#351=CIRCLE('',#1856,34.0000005066395);
#352=CIRCLE('',#1858,34.0000005066395);
#353=CIRCLE('',#1860,34.0000005066395);
#354=CIRCLE('',#1861,34.0000005066395);
#355=CIRCLE('',#1863,3.25);
#356=CIRCLE('',#1864,3.25);
#357=CIRCLE('',#1865,3.25);
#358=CIRCLE('',#1866,3.25);
#359=CIRCLE('',#1872,3.25);
#360=CIRCLE('',#1874,3.25);
#361=CIRCLE('',#1876,3.25000000000001);
#362=CIRCLE('',#1878,3.25);
#363=CIRCLE('',#1881,3.25);
#364=CIRCLE('',#1884,3.25);
#365=CIRCLE('',#1893,34.0000005066395);
#366=CIRCLE('',#1894,34.0000005066395);
#367=LINE('',#2355,#569);
#368=LINE('',#2359,#570);
#369=LINE('',#2364,#571);
#370=LINE('',#2365,#572);
#371=LINE('',#2366,#573);
#372=LINE('',#2370,#574);
#373=LINE('',#2374,#575);
#374=LINE('',#2379,#576);
#375=LINE('',#2380,#577);
#376=LINE('',#2381,#578);
#377=LINE('',#2385,#579);
#378=LINE('',#2387,#580);
#379=LINE('',#2389,#581);
#380=LINE('',#2390,#582);
#381=LINE('',#2393,#583);
#382=LINE('',#2395,#584);
#383=LINE('',#2397,#585);
#384=LINE('',#2399,#586);
#385=LINE('',#2400,#587);
#386=LINE('',#2405,#588);
#387=LINE('',#2407,#589);
#388=LINE('',#2408,#590);
#389=LINE('',#2411,#591);
#390=LINE('',#2412,#592);
#391=LINE('',#2414,#593);
#392=LINE('',#2417,#594);
#393=LINE('',#2418,#595);
#394=LINE('',#2420,#596);
#395=LINE('',#2426,#597);
#396=LINE('',#2428,#598);
#397=LINE('',#2430,#599);
#398=LINE('',#2431,#600);
#399=LINE('',#2434,#601);
#400=LINE('',#2436,#602);
#401=LINE('',#2438,#603);
#402=LINE('',#2440,#604);
#403=LINE('',#2441,#605);
#404=LINE('',#2446,#606);
#405=LINE('',#2448,#607);
#406=LINE('',#2449,#608);
#407=LINE('',#2452,#609);
#408=LINE('',#2453,#610);
#409=LINE('',#2456,#611);
#410=LINE('',#2457,#612);
#411=LINE('',#2459,#613);
#412=LINE('',#2461,#614);
#413=LINE('',#2467,#615);
#414=LINE('',#2469,#616);
#415=LINE('',#2471,#617);
#416=LINE('',#2472,#618);
#417=LINE('',#2475,#619);
#418=LINE('',#2477,#620);
#419=LINE('',#2479,#621);
#420=LINE('',#2481,#622);
#421=LINE('',#2482,#623);
#422=LINE('',#2487,#624);
#423=LINE('',#2489,#625);
#424=LINE('',#2490,#626);
#425=LINE('',#2492,#627);
#426=LINE('',#2495,#628);
#427=LINE('',#2497,#629);
#428=LINE('',#2498,#630);
#429=LINE('',#2500,#631);
#430=LINE('',#2502,#632);
#431=LINE('',#2508,#633);
#432=LINE('',#2510,#634);
#433=LINE('',#2512,#635);
#434=LINE('',#2513,#636);
#435=LINE('',#2516,#637);
#436=LINE('',#2518,#638);
#437=LINE('',#2520,#639);
#438=LINE('',#2522,#640);
#439=LINE('',#2523,#641);
#440=LINE('',#2528,#642);
#441=LINE('',#2529,#643);
#442=LINE('',#2532,#644);
#443=LINE('',#2533,#645);
#444=LINE('',#2536,#646);
#445=LINE('',#2537,#647);
#446=LINE('',#2540,#648);
#447=LINE('',#2541,#649);
#448=LINE('',#2543,#650);
#449=LINE('',#2548,#651);
#450=LINE('',#2552,#652);
#451=LINE('',#2556,#653);
#452=LINE('',#2560,#654);
#453=LINE('',#2565,#655);
#454=LINE('',#2567,#656);
#455=LINE('',#2569,#657);
#456=LINE('',#2570,#658);
#457=LINE('',#2573,#659);
#458=LINE('',#2575,#660);
#459=LINE('',#2576,#661);
#460=LINE('',#2579,#662);
#461=LINE('',#2581,#663);
#462=LINE('',#2582,#664);
#463=LINE('',#2585,#665);
#464=LINE('',#2587,#666);
#465=LINE('',#2588,#667);
#466=LINE('',#2591,#668);
#467=LINE('',#2593,#669);
#468=LINE('',#2594,#670);
#469=LINE('',#2597,#671);
#470=LINE('',#2599,#672);
#471=LINE('',#2600,#673);
#472=LINE('',#2603,#674);
#473=LINE('',#2605,#675);
#474=LINE('',#2606,#676);
#475=LINE('',#2610,#677);
#476=LINE('',#2612,#678);
#477=LINE('',#2614,#679);
#478=LINE('',#2615,#680);
#479=LINE('',#2618,#681);
#480=LINE('',#2620,#682);
#481=LINE('',#2621,#683);
#482=LINE('',#2624,#684);
#483=LINE('',#2626,#685);
#484=LINE('',#2627,#686);
#485=LINE('',#2630,#687);
#486=LINE('',#2632,#688);
#487=LINE('',#2633,#689);
#488=LINE('',#2636,#690);
#489=LINE('',#2638,#691);
#490=LINE('',#2639,#692);
#491=LINE('',#2642,#693);
#492=LINE('',#2644,#694);
#493=LINE('',#2645,#695);
#494=LINE('',#2647,#696);
#495=LINE('',#2648,#697);
#496=LINE('',#2650,#698);
#497=LINE('',#2653,#699);
#498=LINE('',#2655,#700);
#499=LINE('',#2657,#701);
#500=LINE('',#2659,#702);
#501=LINE('',#2661,#703);
#502=LINE('',#2662,#704);
#503=LINE('',#2666,#705);
#504=LINE('',#2667,#706);
#505=LINE('',#2668,#707);
#506=LINE('',#2672,#708);
#507=LINE('',#2673,#709);
#508=LINE('',#2674,#710);
#509=LINE('',#2679,#711);
#510=LINE('',#2681,#712);
#511=LINE('',#2683,#713);
#512=LINE('',#2685,#714);
#513=LINE('',#2687,#715);
#514=LINE('',#2692,#716);
#515=LINE('',#2695,#717);
#516=LINE('',#2737,#718);
#517=LINE('',#2738,#719);
#518=LINE('',#2739,#720);
#519=LINE('',#2742,#721);
#520=LINE('',#2744,#722);
#521=LINE('',#2746,#723);
#522=LINE('',#2747,#724);
#523=LINE('',#2749,#725);
#524=LINE('',#2752,#726);
#525=LINE('',#2827,#727);
#526=LINE('',#3005,#728);
#527=LINE('',#3080,#729);
#528=LINE('',#3082,#730);
#529=LINE('',#3086,#731);
#530=LINE('',#3090,#732);
#531=LINE('',#3094,#733);
#532=LINE('',#3098,#734);
#533=LINE('',#3101,#735);
#534=LINE('',#3102,#736);
#535=LINE('',#3107,#737);
#536=LINE('',#3108,#738);
#537=LINE('',#3113,#739);
#538=LINE('',#3115,#740);
#539=LINE('',#3117,#741);
#540=LINE('',#3118,#742);
#541=LINE('',#3122,#743);
#542=LINE('',#3123,#744);
#543=LINE('',#3124,#745);
#544=LINE('',#3127,#746);
#545=LINE('',#3129,#747);
#546=LINE('',#3131,#748);
#547=LINE('',#3132,#749);
#548=LINE('',#3135,#750);
#549=LINE('',#3137,#751);
#550=LINE('',#3138,#752);
#551=LINE('',#3142,#753);
#552=LINE('',#3144,#754);
#553=LINE('',#3146,#755);
#554=LINE('',#3147,#756);
#555=LINE('',#3149,#757);
#556=LINE('',#3151,#758);
#557=LINE('',#3152,#759);
#558=LINE('',#3158,#760);
#559=LINE('',#3161,#761);
#560=LINE('',#3163,#762);
#561=LINE('',#3164,#763);
#562=LINE('',#3166,#764);
#563=LINE('',#3168,#765);
#564=LINE('',#3169,#766);
#565=LINE('',#3171,#767);
#566=LINE('',#3173,#768);
#567=LINE('',#3175,#769);
#568=LINE('',#3177,#770);
#569=VECTOR('',#1910,10.);
#570=VECTOR('',#1913,10.);
#571=VECTOR('',#1918,10.);
#572=VECTOR('',#1919,10.);
#573=VECTOR('',#1920,10.);
#574=VECTOR('',#1923,10.);
#575=VECTOR('',#1926,10.);
#576=VECTOR('',#1931,10.);
#577=VECTOR('',#1932,10.);
#578=VECTOR('',#1933,10.);
#579=VECTOR('',#1936,10.);
#580=VECTOR('',#1937,10.);
#581=VECTOR('',#1938,10.);
#582=VECTOR('',#1939,10.);
#583=VECTOR('',#1942,10.);
#584=VECTOR('',#1943,10.);
#585=VECTOR('',#1944,10.);
#586=VECTOR('',#1945,10.);
#587=VECTOR('',#1946,10.);
#588=VECTOR('',#1951,10.);
#589=VECTOR('',#1952,10.);
#590=VECTOR('',#1953,10.);
#591=VECTOR('',#1956,10.);
#592=VECTOR('',#1957,10.);
#593=VECTOR('',#1960,10.);
#594=VECTOR('',#1963,10.);
#595=VECTOR('',#1964,10.);
#596=VECTOR('',#1967,10.);
#597=VECTOR('',#1972,10.);
#598=VECTOR('',#1973,10.);
#599=VECTOR('',#1974,10.);
#600=VECTOR('',#1975,10.);
#601=VECTOR('',#1978,10.);
#602=VECTOR('',#1979,10.);
#603=VECTOR('',#1980,10.);
#604=VECTOR('',#1981,10.);
#605=VECTOR('',#1982,10.);
#606=VECTOR('',#1987,10.);
#607=VECTOR('',#1988,10.);
#608=VECTOR('',#1989,10.);
#609=VECTOR('',#1992,10.);
#610=VECTOR('',#1993,10.);
#611=VECTOR('',#1996,10.);
#612=VECTOR('',#1997,10.);
#613=VECTOR('',#2000,10.);
#614=VECTOR('',#2003,10.);
#615=VECTOR('',#2008,10.);
#616=VECTOR('',#2009,10.);
#617=VECTOR('',#2010,10.);
#618=VECTOR('',#2011,10.);
#619=VECTOR('',#2014,10.);
#620=VECTOR('',#2015,10.);
#621=VECTOR('',#2016,10.);
#622=VECTOR('',#2017,10.);
#623=VECTOR('',#2018,10.);
#624=VECTOR('',#2023,10.);
#625=VECTOR('',#2024,10.);
#626=VECTOR('',#2025,10.);
#627=VECTOR('',#2028,10.);
#628=VECTOR('',#2031,10.);
#629=VECTOR('',#2032,10.);
#630=VECTOR('',#2033,10.);
#631=VECTOR('',#2036,10.);
#632=VECTOR('',#2039,10.);
#633=VECTOR('',#2044,10.);
#634=VECTOR('',#2045,10.);
#635=VECTOR('',#2046,10.);
#636=VECTOR('',#2047,10.);
#637=VECTOR('',#2050,10.);
#638=VECTOR('',#2051,10.);
#639=VECTOR('',#2052,10.);
#640=VECTOR('',#2053,10.);
#641=VECTOR('',#2054,10.);
#642=VECTOR('',#2059,10.);
#643=VECTOR('',#2060,10.);
#644=VECTOR('',#2063,10.);
#645=VECTOR('',#2064,10.);
#646=VECTOR('',#2067,10.);
#647=VECTOR('',#2068,10.);
#648=VECTOR('',#2071,10.);
#649=VECTOR('',#2072,10.);
#650=VECTOR('',#2075,10.);
#651=VECTOR('',#2080,3.25);
#652=VECTOR('',#2085,3.25);
#653=VECTOR('',#2090,3.25);
#654=VECTOR('',#2095,3.25000000000001);
#655=VECTOR('',#2100,10.);
#656=VECTOR('',#2101,10.);
#657=VECTOR('',#2102,10.);
#658=VECTOR('',#2103,10.);
#659=VECTOR('',#2106,10.);
#660=VECTOR('',#2107,10.);
#661=VECTOR('',#2108,10.);
#662=VECTOR('',#2111,10.);
#663=VECTOR('',#2112,10.);
#664=VECTOR('',#2113,10.);
#665=VECTOR('',#2116,10.);
#666=VECTOR('',#2117,10.);
#667=VECTOR('',#2118,10.);
#668=VECTOR('',#2121,10.);
#669=VECTOR('',#2122,10.);
#670=VECTOR('',#2123,10.);
#671=VECTOR('',#2126,10.);
#672=VECTOR('',#2127,10.);
#673=VECTOR('',#2128,10.);
#674=VECTOR('',#2131,10.);
#675=VECTOR('',#2132,10.);
#676=VECTOR('',#2133,10.);
#677=VECTOR('',#2136,10.);
#678=VECTOR('',#2137,10.);
#679=VECTOR('',#2138,10.);
#680=VECTOR('',#2139,10.);
#681=VECTOR('',#2142,10.);
#682=VECTOR('',#2143,10.);
#683=VECTOR('',#2144,10.);
#684=VECTOR('',#2147,10.);
#685=VECTOR('',#2148,10.);
#686=VECTOR('',#2149,10.);
#687=VECTOR('',#2152,10.);
#688=VECTOR('',#2153,10.);
#689=VECTOR('',#2154,10.);
#690=VECTOR('',#2157,10.);
#691=VECTOR('',#2158,10.);
#692=VECTOR('',#2159,10.);
#693=VECTOR('',#2162,10.);
#694=VECTOR('',#2163,10.);
#695=VECTOR('',#2164,10.);
#696=VECTOR('',#2167,10.);
#697=VECTOR('',#2168,10.);
#698=VECTOR('',#2171,10.);
#699=VECTOR('',#2174,10.);
#700=VECTOR('',#2175,10.);
#701=VECTOR('',#2176,10.);
#702=VECTOR('',#2177,10.);
#703=VECTOR('',#2178,10.);
#704=VECTOR('',#2179,10.);
#705=VECTOR('',#2182,10.);
#706=VECTOR('',#2183,10.);
#707=VECTOR('',#2184,10.);
#708=VECTOR('',#2187,10.);
#709=VECTOR('',#2188,10.);
#710=VECTOR('',#2189,10.);
#711=VECTOR('',#2194,10.);
#712=VECTOR('',#2195,10.);
#713=VECTOR('',#2196,10.);
#714=VECTOR('',#2197,10.);
#715=VECTOR('',#2198,10.);
#716=VECTOR('',#2205,10.);
#717=VECTOR('',#2208,10.);
#718=VECTOR('',#2215,10.);
#719=VECTOR('',#2216,10.);
#720=VECTOR('',#2217,10.);
#721=VECTOR('',#2218,10.);
#722=VECTOR('',#2219,10.);
#723=VECTOR('',#2220,10.);
#724=VECTOR('',#2221,10.);
#725=VECTOR('',#2222,10.);
#726=VECTOR('',#2225,10.);
#727=VECTOR('',#2232,10.);
#728=VECTOR('',#2235,10.);
#729=VECTOR('',#2240,3.25);
#730=VECTOR('',#2243,3.25);
#731=VECTOR('',#2248,3.25);
#732=VECTOR('',#2253,3.25);
#733=VECTOR('',#2258,3.25000000000001);
#734=VECTOR('',#2263,3.25);
#735=VECTOR('',#2266,10.);
#736=VECTOR('',#2267,10.);
#737=VECTOR('',#2274,10.);
#738=VECTOR('',#2275,10.);
#739=VECTOR('',#2282,10.);
#740=VECTOR('',#2283,10.);
#741=VECTOR('',#2284,10.);
#742=VECTOR('',#2285,10.);
#743=VECTOR('',#2288,10.);
#744=VECTOR('',#2289,10.);
#745=VECTOR('',#2290,10.);
#746=VECTOR('',#2293,10.);
#747=VECTOR('',#2294,10.);
#748=VECTOR('',#2295,10.);
#749=VECTOR('',#2296,10.);
#750=VECTOR('',#2299,10.);
#751=VECTOR('',#2300,10.);
#752=VECTOR('',#2301,10.);
#753=VECTOR('',#2304,10.);
#754=VECTOR('',#2305,10.);
#755=VECTOR('',#2306,10.);
#756=VECTOR('',#2307,10.);
#757=VECTOR('',#2310,10.);
#758=VECTOR('',#2313,10.);
#759=VECTOR('',#2314,10.);
#760=VECTOR('',#2321,10.);
#761=VECTOR('',#2324,10.);
#762=VECTOR('',#2325,10.);
#763=VECTOR('',#2326,10.);
#764=VECTOR('',#2329,10.);
#765=VECTOR('',#2332,10.);
#766=VECTOR('',#2333,10.);
#767=VECTOR('',#2336,10.);
#768=VECTOR('',#2339,10.);
#769=VECTOR('',#2342,10.);
#770=VECTOR('',#2345,10.);
#771=VERTEX_POINT('',#2353);
#772=VERTEX_POINT('',#2354);
#773=VERTEX_POINT('',#2356);
#774=VERTEX_POINT('',#2358);
#775=VERTEX_POINT('',#2362);
#776=VERTEX_POINT('',#2363);
#777=VERTEX_POINT('',#2368);
#778=VERTEX_POINT('',#2369);
#779=VERTEX_POINT('',#2371);
#780=VERTEX_POINT('',#2373);
#781=VERTEX_POINT('',#2377);
#782=VERTEX_POINT('',#2378);
#783=VERTEX_POINT('',#2383);
#784=VERTEX_POINT('',#2384);
#785=VERTEX_POINT('',#2386);
#786=VERTEX_POINT('',#2388);
#787=VERTEX_POINT('',#2392);
#788=VERTEX_POINT('',#2394);
#789=VERTEX_POINT('',#2396);
#790=VERTEX_POINT('',#2398);
#791=VERTEX_POINT('',#2401);
#792=VERTEX_POINT('',#2404);
#793=VERTEX_POINT('',#2406);
#794=VERTEX_POINT('',#2410);
#795=VERTEX_POINT('',#2416);
#796=VERTEX_POINT('',#2421);
#797=VERTEX_POINT('',#2424);
#798=VERTEX_POINT('',#2425);
#799=VERTEX_POINT('',#2427);
#800=VERTEX_POINT('',#2429);
#801=VERTEX_POINT('',#2433);
#802=VERTEX_POINT('',#2435);
#803=VERTEX_POINT('',#2437);
#804=VERTEX_POINT('',#2439);
#805=VERTEX_POINT('',#2442);
#806=VERTEX_POINT('',#2445);
#807=VERTEX_POINT('',#2447);
#808=VERTEX_POINT('',#2451);
#809=VERTEX_POINT('',#2455);
#810=VERTEX_POINT('',#2462);
#811=VERTEX_POINT('',#2465);
#812=VERTEX_POINT('',#2466);
#813=VERTEX_POINT('',#2468);
#814=VERTEX_POINT('',#2470);
#815=VERTEX_POINT('',#2474);
#816=VERTEX_POINT('',#2476);
#817=VERTEX_POINT('',#2478);
#818=VERTEX_POINT('',#2480);
#819=VERTEX_POINT('',#2483);
#820=VERTEX_POINT('',#2486);
#821=VERTEX_POINT('',#2488);
#822=VERTEX_POINT('',#2494);
#823=VERTEX_POINT('',#2496);
#824=VERTEX_POINT('',#2503);
#825=VERTEX_POINT('',#2506);
#826=VERTEX_POINT('',#2507);
#827=VERTEX_POINT('',#2509);
#828=VERTEX_POINT('',#2511);
#829=VERTEX_POINT('',#2515);
#830=VERTEX_POINT('',#2517);
#831=VERTEX_POINT('',#2519);
#832=VERTEX_POINT('',#2521);
#833=VERTEX_POINT('',#2524);
#834=VERTEX_POINT('',#2527);
#835=VERTEX_POINT('',#2531);
#836=VERTEX_POINT('',#2535);
#837=VERTEX_POINT('',#2539);
#838=VERTEX_POINT('',#2544);
#839=VERTEX_POINT('',#2547);
#840=VERTEX_POINT('',#2551);
#841=VERTEX_POINT('',#2555);
#842=VERTEX_POINT('',#2559);
#843=VERTEX_POINT('',#2563);
#844=VERTEX_POINT('',#2564);
#845=VERTEX_POINT('',#2566);
#846=VERTEX_POINT('',#2568);
#847=VERTEX_POINT('',#2572);
#848=VERTEX_POINT('',#2574);
#849=VERTEX_POINT('',#2578);
#850=VERTEX_POINT('',#2580);
#851=VERTEX_POINT('',#2584);
#852=VERTEX_POINT('',#2586);
#853=VERTEX_POINT('',#2590);
#854=VERTEX_POINT('',#2592);
#855=VERTEX_POINT('',#2596);
#856=VERTEX_POINT('',#2598);
#857=VERTEX_POINT('',#2602);
#858=VERTEX_POINT('',#2604);
#859=VERTEX_POINT('',#2608);
#860=VERTEX_POINT('',#2609);
#861=VERTEX_POINT('',#2611);
#862=VERTEX_POINT('',#2613);
#863=VERTEX_POINT('',#2617);
#864=VERTEX_POINT('',#2619);
#865=VERTEX_POINT('',#2623);
#866=VERTEX_POINT('',#2625);
#867=VERTEX_POINT('',#2629);
#868=VERTEX_POINT('',#2631);
#869=VERTEX_POINT('',#2635);
#870=VERTEX_POINT('',#2637);
#871=VERTEX_POINT('',#2641);
#872=VERTEX_POINT('',#2643);
#873=VERTEX_POINT('',#2652);
#874=VERTEX_POINT('',#2654);
#875=VERTEX_POINT('',#2656);
#876=VERTEX_POINT('',#2658);
#877=VERTEX_POINT('',#2660);
#878=VERTEX_POINT('',#2664);
#879=VERTEX_POINT('',#2665);
#880=VERTEX_POINT('',#2670);
#881=VERTEX_POINT('',#2671);
#882=VERTEX_POINT('',#2676);
#883=VERTEX_POINT('',#2678);
#884=VERTEX_POINT('',#2680);
#885=VERTEX_POINT('',#2682);
#886=VERTEX_POINT('',#2684);
#887=VERTEX_POINT('',#2686);
#888=VERTEX_POINT('',#2690);
#889=VERTEX_POINT('',#2694);
#890=VERTEX_POINT('',#2696);
#891=VERTEX_POINT('',#2699);
#892=VERTEX_POINT('',#2735);
#893=VERTEX_POINT('',#2736);
#894=VERTEX_POINT('',#2740);
#895=VERTEX_POINT('',#2741);
#896=VERTEX_POINT('',#2743);
#897=VERTEX_POINT('',#2745);
#898=VERTEX_POINT('',#2748);
#899=VERTEX_POINT('',#2751);
#900=VERTEX_POINT('',#2754);
#901=VERTEX_POINT('',#2756);
#902=VERTEX_POINT('',#2826);
#903=VERTEX_POINT('',#2863);
#904=VERTEX_POINT('',#2864);
#905=VERTEX_POINT('',#2969);
#906=VERTEX_POINT('',#3004);
#907=VERTEX_POINT('',#3041);
#908=VERTEX_POINT('',#3042);
#909=VERTEX_POINT('',#3084);
#910=VERTEX_POINT('',#3088);
#911=VERTEX_POINT('',#3092);
#912=VERTEX_POINT('',#3096);
#913=VERTEX_POINT('',#3100);
#914=VERTEX_POINT('',#3106);
#915=VERTEX_POINT('',#3112);
#916=VERTEX_POINT('',#3114);
#917=VERTEX_POINT('',#3116);
#918=VERTEX_POINT('',#3120);
#919=VERTEX_POINT('',#3121);
#920=VERTEX_POINT('',#3126);
#921=VERTEX_POINT('',#3128);
#922=VERTEX_POINT('',#3130);
#923=VERTEX_POINT('',#3134);
#924=VERTEX_POINT('',#3136);
#925=VERTEX_POINT('',#3140);
#926=VERTEX_POINT('',#3141);
#927=VERTEX_POINT('',#3143);
#928=VERTEX_POINT('',#3145);
#929=VERTEX_POINT('',#3154);
#930=VERTEX_POINT('',#3156);
#931=VERTEX_POINT('',#3160);
#932=VERTEX_POINT('',#3162);
#933=EDGE_CURVE('',#771,#772,#367,.T.);
#934=EDGE_CURVE('',#773,#772,#334,.T.);
#935=EDGE_CURVE('',#774,#773,#368,.T.);
#936=EDGE_CURVE('',#771,#774,#335,.T.);
#937=EDGE_CURVE('',#775,#776,#369,.T.);
#938=EDGE_CURVE('',#772,#776,#370,.T.);
#939=EDGE_CURVE('',#775,#771,#371,.T.);
#940=EDGE_CURVE('',#777,#778,#372,.T.);
#941=EDGE_CURVE('',#779,#778,#336,.T.);
#942=EDGE_CURVE('',#780,#779,#373,.T.);
#943=EDGE_CURVE('',#777,#780,#337,.T.);
#944=EDGE_CURVE('',#781,#782,#374,.T.);
#945=EDGE_CURVE('',#778,#782,#375,.T.);
#946=EDGE_CURVE('',#781,#777,#376,.T.);
#947=EDGE_CURVE('',#783,#784,#377,.T.);
#948=EDGE_CURVE('',#783,#785,#378,.T.);
#949=EDGE_CURVE('',#786,#785,#379,.T.);
#950=EDGE_CURVE('',#786,#784,#380,.T.);
#951=EDGE_CURVE('',#784,#787,#381,.T.);
#952=EDGE_CURVE('',#788,#786,#382,.T.);
#953=EDGE_CURVE('',#789,#788,#383,.T.);
#954=EDGE_CURVE('',#790,#789,#384,.T.);
#955=EDGE_CURVE('',#787,#790,#385,.T.);
#956=EDGE_CURVE('',#791,#791,#338,.T.);
#957=EDGE_CURVE('',#789,#792,#386,.T.);
#958=EDGE_CURVE('',#792,#793,#387,.T.);
#959=EDGE_CURVE('',#790,#793,#388,.T.);
#960=EDGE_CURVE('',#788,#794,#389,.T.);
#961=EDGE_CURVE('',#794,#792,#390,.T.);
#962=EDGE_CURVE('',#785,#794,#391,.T.);
#963=EDGE_CURVE('',#787,#795,#392,.T.);
#964=EDGE_CURVE('',#793,#795,#393,.T.);
#965=EDGE_CURVE('',#795,#783,#394,.T.);
#966=EDGE_CURVE('',#796,#796,#339,.T.);
#967=EDGE_CURVE('',#797,#798,#395,.T.);
#968=EDGE_CURVE('',#797,#799,#396,.T.);
#969=EDGE_CURVE('',#800,#799,#397,.T.);
#970=EDGE_CURVE('',#798,#800,#398,.T.);
#971=EDGE_CURVE('',#798,#801,#399,.T.);
#972=EDGE_CURVE('',#800,#802,#400,.T.);
#973=EDGE_CURVE('',#802,#803,#401,.T.);
#974=EDGE_CURVE('',#803,#804,#402,.T.);
#975=EDGE_CURVE('',#804,#801,#403,.T.);
#976=EDGE_CURVE('',#805,#805,#340,.T.);
#977=EDGE_CURVE('',#801,#806,#404,.T.);
#978=EDGE_CURVE('',#804,#807,#405,.T.);
#979=EDGE_CURVE('',#807,#806,#406,.T.);
#980=EDGE_CURVE('',#803,#808,#407,.T.);
#981=EDGE_CURVE('',#808,#807,#408,.T.);
#982=EDGE_CURVE('',#802,#809,#409,.T.);
#983=EDGE_CURVE('',#809,#808,#410,.T.);
#984=EDGE_CURVE('',#799,#809,#411,.T.);
#985=EDGE_CURVE('',#806,#797,#412,.T.);
#986=EDGE_CURVE('',#810,#810,#341,.T.);
#987=EDGE_CURVE('',#811,#812,#413,.T.);
#988=EDGE_CURVE('',#811,#813,#414,.T.);
#989=EDGE_CURVE('',#814,#813,#415,.T.);
#990=EDGE_CURVE('',#814,#812,#416,.T.);
#991=EDGE_CURVE('',#812,#815,#417,.T.);
#992=EDGE_CURVE('',#816,#814,#418,.T.);
#993=EDGE_CURVE('',#817,#816,#419,.T.);
#994=EDGE_CURVE('',#818,#817,#420,.T.);
#995=EDGE_CURVE('',#815,#818,#421,.T.);
#996=EDGE_CURVE('',#819,#819,#342,.T.);
#997=EDGE_CURVE('',#816,#820,#422,.T.);
#998=EDGE_CURVE('',#820,#821,#423,.T.);
#999=EDGE_CURVE('',#817,#821,#424,.T.);
#1000=EDGE_CURVE('',#813,#820,#425,.T.);
#1001=EDGE_CURVE('',#815,#822,#426,.T.);
#1002=EDGE_CURVE('',#818,#823,#427,.T.);
#1003=EDGE_CURVE('',#823,#822,#428,.T.);
#1004=EDGE_CURVE('',#821,#823,#429,.T.);
#1005=EDGE_CURVE('',#822,#811,#430,.T.);
#1006=EDGE_CURVE('',#824,#824,#343,.T.);
#1007=EDGE_CURVE('',#825,#826,#431,.T.);
#1008=EDGE_CURVE('',#827,#825,#432,.T.);
#1009=EDGE_CURVE('',#827,#828,#433,.T.);
#1010=EDGE_CURVE('',#828,#826,#434,.T.);
#1011=EDGE_CURVE('',#826,#829,#435,.T.);
#1012=EDGE_CURVE('',#830,#828,#436,.T.);
#1013=EDGE_CURVE('',#831,#830,#437,.T.);
#1014=EDGE_CURVE('',#832,#831,#438,.T.);
#1015=EDGE_CURVE('',#829,#832,#439,.T.);
#1016=EDGE_CURVE('',#833,#833,#344,.T.);
#1017=EDGE_CURVE('',#834,#827,#440,.T.);
#1018=EDGE_CURVE('',#834,#830,#441,.T.);
#1019=EDGE_CURVE('',#835,#834,#442,.T.);
#1020=EDGE_CURVE('',#835,#831,#443,.T.);
#1021=EDGE_CURVE('',#836,#835,#444,.T.);
#1022=EDGE_CURVE('',#836,#832,#445,.T.);
#1023=EDGE_CURVE('',#829,#837,#446,.T.);
#1024=EDGE_CURVE('',#837,#836,#447,.T.);
#1025=EDGE_CURVE('',#837,#825,#448,.T.);
#1026=EDGE_CURVE('',#838,#838,#345,.T.);
#1027=EDGE_CURVE('',#796,#839,#449,.T.);
#1028=EDGE_CURVE('',#839,#839,#346,.T.);
#1029=EDGE_CURVE('',#810,#840,#450,.T.);
#1030=EDGE_CURVE('',#840,#840,#347,.T.);
#1031=EDGE_CURVE('',#824,#841,#451,.T.);
#1032=EDGE_CURVE('',#841,#841,#348,.T.);
#1033=EDGE_CURVE('',#833,#842,#452,.T.);
#1034=EDGE_CURVE('',#842,#842,#349,.T.);
#1035=EDGE_CURVE('',#843,#844,#453,.T.);
#1036=EDGE_CURVE('',#843,#845,#454,.T.);
#1037=EDGE_CURVE('',#845,#846,#455,.T.);
#1038=EDGE_CURVE('',#844,#846,#456,.T.);
#1039=EDGE_CURVE('',#847,#843,#457,.T.);
#1040=EDGE_CURVE('',#847,#848,#458,.T.);
#1041=EDGE_CURVE('',#848,#845,#459,.T.);
#1042=EDGE_CURVE('',#849,#847,#460,.T.);
#1043=EDGE_CURVE('',#849,#850,#461,.T.);
#1044=EDGE_CURVE('',#850,#848,#462,.T.);
#1045=EDGE_CURVE('',#851,#849,#463,.T.);
#1046=EDGE_CURVE('',#851,#852,#464,.T.);
#1047=EDGE_CURVE('',#852,#850,#465,.T.);
#1048=EDGE_CURVE('',#853,#851,#466,.T.);
#1049=EDGE_CURVE('',#853,#854,#467,.T.);
#1050=EDGE_CURVE('',#854,#852,#468,.T.);
#1051=EDGE_CURVE('',#855,#853,#469,.T.);
#1052=EDGE_CURVE('',#855,#856,#470,.T.);
#1053=EDGE_CURVE('',#856,#854,#471,.T.);
#1054=EDGE_CURVE('',#857,#855,#472,.T.);
#1055=EDGE_CURVE('',#858,#857,#473,.T.);
#1056=EDGE_CURVE('',#858,#856,#474,.T.);
#1057=EDGE_CURVE('',#859,#860,#475,.T.);
#1058=EDGE_CURVE('',#859,#861,#476,.T.);
#1059=EDGE_CURVE('',#861,#862,#477,.T.);
#1060=EDGE_CURVE('',#860,#862,#478,.T.);
#1061=EDGE_CURVE('',#863,#859,#479,.T.);
#1062=EDGE_CURVE('',#863,#864,#480,.T.);
#1063=EDGE_CURVE('',#864,#861,#481,.T.);
#1064=EDGE_CURVE('',#865,#863,#482,.T.);
#1065=EDGE_CURVE('',#865,#866,#483,.T.);
#1066=EDGE_CURVE('',#866,#864,#484,.T.);
#1067=EDGE_CURVE('',#867,#865,#485,.T.);
#1068=EDGE_CURVE('',#867,#868,#486,.T.);
#1069=EDGE_CURVE('',#868,#866,#487,.T.);
#1070=EDGE_CURVE('',#869,#867,#488,.T.);
#1071=EDGE_CURVE('',#869,#870,#489,.T.);
#1072=EDGE_CURVE('',#870,#868,#490,.T.);
#1073=EDGE_CURVE('',#871,#869,#491,.T.);
#1074=EDGE_CURVE('',#871,#872,#492,.T.);
#1075=EDGE_CURVE('',#872,#870,#493,.T.);
#1076=EDGE_CURVE('',#844,#871,#494,.T.);
#1077=EDGE_CURVE('',#846,#872,#495,.T.);
#1078=EDGE_CURVE('',#862,#858,#496,.T.);
#1079=EDGE_CURVE('',#873,#857,#497,.T.);
#1080=EDGE_CURVE('',#873,#874,#498,.T.);
#1081=EDGE_CURVE('',#875,#874,#499,.T.);
#1082=EDGE_CURVE('',#876,#875,#500,.T.);
#1083=EDGE_CURVE('',#877,#876,#501,.T.);
#1084=EDGE_CURVE('',#860,#877,#502,.T.);
#1085=EDGE_CURVE('',#878,#879,#503,.T.);
#1086=EDGE_CURVE('',#874,#878,#504,.T.);
#1087=EDGE_CURVE('',#879,#873,#505,.T.);
#1088=EDGE_CURVE('',#880,#881,#506,.T.);
#1089=EDGE_CURVE('',#877,#880,#507,.T.);
#1090=EDGE_CURVE('',#881,#876,#508,.T.);
#1091=EDGE_CURVE('',#880,#882,#350,.T.);
#1092=EDGE_CURVE('',#882,#883,#509,.T.);
#1093=EDGE_CURVE('',#883,#884,#510,.T.);
#1094=EDGE_CURVE('',#884,#885,#511,.T.);
#1095=EDGE_CURVE('',#885,#886,#512,.T.);
#1096=EDGE_CURVE('',#886,#887,#513,.T.);
#1097=EDGE_CURVE('',#887,#879,#351,.T.);
#1098=EDGE_CURVE('',#881,#888,#352,.T.);
#1099=EDGE_CURVE('',#888,#882,#514,.T.);
#1100=EDGE_CURVE('',#889,#887,#515,.T.);
#1101=EDGE_CURVE('',#889,#890,#353,.T.);
#1102=EDGE_CURVE('',#890,#878,#354,.T.);
#1103=EDGE_CURVE('',#891,#891,#21,.T.);
#1104=EDGE_CURVE('',#892,#893,#516,.T.);
#1105=EDGE_CURVE('',#893,#885,#517,.T.);
#1106=EDGE_CURVE('',#892,#884,#518,.T.);
#1107=EDGE_CURVE('',#894,#895,#519,.T.);
#1108=EDGE_CURVE('',#895,#896,#520,.T.);
#1109=EDGE_CURVE('',#896,#897,#521,.T.);
#1110=EDGE_CURVE('',#897,#894,#522,.T.);
#1111=EDGE_CURVE('',#898,#773,#523,.T.);
#1112=EDGE_CURVE('',#776,#898,#355,.T.);
#1113=EDGE_CURVE('',#899,#779,#524,.T.);
#1114=EDGE_CURVE('',#782,#899,#356,.T.);
#1115=EDGE_CURVE('',#900,#900,#357,.T.);
#1116=EDGE_CURVE('',#901,#901,#358,.T.);
#1117=EDGE_CURVE('',#891,#902,#525,.T.);
#1118=EDGE_CURVE('',#902,#902,#22,.T.);
#1119=EDGE_CURVE('',#903,#904,#23,.T.);
#1120=EDGE_CURVE('',#904,#903,#24,.T.);
#1121=EDGE_CURVE('',#905,#905,#25,.T.);
#1122=EDGE_CURVE('',#905,#906,#526,.T.);
#1123=EDGE_CURVE('',#906,#906,#26,.T.);
#1124=EDGE_CURVE('',#907,#908,#27,.T.);
#1125=EDGE_CURVE('',#908,#907,#28,.T.);
#1126=EDGE_CURVE('',#908,#901,#527,.T.);
#1127=EDGE_CURVE('',#904,#900,#528,.T.);
#1128=EDGE_CURVE('',#909,#909,#359,.T.);
#1129=EDGE_CURVE('',#909,#791,#529,.T.);
#1130=EDGE_CURVE('',#910,#910,#360,.T.);
#1131=EDGE_CURVE('',#910,#819,#530,.T.);
#1132=EDGE_CURVE('',#911,#911,#361,.T.);
#1133=EDGE_CURVE('',#911,#838,#531,.T.);
#1134=EDGE_CURVE('',#912,#912,#362,.T.);
#1135=EDGE_CURVE('',#912,#805,#532,.T.);
#1136=EDGE_CURVE('',#913,#899,#533,.T.);
#1137=EDGE_CURVE('',#780,#913,#534,.T.);
#1138=EDGE_CURVE('',#913,#781,#363,.T.);
#1139=EDGE_CURVE('',#914,#898,#535,.T.);
#1140=EDGE_CURVE('',#774,#914,#536,.T.);
#1141=EDGE_CURVE('',#914,#775,#364,.T.);
#1142=EDGE_CURVE('',#915,#889,#537,.T.);
#1143=EDGE_CURVE('',#916,#915,#538,.T.);
#1144=EDGE_CURVE('',#916,#917,#539,.T.);
#1145=EDGE_CURVE('',#890,#917,#540,.T.);
#1146=EDGE_CURVE('',#918,#919,#541,.T.);
#1147=EDGE_CURVE('',#917,#918,#542,.T.);
#1148=EDGE_CURVE('',#919,#916,#543,.T.);
#1149=EDGE_CURVE('',#875,#920,#544,.T.);
#1150=EDGE_CURVE('',#920,#921,#545,.T.);
#1151=EDGE_CURVE('',#922,#921,#546,.T.);
#1152=EDGE_CURVE('',#888,#922,#547,.T.);
#1153=EDGE_CURVE('',#921,#923,#548,.T.);
#1154=EDGE_CURVE('',#924,#920,#549,.T.);
#1155=EDGE_CURVE('',#923,#924,#550,.T.);
#1156=EDGE_CURVE('',#925,#926,#551,.T.);
#1157=EDGE_CURVE('',#927,#926,#552,.T.);
#1158=EDGE_CURVE('',#927,#928,#553,.T.);
#1159=EDGE_CURVE('',#928,#925,#554,.T.);
#1160=EDGE_CURVE('',#915,#886,#555,.T.);
#1161=EDGE_CURVE('',#918,#894,#556,.T.);
#1162=EDGE_CURVE('',#917,#897,#557,.T.);
#1163=EDGE_CURVE('',#929,#925,#365,.T.);
#1164=EDGE_CURVE('',#930,#928,#366,.T.);
#1165=EDGE_CURVE('',#930,#929,#558,.T.);
#1166=EDGE_CURVE('',#931,#929,#559,.T.);
#1167=EDGE_CURVE('',#930,#932,#560,.T.);
#1168=EDGE_CURVE('',#932,#931,#561,.T.);
#1169=EDGE_CURVE('',#922,#883,#562,.T.);
#1170=EDGE_CURVE('',#923,#931,#563,.T.);
#1171=EDGE_CURVE('',#932,#892,#564,.T.);
#1172=EDGE_CURVE('',#920,#896,#565,.T.);
#1173=EDGE_CURVE('',#924,#895,#566,.T.);
#1174=EDGE_CURVE('',#926,#919,#567,.T.);
#1175=EDGE_CURVE('',#893,#927,#568,.T.);
#1176=ORIENTED_EDGE('',*,*,#933,.T.);
#1177=ORIENTED_EDGE('',*,*,#934,.F.);
#1178=ORIENTED_EDGE('',*,*,#935,.F.);
#1179=ORIENTED_EDGE('',*,*,#936,.F.);
#1180=ORIENTED_EDGE('',*,*,#937,.T.);
#1181=ORIENTED_EDGE('',*,*,#938,.F.);
#1182=ORIENTED_EDGE('',*,*,#933,.F.);
#1183=ORIENTED_EDGE('',*,*,#939,.F.);
#1184=ORIENTED_EDGE('',*,*,#940,.T.);
#1185=ORIENTED_EDGE('',*,*,#941,.F.);
#1186=ORIENTED_EDGE('',*,*,#942,.F.);
#1187=ORIENTED_EDGE('',*,*,#943,.F.);
#1188=ORIENTED_EDGE('',*,*,#944,.T.);
#1189=ORIENTED_EDGE('',*,*,#945,.F.);
#1190=ORIENTED_EDGE('',*,*,#940,.F.);
#1191=ORIENTED_EDGE('',*,*,#946,.F.);
#1192=ORIENTED_EDGE('',*,*,#947,.F.);
#1193=ORIENTED_EDGE('',*,*,#948,.T.);
#1194=ORIENTED_EDGE('',*,*,#949,.F.);
#1195=ORIENTED_EDGE('',*,*,#950,.T.);
#1196=ORIENTED_EDGE('',*,*,#951,.F.);
#1197=ORIENTED_EDGE('',*,*,#950,.F.);
#1198=ORIENTED_EDGE('',*,*,#952,.F.);
#1199=ORIENTED_EDGE('',*,*,#953,.F.);
#1200=ORIENTED_EDGE('',*,*,#954,.F.);
#1201=ORIENTED_EDGE('',*,*,#955,.F.);
#1202=ORIENTED_EDGE('',*,*,#956,.F.);
#1203=ORIENTED_EDGE('',*,*,#954,.T.);
#1204=ORIENTED_EDGE('',*,*,#957,.T.);
#1205=ORIENTED_EDGE('',*,*,#958,.T.);
#1206=ORIENTED_EDGE('',*,*,#959,.F.);
#1207=ORIENTED_EDGE('',*,*,#953,.T.);
#1208=ORIENTED_EDGE('',*,*,#960,.T.);
#1209=ORIENTED_EDGE('',*,*,#961,.T.);
#1210=ORIENTED_EDGE('',*,*,#957,.F.);
#1211=ORIENTED_EDGE('',*,*,#952,.T.);
#1212=ORIENTED_EDGE('',*,*,#949,.T.);
#1213=ORIENTED_EDGE('',*,*,#962,.T.);
#1214=ORIENTED_EDGE('',*,*,#960,.F.);
#1215=ORIENTED_EDGE('',*,*,#963,.F.);
#1216=ORIENTED_EDGE('',*,*,#955,.T.);
#1217=ORIENTED_EDGE('',*,*,#959,.T.);
#1218=ORIENTED_EDGE('',*,*,#964,.T.);
#1219=ORIENTED_EDGE('',*,*,#965,.F.);
#1220=ORIENTED_EDGE('',*,*,#964,.F.);
#1221=ORIENTED_EDGE('',*,*,#958,.F.);
#1222=ORIENTED_EDGE('',*,*,#961,.F.);
#1223=ORIENTED_EDGE('',*,*,#962,.F.);
#1224=ORIENTED_EDGE('',*,*,#948,.F.);
#1225=ORIENTED_EDGE('',*,*,#966,.F.);
#1226=ORIENTED_EDGE('',*,*,#967,.F.);
#1227=ORIENTED_EDGE('',*,*,#968,.T.);
#1228=ORIENTED_EDGE('',*,*,#969,.F.);
#1229=ORIENTED_EDGE('',*,*,#970,.F.);
#1230=ORIENTED_EDGE('',*,*,#971,.F.);
#1231=ORIENTED_EDGE('',*,*,#970,.T.);
#1232=ORIENTED_EDGE('',*,*,#972,.T.);
#1233=ORIENTED_EDGE('',*,*,#973,.T.);
#1234=ORIENTED_EDGE('',*,*,#974,.T.);
#1235=ORIENTED_EDGE('',*,*,#975,.T.);
#1236=ORIENTED_EDGE('',*,*,#976,.F.);
#1237=ORIENTED_EDGE('',*,*,#977,.F.);
#1238=ORIENTED_EDGE('',*,*,#975,.F.);
#1239=ORIENTED_EDGE('',*,*,#978,.T.);
#1240=ORIENTED_EDGE('',*,*,#979,.T.);
#1241=ORIENTED_EDGE('',*,*,#974,.F.);
#1242=ORIENTED_EDGE('',*,*,#980,.T.);
#1243=ORIENTED_EDGE('',*,*,#981,.T.);
#1244=ORIENTED_EDGE('',*,*,#978,.F.);
#1245=ORIENTED_EDGE('',*,*,#973,.F.);
#1246=ORIENTED_EDGE('',*,*,#982,.T.);
#1247=ORIENTED_EDGE('',*,*,#983,.T.);
#1248=ORIENTED_EDGE('',*,*,#980,.F.);
#1249=ORIENTED_EDGE('',*,*,#972,.F.);
#1250=ORIENTED_EDGE('',*,*,#969,.T.);
#1251=ORIENTED_EDGE('',*,*,#984,.T.);
#1252=ORIENTED_EDGE('',*,*,#982,.F.);
#1253=ORIENTED_EDGE('',*,*,#985,.F.);
#1254=ORIENTED_EDGE('',*,*,#979,.F.);
#1255=ORIENTED_EDGE('',*,*,#981,.F.);
#1256=ORIENTED_EDGE('',*,*,#983,.F.);
#1257=ORIENTED_EDGE('',*,*,#984,.F.);
#1258=ORIENTED_EDGE('',*,*,#968,.F.);
#1259=ORIENTED_EDGE('',*,*,#986,.F.);
#1260=ORIENTED_EDGE('',*,*,#987,.F.);
#1261=ORIENTED_EDGE('',*,*,#988,.T.);
#1262=ORIENTED_EDGE('',*,*,#989,.F.);
#1263=ORIENTED_EDGE('',*,*,#990,.T.);
#1264=ORIENTED_EDGE('',*,*,#991,.F.);
#1265=ORIENTED_EDGE('',*,*,#990,.F.);
#1266=ORIENTED_EDGE('',*,*,#992,.F.);
#1267=ORIENTED_EDGE('',*,*,#993,.F.);
#1268=ORIENTED_EDGE('',*,*,#994,.F.);
#1269=ORIENTED_EDGE('',*,*,#995,.F.);
#1270=ORIENTED_EDGE('',*,*,#996,.F.);
#1271=ORIENTED_EDGE('',*,*,#993,.T.);
#1272=ORIENTED_EDGE('',*,*,#997,.T.);
#1273=ORIENTED_EDGE('',*,*,#998,.T.);
#1274=ORIENTED_EDGE('',*,*,#999,.F.);
#1275=ORIENTED_EDGE('',*,*,#992,.T.);
#1276=ORIENTED_EDGE('',*,*,#989,.T.);
#1277=ORIENTED_EDGE('',*,*,#1000,.T.);
#1278=ORIENTED_EDGE('',*,*,#997,.F.);
#1279=ORIENTED_EDGE('',*,*,#1001,.F.);
#1280=ORIENTED_EDGE('',*,*,#995,.T.);
#1281=ORIENTED_EDGE('',*,*,#1002,.T.);
#1282=ORIENTED_EDGE('',*,*,#1003,.T.);
#1283=ORIENTED_EDGE('',*,*,#994,.T.);
#1284=ORIENTED_EDGE('',*,*,#999,.T.);
#1285=ORIENTED_EDGE('',*,*,#1004,.T.);
#1286=ORIENTED_EDGE('',*,*,#1002,.F.);
#1287=ORIENTED_EDGE('',*,*,#1005,.F.);
#1288=ORIENTED_EDGE('',*,*,#1003,.F.);
#1289=ORIENTED_EDGE('',*,*,#1004,.F.);
#1290=ORIENTED_EDGE('',*,*,#998,.F.);
#1291=ORIENTED_EDGE('',*,*,#1000,.F.);
#1292=ORIENTED_EDGE('',*,*,#988,.F.);
#1293=ORIENTED_EDGE('',*,*,#1006,.F.);
#1294=ORIENTED_EDGE('',*,*,#1007,.F.);
#1295=ORIENTED_EDGE('',*,*,#1008,.F.);
#1296=ORIENTED_EDGE('',*,*,#1009,.T.);
#1297=ORIENTED_EDGE('',*,*,#1010,.T.);
#1298=ORIENTED_EDGE('',*,*,#1011,.F.);
#1299=ORIENTED_EDGE('',*,*,#1010,.F.);
#1300=ORIENTED_EDGE('',*,*,#1012,.F.);
#1301=ORIENTED_EDGE('',*,*,#1013,.F.);
#1302=ORIENTED_EDGE('',*,*,#1014,.F.);
#1303=ORIENTED_EDGE('',*,*,#1015,.F.);
#1304=ORIENTED_EDGE('',*,*,#1016,.F.);
#1305=ORIENTED_EDGE('',*,*,#1017,.F.);
#1306=ORIENTED_EDGE('',*,*,#1018,.T.);
#1307=ORIENTED_EDGE('',*,*,#1012,.T.);
#1308=ORIENTED_EDGE('',*,*,#1009,.F.);
#1309=ORIENTED_EDGE('',*,*,#1019,.F.);
#1310=ORIENTED_EDGE('',*,*,#1020,.T.);
#1311=ORIENTED_EDGE('',*,*,#1013,.T.);
#1312=ORIENTED_EDGE('',*,*,#1018,.F.);
#1313=ORIENTED_EDGE('',*,*,#1021,.F.);
#1314=ORIENTED_EDGE('',*,*,#1022,.T.);
#1315=ORIENTED_EDGE('',*,*,#1014,.T.);
#1316=ORIENTED_EDGE('',*,*,#1020,.F.);
#1317=ORIENTED_EDGE('',*,*,#1023,.F.);
#1318=ORIENTED_EDGE('',*,*,#1015,.T.);
#1319=ORIENTED_EDGE('',*,*,#1022,.F.);
#1320=ORIENTED_EDGE('',*,*,#1024,.F.);
#1321=ORIENTED_EDGE('',*,*,#1025,.F.);
#1322=ORIENTED_EDGE('',*,*,#1024,.T.);
#1323=ORIENTED_EDGE('',*,*,#1021,.T.);
#1324=ORIENTED_EDGE('',*,*,#1019,.T.);
#1325=ORIENTED_EDGE('',*,*,#1017,.T.);
#1326=ORIENTED_EDGE('',*,*,#1008,.T.);
#1327=ORIENTED_EDGE('',*,*,#1026,.F.);
#1328=ORIENTED_EDGE('',*,*,#966,.T.);
#1329=ORIENTED_EDGE('',*,*,#1027,.T.);
#1330=ORIENTED_EDGE('',*,*,#1028,.F.);
#1331=ORIENTED_EDGE('',*,*,#1027,.F.);
#1332=ORIENTED_EDGE('',*,*,#986,.T.);
#1333=ORIENTED_EDGE('',*,*,#1029,.T.);
#1334=ORIENTED_EDGE('',*,*,#1030,.F.);
#1335=ORIENTED_EDGE('',*,*,#1029,.F.);
#1336=ORIENTED_EDGE('',*,*,#1006,.T.);
#1337=ORIENTED_EDGE('',*,*,#1031,.T.);
#1338=ORIENTED_EDGE('',*,*,#1032,.F.);
#1339=ORIENTED_EDGE('',*,*,#1031,.F.);
#1340=ORIENTED_EDGE('',*,*,#1016,.T.);
#1341=ORIENTED_EDGE('',*,*,#1033,.T.);
#1342=ORIENTED_EDGE('',*,*,#1034,.F.);
#1343=ORIENTED_EDGE('',*,*,#1033,.F.);
#1344=ORIENTED_EDGE('',*,*,#1035,.F.);
#1345=ORIENTED_EDGE('',*,*,#1036,.T.);
#1346=ORIENTED_EDGE('',*,*,#1037,.T.);
#1347=ORIENTED_EDGE('',*,*,#1038,.F.);
#1348=ORIENTED_EDGE('',*,*,#1039,.F.);
#1349=ORIENTED_EDGE('',*,*,#1040,.T.);
#1350=ORIENTED_EDGE('',*,*,#1041,.T.);
#1351=ORIENTED_EDGE('',*,*,#1036,.F.);
#1352=ORIENTED_EDGE('',*,*,#1042,.F.);
#1353=ORIENTED_EDGE('',*,*,#1043,.T.);
#1354=ORIENTED_EDGE('',*,*,#1044,.T.);
#1355=ORIENTED_EDGE('',*,*,#1040,.F.);
#1356=ORIENTED_EDGE('',*,*,#1045,.F.);
#1357=ORIENTED_EDGE('',*,*,#1046,.T.);
#1358=ORIENTED_EDGE('',*,*,#1047,.T.);
#1359=ORIENTED_EDGE('',*,*,#1043,.F.);
#1360=ORIENTED_EDGE('',*,*,#1048,.F.);
#1361=ORIENTED_EDGE('',*,*,#1049,.T.);
#1362=ORIENTED_EDGE('',*,*,#1050,.T.);
#1363=ORIENTED_EDGE('',*,*,#1046,.F.);
#1364=ORIENTED_EDGE('',*,*,#1051,.F.);
#1365=ORIENTED_EDGE('',*,*,#1052,.T.);
#1366=ORIENTED_EDGE('',*,*,#1053,.T.);
#1367=ORIENTED_EDGE('',*,*,#1049,.F.);
#1368=ORIENTED_EDGE('',*,*,#1054,.F.);
#1369=ORIENTED_EDGE('',*,*,#1055,.F.);
#1370=ORIENTED_EDGE('',*,*,#1056,.T.);
#1371=ORIENTED_EDGE('',*,*,#1052,.F.);
#1372=ORIENTED_EDGE('',*,*,#1057,.F.);
#1373=ORIENTED_EDGE('',*,*,#1058,.T.);
#1374=ORIENTED_EDGE('',*,*,#1059,.T.);
#1375=ORIENTED_EDGE('',*,*,#1060,.F.);
#1376=ORIENTED_EDGE('',*,*,#1061,.F.);
#1377=ORIENTED_EDGE('',*,*,#1062,.T.);
#1378=ORIENTED_EDGE('',*,*,#1063,.T.);
#1379=ORIENTED_EDGE('',*,*,#1058,.F.);
#1380=ORIENTED_EDGE('',*,*,#1064,.F.);
#1381=ORIENTED_EDGE('',*,*,#1065,.T.);
#1382=ORIENTED_EDGE('',*,*,#1066,.T.);
#1383=ORIENTED_EDGE('',*,*,#1062,.F.);
#1384=ORIENTED_EDGE('',*,*,#1067,.F.);
#1385=ORIENTED_EDGE('',*,*,#1068,.T.);
#1386=ORIENTED_EDGE('',*,*,#1069,.T.);
#1387=ORIENTED_EDGE('',*,*,#1065,.F.);
#1388=ORIENTED_EDGE('',*,*,#1070,.F.);
#1389=ORIENTED_EDGE('',*,*,#1071,.T.);
#1390=ORIENTED_EDGE('',*,*,#1072,.T.);
#1391=ORIENTED_EDGE('',*,*,#1068,.F.);
#1392=ORIENTED_EDGE('',*,*,#1073,.F.);
#1393=ORIENTED_EDGE('',*,*,#1074,.T.);
#1394=ORIENTED_EDGE('',*,*,#1075,.T.);
#1395=ORIENTED_EDGE('',*,*,#1071,.F.);
#1396=ORIENTED_EDGE('',*,*,#1076,.F.);
#1397=ORIENTED_EDGE('',*,*,#1038,.T.);
#1398=ORIENTED_EDGE('',*,*,#1077,.T.);
#1399=ORIENTED_EDGE('',*,*,#1074,.F.);
#1400=ORIENTED_EDGE('',*,*,#1037,.F.);
#1401=ORIENTED_EDGE('',*,*,#1041,.F.);
#1402=ORIENTED_EDGE('',*,*,#1044,.F.);
#1403=ORIENTED_EDGE('',*,*,#1047,.F.);
#1404=ORIENTED_EDGE('',*,*,#1050,.F.);
#1405=ORIENTED_EDGE('',*,*,#1053,.F.);
#1406=ORIENTED_EDGE('',*,*,#1056,.F.);
#1407=ORIENTED_EDGE('',*,*,#1078,.F.);
#1408=ORIENTED_EDGE('',*,*,#1059,.F.);
#1409=ORIENTED_EDGE('',*,*,#1063,.F.);
#1410=ORIENTED_EDGE('',*,*,#1066,.F.);
#1411=ORIENTED_EDGE('',*,*,#1069,.F.);
#1412=ORIENTED_EDGE('',*,*,#1072,.F.);
#1413=ORIENTED_EDGE('',*,*,#1075,.F.);
#1414=ORIENTED_EDGE('',*,*,#1077,.F.);
#1415=ORIENTED_EDGE('',*,*,#1060,.T.);
#1416=ORIENTED_EDGE('',*,*,#1078,.T.);
#1417=ORIENTED_EDGE('',*,*,#1055,.T.);
#1418=ORIENTED_EDGE('',*,*,#1079,.F.);
#1419=ORIENTED_EDGE('',*,*,#1080,.T.);
#1420=ORIENTED_EDGE('',*,*,#1081,.F.);
#1421=ORIENTED_EDGE('',*,*,#1082,.F.);
#1422=ORIENTED_EDGE('',*,*,#1083,.F.);
#1423=ORIENTED_EDGE('',*,*,#1084,.F.);
#1424=ORIENTED_EDGE('',*,*,#1085,.F.);
#1425=ORIENTED_EDGE('',*,*,#1086,.F.);
#1426=ORIENTED_EDGE('',*,*,#1080,.F.);
#1427=ORIENTED_EDGE('',*,*,#1087,.F.);
#1428=ORIENTED_EDGE('',*,*,#1088,.F.);
#1429=ORIENTED_EDGE('',*,*,#1089,.F.);
#1430=ORIENTED_EDGE('',*,*,#1083,.T.);
#1431=ORIENTED_EDGE('',*,*,#1090,.F.);
#1432=ORIENTED_EDGE('',*,*,#1076,.T.);
#1433=ORIENTED_EDGE('',*,*,#1073,.T.);
#1434=ORIENTED_EDGE('',*,*,#1070,.T.);
#1435=ORIENTED_EDGE('',*,*,#1067,.T.);
#1436=ORIENTED_EDGE('',*,*,#1064,.T.);
#1437=ORIENTED_EDGE('',*,*,#1061,.T.);
#1438=ORIENTED_EDGE('',*,*,#1057,.T.);
#1439=ORIENTED_EDGE('',*,*,#1084,.T.);
#1440=ORIENTED_EDGE('',*,*,#1089,.T.);
#1441=ORIENTED_EDGE('',*,*,#1091,.T.);
#1442=ORIENTED_EDGE('',*,*,#1092,.T.);
#1443=ORIENTED_EDGE('',*,*,#1093,.T.);
#1444=ORIENTED_EDGE('',*,*,#1094,.T.);
#1445=ORIENTED_EDGE('',*,*,#1095,.T.);
#1446=ORIENTED_EDGE('',*,*,#1096,.T.);
#1447=ORIENTED_EDGE('',*,*,#1097,.T.);
#1448=ORIENTED_EDGE('',*,*,#1087,.T.);
#1449=ORIENTED_EDGE('',*,*,#1079,.T.);
#1450=ORIENTED_EDGE('',*,*,#1054,.T.);
#1451=ORIENTED_EDGE('',*,*,#1051,.T.);
#1452=ORIENTED_EDGE('',*,*,#1048,.T.);
#1453=ORIENTED_EDGE('',*,*,#1045,.T.);
#1454=ORIENTED_EDGE('',*,*,#1042,.T.);
#1455=ORIENTED_EDGE('',*,*,#1039,.T.);
#1456=ORIENTED_EDGE('',*,*,#1035,.T.);
#1457=ORIENTED_EDGE('',*,*,#1088,.T.);
#1458=ORIENTED_EDGE('',*,*,#1098,.T.);
#1459=ORIENTED_EDGE('',*,*,#1099,.T.);
#1460=ORIENTED_EDGE('',*,*,#1091,.F.);
#1461=ORIENTED_EDGE('',*,*,#1085,.T.);
#1462=ORIENTED_EDGE('',*,*,#1097,.F.);
#1463=ORIENTED_EDGE('',*,*,#1100,.F.);
#1464=ORIENTED_EDGE('',*,*,#1101,.T.);
#1465=ORIENTED_EDGE('',*,*,#1102,.T.);
#1466=ORIENTED_EDGE('',*,*,#1103,.T.);
#1467=ORIENTED_EDGE('',*,*,#1104,.T.);
#1468=ORIENTED_EDGE('',*,*,#1105,.T.);
#1469=ORIENTED_EDGE('',*,*,#1094,.F.);
#1470=ORIENTED_EDGE('',*,*,#1106,.F.);
#1471=ORIENTED_EDGE('',*,*,#1107,.T.);
#1472=ORIENTED_EDGE('',*,*,#1108,.T.);
#1473=ORIENTED_EDGE('',*,*,#1109,.T.);
#1474=ORIENTED_EDGE('',*,*,#1110,.T.);
#1475=ORIENTED_EDGE('',*,*,#1111,.T.);
#1476=ORIENTED_EDGE('',*,*,#934,.T.);
#1477=ORIENTED_EDGE('',*,*,#938,.T.);
#1478=ORIENTED_EDGE('',*,*,#1112,.T.);
#1479=ORIENTED_EDGE('',*,*,#1113,.T.);
#1480=ORIENTED_EDGE('',*,*,#941,.T.);
#1481=ORIENTED_EDGE('',*,*,#945,.T.);
#1482=ORIENTED_EDGE('',*,*,#1114,.T.);
#1483=ORIENTED_EDGE('',*,*,#1030,.T.);
#1484=ORIENTED_EDGE('',*,*,#1034,.T.);
#1485=ORIENTED_EDGE('',*,*,#1032,.T.);
#1486=ORIENTED_EDGE('',*,*,#1028,.T.);
#1487=ORIENTED_EDGE('',*,*,#1115,.T.);
#1488=ORIENTED_EDGE('',*,*,#1116,.T.);
#1489=ORIENTED_EDGE('',*,*,#1103,.F.);
#1490=ORIENTED_EDGE('',*,*,#1117,.T.);
#1491=ORIENTED_EDGE('',*,*,#1118,.T.);
#1492=ORIENTED_EDGE('',*,*,#1117,.F.);
#1493=ORIENTED_EDGE('',*,*,#1118,.F.);
#1494=ORIENTED_EDGE('',*,*,#1119,.F.);
#1495=ORIENTED_EDGE('',*,*,#1120,.F.);
#1496=ORIENTED_EDGE('',*,*,#1121,.F.);
#1497=ORIENTED_EDGE('',*,*,#1122,.T.);
#1498=ORIENTED_EDGE('',*,*,#1123,.T.);
#1499=ORIENTED_EDGE('',*,*,#1122,.F.);
#1500=ORIENTED_EDGE('',*,*,#1123,.F.);
#1501=ORIENTED_EDGE('',*,*,#1124,.F.);
#1502=ORIENTED_EDGE('',*,*,#1125,.F.);
#1503=ORIENTED_EDGE('',*,*,#1124,.T.);
#1504=ORIENTED_EDGE('',*,*,#1126,.T.);
#1505=ORIENTED_EDGE('',*,*,#1116,.F.);
#1506=ORIENTED_EDGE('',*,*,#1126,.F.);
#1507=ORIENTED_EDGE('',*,*,#1125,.T.);
#1508=ORIENTED_EDGE('',*,*,#1119,.T.);
#1509=ORIENTED_EDGE('',*,*,#1127,.T.);
#1510=ORIENTED_EDGE('',*,*,#1115,.F.);
#1511=ORIENTED_EDGE('',*,*,#1127,.F.);
#1512=ORIENTED_EDGE('',*,*,#1120,.T.);
#1513=ORIENTED_EDGE('',*,*,#1128,.F.);
#1514=ORIENTED_EDGE('',*,*,#1129,.T.);
#1515=ORIENTED_EDGE('',*,*,#956,.T.);
#1516=ORIENTED_EDGE('',*,*,#1129,.F.);
#1517=ORIENTED_EDGE('',*,*,#1130,.F.);
#1518=ORIENTED_EDGE('',*,*,#1131,.T.);
#1519=ORIENTED_EDGE('',*,*,#996,.T.);
#1520=ORIENTED_EDGE('',*,*,#1131,.F.);
#1521=ORIENTED_EDGE('',*,*,#1132,.F.);
#1522=ORIENTED_EDGE('',*,*,#1133,.T.);
#1523=ORIENTED_EDGE('',*,*,#1026,.T.);
#1524=ORIENTED_EDGE('',*,*,#1133,.F.);
#1525=ORIENTED_EDGE('',*,*,#1134,.F.);
#1526=ORIENTED_EDGE('',*,*,#1135,.T.);
#1527=ORIENTED_EDGE('',*,*,#976,.T.);
#1528=ORIENTED_EDGE('',*,*,#1135,.F.);
#1529=ORIENTED_EDGE('',*,*,#942,.T.);
#1530=ORIENTED_EDGE('',*,*,#1113,.F.);
#1531=ORIENTED_EDGE('',*,*,#1136,.F.);
#1532=ORIENTED_EDGE('',*,*,#1137,.F.);
#1533=ORIENTED_EDGE('',*,*,#1136,.T.);
#1534=ORIENTED_EDGE('',*,*,#1114,.F.);
#1535=ORIENTED_EDGE('',*,*,#944,.F.);
#1536=ORIENTED_EDGE('',*,*,#1138,.F.);
#1537=ORIENTED_EDGE('',*,*,#935,.T.);
#1538=ORIENTED_EDGE('',*,*,#1111,.F.);
#1539=ORIENTED_EDGE('',*,*,#1139,.F.);
#1540=ORIENTED_EDGE('',*,*,#1140,.F.);
#1541=ORIENTED_EDGE('',*,*,#1139,.T.);
#1542=ORIENTED_EDGE('',*,*,#1112,.F.);
#1543=ORIENTED_EDGE('',*,*,#937,.F.);
#1544=ORIENTED_EDGE('',*,*,#1141,.F.);
#1545=ORIENTED_EDGE('',*,*,#1101,.F.);
#1546=ORIENTED_EDGE('',*,*,#1142,.F.);
#1547=ORIENTED_EDGE('',*,*,#1143,.F.);
#1548=ORIENTED_EDGE('',*,*,#1144,.T.);
#1549=ORIENTED_EDGE('',*,*,#1145,.F.);
#1550=ORIENTED_EDGE('',*,*,#1146,.F.);
#1551=ORIENTED_EDGE('',*,*,#1147,.F.);
#1552=ORIENTED_EDGE('',*,*,#1144,.F.);
#1553=ORIENTED_EDGE('',*,*,#1148,.F.);
#1554=ORIENTED_EDGE('',*,*,#939,.T.);
#1555=ORIENTED_EDGE('',*,*,#936,.T.);
#1556=ORIENTED_EDGE('',*,*,#1140,.T.);
#1557=ORIENTED_EDGE('',*,*,#1141,.T.);
#1558=ORIENTED_EDGE('',*,*,#1082,.T.);
#1559=ORIENTED_EDGE('',*,*,#1149,.T.);
#1560=ORIENTED_EDGE('',*,*,#1150,.T.);
#1561=ORIENTED_EDGE('',*,*,#1151,.F.);
#1562=ORIENTED_EDGE('',*,*,#1152,.F.);
#1563=ORIENTED_EDGE('',*,*,#1098,.F.);
#1564=ORIENTED_EDGE('',*,*,#1090,.T.);
#1565=ORIENTED_EDGE('',*,*,#1153,.F.);
#1566=ORIENTED_EDGE('',*,*,#1150,.F.);
#1567=ORIENTED_EDGE('',*,*,#1154,.F.);
#1568=ORIENTED_EDGE('',*,*,#1155,.F.);
#1569=ORIENTED_EDGE('',*,*,#946,.T.);
#1570=ORIENTED_EDGE('',*,*,#943,.T.);
#1571=ORIENTED_EDGE('',*,*,#1137,.T.);
#1572=ORIENTED_EDGE('',*,*,#1138,.T.);
#1573=ORIENTED_EDGE('',*,*,#1156,.T.);
#1574=ORIENTED_EDGE('',*,*,#1157,.F.);
#1575=ORIENTED_EDGE('',*,*,#1158,.T.);
#1576=ORIENTED_EDGE('',*,*,#1159,.T.);
#1577=ORIENTED_EDGE('',*,*,#1130,.T.);
#1578=ORIENTED_EDGE('',*,*,#1142,.T.);
#1579=ORIENTED_EDGE('',*,*,#1100,.T.);
#1580=ORIENTED_EDGE('',*,*,#1096,.F.);
#1581=ORIENTED_EDGE('',*,*,#1160,.F.);
#1582=ORIENTED_EDGE('',*,*,#1128,.T.);
#1583=ORIENTED_EDGE('',*,*,#1147,.T.);
#1584=ORIENTED_EDGE('',*,*,#1161,.T.);
#1585=ORIENTED_EDGE('',*,*,#1110,.F.);
#1586=ORIENTED_EDGE('',*,*,#1162,.F.);
#1587=ORIENTED_EDGE('',*,*,#1163,.T.);
#1588=ORIENTED_EDGE('',*,*,#1159,.F.);
#1589=ORIENTED_EDGE('',*,*,#1164,.F.);
#1590=ORIENTED_EDGE('',*,*,#1165,.T.);
#1591=ORIENTED_EDGE('',*,*,#1121,.T.);
#1592=ORIENTED_EDGE('',*,*,#1166,.T.);
#1593=ORIENTED_EDGE('',*,*,#1165,.F.);
#1594=ORIENTED_EDGE('',*,*,#1167,.T.);
#1595=ORIENTED_EDGE('',*,*,#1168,.T.);
#1596=ORIENTED_EDGE('',*,*,#1134,.T.);
#1597=ORIENTED_EDGE('',*,*,#1152,.T.);
#1598=ORIENTED_EDGE('',*,*,#1169,.T.);
#1599=ORIENTED_EDGE('',*,*,#1092,.F.);
#1600=ORIENTED_EDGE('',*,*,#1099,.F.);
#1601=ORIENTED_EDGE('',*,*,#1132,.T.);
#1602=ORIENTED_EDGE('',*,*,#1151,.T.);
#1603=ORIENTED_EDGE('',*,*,#1153,.T.);
#1604=ORIENTED_EDGE('',*,*,#1170,.T.);
#1605=ORIENTED_EDGE('',*,*,#1168,.F.);
#1606=ORIENTED_EDGE('',*,*,#1171,.T.);
#1607=ORIENTED_EDGE('',*,*,#1106,.T.);
#1608=ORIENTED_EDGE('',*,*,#1093,.F.);
#1609=ORIENTED_EDGE('',*,*,#1169,.F.);
#1610=ORIENTED_EDGE('',*,*,#977,.T.);
#1611=ORIENTED_EDGE('',*,*,#985,.T.);
#1612=ORIENTED_EDGE('',*,*,#967,.T.);
#1613=ORIENTED_EDGE('',*,*,#971,.T.);
#1614=ORIENTED_EDGE('',*,*,#1023,.T.);
#1615=ORIENTED_EDGE('',*,*,#1025,.T.);
#1616=ORIENTED_EDGE('',*,*,#1007,.T.);
#1617=ORIENTED_EDGE('',*,*,#1011,.T.);
#1618=ORIENTED_EDGE('',*,*,#1086,.T.);
#1619=ORIENTED_EDGE('',*,*,#1102,.F.);
#1620=ORIENTED_EDGE('',*,*,#1145,.T.);
#1621=ORIENTED_EDGE('',*,*,#1162,.T.);
#1622=ORIENTED_EDGE('',*,*,#1109,.F.);
#1623=ORIENTED_EDGE('',*,*,#1172,.F.);
#1624=ORIENTED_EDGE('',*,*,#1149,.F.);
#1625=ORIENTED_EDGE('',*,*,#1081,.T.);
#1626=ORIENTED_EDGE('',*,*,#1154,.T.);
#1627=ORIENTED_EDGE('',*,*,#1172,.T.);
#1628=ORIENTED_EDGE('',*,*,#1108,.F.);
#1629=ORIENTED_EDGE('',*,*,#1173,.F.);
#1630=ORIENTED_EDGE('',*,*,#1163,.F.);
#1631=ORIENTED_EDGE('',*,*,#1166,.F.);
#1632=ORIENTED_EDGE('',*,*,#1170,.F.);
#1633=ORIENTED_EDGE('',*,*,#1155,.T.);
#1634=ORIENTED_EDGE('',*,*,#1173,.T.);
#1635=ORIENTED_EDGE('',*,*,#1107,.F.);
#1636=ORIENTED_EDGE('',*,*,#1161,.F.);
#1637=ORIENTED_EDGE('',*,*,#1146,.T.);
#1638=ORIENTED_EDGE('',*,*,#1174,.F.);
#1639=ORIENTED_EDGE('',*,*,#1156,.F.);
#1640=ORIENTED_EDGE('',*,*,#1143,.T.);
#1641=ORIENTED_EDGE('',*,*,#1160,.T.);
#1642=ORIENTED_EDGE('',*,*,#1095,.F.);
#1643=ORIENTED_EDGE('',*,*,#1105,.F.);
#1644=ORIENTED_EDGE('',*,*,#1175,.T.);
#1645=ORIENTED_EDGE('',*,*,#1157,.T.);
#1646=ORIENTED_EDGE('',*,*,#1174,.T.);
#1647=ORIENTED_EDGE('',*,*,#1148,.T.);
#1648=ORIENTED_EDGE('',*,*,#963,.T.);
#1649=ORIENTED_EDGE('',*,*,#965,.T.);
#1650=ORIENTED_EDGE('',*,*,#947,.T.);
#1651=ORIENTED_EDGE('',*,*,#951,.T.);
#1652=ORIENTED_EDGE('',*,*,#1001,.T.);
#1653=ORIENTED_EDGE('',*,*,#1005,.T.);
#1654=ORIENTED_EDGE('',*,*,#987,.T.);
#1655=ORIENTED_EDGE('',*,*,#991,.T.);
#1656=ORIENTED_EDGE('',*,*,#1167,.F.);
#1657=ORIENTED_EDGE('',*,*,#1164,.T.);
#1658=ORIENTED_EDGE('',*,*,#1158,.F.);
#1659=ORIENTED_EDGE('',*,*,#1175,.F.);
#1660=ORIENTED_EDGE('',*,*,#1104,.F.);
#1661=ORIENTED_EDGE('',*,*,#1171,.F.);
#1662=CYLINDRICAL_SURFACE('',#1784,3.25);
#1663=CYLINDRICAL_SURFACE('',#1788,3.25);
#1664=CYLINDRICAL_SURFACE('',#1828,3.25);
#1665=CYLINDRICAL_SURFACE('',#1830,3.25);
#1666=CYLINDRICAL_SURFACE('',#1832,3.25);
#1667=CYLINDRICAL_SURFACE('',#1834,3.25000000000001);
#1668=CYLINDRICAL_SURFACE('',#1857,34.0000005066395);
#1669=CYLINDRICAL_SURFACE('',#1859,34.0000005066395);
#1670=CYLINDRICAL_SURFACE('',#1867,34.0000005066395);
#1671=CYLINDRICAL_SURFACE('',#1868,34.0000005066395);
#1672=CYLINDRICAL_SURFACE('',#1869,3.25);
#1673=CYLINDRICAL_SURFACE('',#1870,3.25);
#1674=CYLINDRICAL_SURFACE('',#1871,3.25);
#1675=CYLINDRICAL_SURFACE('',#1873,3.25);
#1676=CYLINDRICAL_SURFACE('',#1875,3.25000000000001);
#1677=CYLINDRICAL_SURFACE('',#1877,3.25);
#1678=CYLINDRICAL_SURFACE('',#1880,3.25);
#1679=CYLINDRICAL_SURFACE('',#1883,3.25);
#1680=CYLINDRICAL_SURFACE('',#1892,34.0000005066395);
#1681=ADVANCED_FACE('',(#127),#1662,.F.);
#1682=ADVANCED_FACE('',(#128),#60,.F.);
#1683=ADVANCED_FACE('',(#129),#1663,.F.);
#1684=ADVANCED_FACE('',(#130),#61,.F.);
#1685=ADVANCED_FACE('',(#131),#62,.F.);
#1686=ADVANCED_FACE('',(#132,#29),#63,.F.);
#1687=ADVANCED_FACE('',(#133),#64,.F.);
#1688=ADVANCED_FACE('',(#134),#65,.F.);
#1689=ADVANCED_FACE('',(#135),#66,.F.);
#1690=ADVANCED_FACE('',(#136),#67,.F.);
#1691=ADVANCED_FACE('',(#137,#30),#68,.F.);
#1692=ADVANCED_FACE('',(#138),#69,.F.);
#1693=ADVANCED_FACE('',(#139,#31),#70,.F.);
#1694=ADVANCED_FACE('',(#140),#71,.F.);
#1695=ADVANCED_FACE('',(#141),#72,.F.);
#1696=ADVANCED_FACE('',(#142),#73,.F.);
#1697=ADVANCED_FACE('',(#143),#74,.F.);
#1698=ADVANCED_FACE('',(#144,#32),#75,.F.);
#1699=ADVANCED_FACE('',(#145),#76,.F.);
#1700=ADVANCED_FACE('',(#146,#33),#77,.F.);
#1701=ADVANCED_FACE('',(#147),#78,.F.);
#1702=ADVANCED_FACE('',(#148),#79,.F.);
#1703=ADVANCED_FACE('',(#149),#80,.F.);
#1704=ADVANCED_FACE('',(#150),#81,.F.);
#1705=ADVANCED_FACE('',(#151,#34),#82,.F.);
#1706=ADVANCED_FACE('',(#152),#83,.F.);
#1707=ADVANCED_FACE('',(#153,#35),#84,.F.);
#1708=ADVANCED_FACE('',(#154),#85,.F.);
#1709=ADVANCED_FACE('',(#155),#86,.F.);
#1710=ADVANCED_FACE('',(#156),#87,.F.);
#1711=ADVANCED_FACE('',(#157),#88,.F.);
#1712=ADVANCED_FACE('',(#158,#36),#89,.F.);
#1713=ADVANCED_FACE('',(#159),#1664,.F.);
#1714=ADVANCED_FACE('',(#160),#1665,.F.);
#1715=ADVANCED_FACE('',(#161),#1666,.F.);
#1716=ADVANCED_FACE('',(#162),#1667,.F.);
#1717=ADVANCED_FACE('',(#163),#90,.F.);
#1718=ADVANCED_FACE('',(#164),#91,.F.);
#1719=ADVANCED_FACE('',(#165),#92,.F.);
#1720=ADVANCED_FACE('',(#166),#93,.F.);
#1721=ADVANCED_FACE('',(#167),#94,.F.);
#1722=ADVANCED_FACE('',(#168),#95,.F.);
#1723=ADVANCED_FACE('',(#169),#96,.F.);
#1724=ADVANCED_FACE('',(#170),#97,.F.);
#1725=ADVANCED_FACE('',(#171),#98,.F.);
#1726=ADVANCED_FACE('',(#172),#99,.F.);
#1727=ADVANCED_FACE('',(#173),#100,.F.);
#1728=ADVANCED_FACE('',(#174),#101,.F.);
#1729=ADVANCED_FACE('',(#175),#102,.F.);
#1730=ADVANCED_FACE('',(#176),#103,.F.);
#1731=ADVANCED_FACE('',(#177),#104,.T.);
#1732=ADVANCED_FACE('',(#178),#105,.F.);
#1733=ADVANCED_FACE('',(#179),#106,.F.);
#1734=ADVANCED_FACE('',(#180),#107,.F.);
#1735=ADVANCED_FACE('',(#181),#108,.T.);
#1736=ADVANCED_FACE('',(#182),#1668,.F.);
#1737=ADVANCED_FACE('',(#183,#37),#1669,.F.);
#1738=ADVANCED_FACE('',(#184,#38,#39,#40,#41,#42,#43,#44,#45,#46),#109,
 .T.);
#1739=ADVANCED_FACE('',(#185),#19,.F.);
#1740=ADVANCED_FACE('',(#186,#47),#1670,.F.);
#1741=ADVANCED_FACE('',(#187),#20,.F.);
#1742=ADVANCED_FACE('',(#188,#48),#1671,.F.);
#1743=ADVANCED_FACE('',(#189),#1672,.F.);
#1744=ADVANCED_FACE('',(#190),#1673,.F.);
#1745=ADVANCED_FACE('',(#191),#1674,.F.);
#1746=ADVANCED_FACE('',(#192),#1675,.F.);
#1747=ADVANCED_FACE('',(#193),#1676,.F.);
#1748=ADVANCED_FACE('',(#194),#1677,.F.);
#1749=ADVANCED_FACE('',(#195),#110,.F.);
#1750=ADVANCED_FACE('',(#196),#1678,.F.);
#1751=ADVANCED_FACE('',(#197),#111,.F.);
#1752=ADVANCED_FACE('',(#198),#1679,.F.);
#1753=ADVANCED_FACE('',(#199),#112,.F.);
#1754=ADVANCED_FACE('',(#200,#49),#113,.F.);
#1755=ADVANCED_FACE('',(#201),#114,.F.);
#1756=ADVANCED_FACE('',(#202,#50),#115,.F.);
#1757=ADVANCED_FACE('',(#203,#51),#116,.T.);
#1758=ADVANCED_FACE('',(#204,#52),#117,.T.);
#1759=ADVANCED_FACE('',(#205),#118,.F.);
#1760=ADVANCED_FACE('',(#206,#53),#1680,.F.);
#1761=ADVANCED_FACE('',(#207,#54),#119,.T.);
#1762=ADVANCED_FACE('',(#208,#55),#120,.T.);
#1763=ADVANCED_FACE('',(#209,#56,#57),#121,.T.);
#1764=ADVANCED_FACE('',(#210),#122,.F.);
#1765=ADVANCED_FACE('',(#211),#123,.F.);
#1766=ADVANCED_FACE('',(#212),#124,.F.);
#1767=ADVANCED_FACE('',(#213,#58,#59),#125,.T.);
#1768=ADVANCED_FACE('',(#214),#126,.F.);
#1769=CLOSED_SHELL('',(#1681,#1682,#1683,#1684,#1685,#1686,#1687,#1688,
#1689,#1690,#1691,#1692,#1693,#1694,#1695,#1696,#1697,#1698,#1699,#1700,
#1701,#1702,#1703,#1704,#1705,#1706,#1707,#1708,#1709,#1710,#1711,#1712,
#1713,#1714,#1715,#1716,#1717,#1718,#1719,#1720,#1721,#1722,#1723,#1724,
#1725,#1726,#1727,#1728,#1729,#1730,#1731,#1732,#1733,#1734,#1735,#1736,
#1737,#1738,#1739,#1740,#1741,#1742,#1743,#1744,#1745,#1746,#1747,#1748,
#1749,#1750,#1751,#1752,#1753,#1754,#1755,#1756,#1757,#1758,#1759,#1760,
#1761,#1762,#1763,#1764,#1765,#1766,#1767,#1768));
#1770=DERIVED_UNIT_ELEMENT(#1772,1.);
#1771=DERIVED_UNIT_ELEMENT(#3187,-3.);
#1772=(
MASS_UNIT()
NAMED_UNIT(*)
SI_UNIT(.KILO.,.GRAM.)
);
#1773=DERIVED_UNIT((#1770,#1771));
#1774=MEASURE_REPRESENTATION_ITEM('density measure',
POSITIVE_RATIO_MEASURE(7850.),#1773);
#1775=PROPERTY_DEFINITION_REPRESENTATION(#1780,#1777);
#1776=PROPERTY_DEFINITION_REPRESENTATION(#1781,#1778);
#1777=REPRESENTATION('material name',(#1779),#3184);
#1778=REPRESENTATION('density',(#1774),#3184);
#1779=DESCRIPTIVE_REPRESENTATION_ITEM('Steel','Steel');
#1780=PROPERTY_DEFINITION('material property','material name',#3199);
#1781=PROPERTY_DEFINITION('material property','density of part',#3199);
#1782=AXIS2_PLACEMENT_3D('',#2350,#1904,#1905);
#1783=AXIS2_PLACEMENT_3D('',#2351,#1906,#1907);
#1784=AXIS2_PLACEMENT_3D('',#2352,#1908,#1909);
#1785=AXIS2_PLACEMENT_3D('',#2357,#1911,#1912);
#1786=AXIS2_PLACEMENT_3D('',#2360,#1914,#1915);
#1787=AXIS2_PLACEMENT_3D('',#2361,#1916,#1917);
#1788=AXIS2_PLACEMENT_3D('',#2367,#1921,#1922);
#1789=AXIS2_PLACEMENT_3D('',#2372,#1924,#1925);
#1790=AXIS2_PLACEMENT_3D('',#2375,#1927,#1928);
#1791=AXIS2_PLACEMENT_3D('',#2376,#1929,#1930);
#1792=AXIS2_PLACEMENT_3D('',#2382,#1934,#1935);
#1793=AXIS2_PLACEMENT_3D('',#2391,#1940,#1941);
#1794=AXIS2_PLACEMENT_3D('',#2402,#1947,#1948);
#1795=AXIS2_PLACEMENT_3D('',#2403,#1949,#1950);
#1796=AXIS2_PLACEMENT_3D('',#2409,#1954,#1955);
#1797=AXIS2_PLACEMENT_3D('',#2413,#1958,#1959);
#1798=AXIS2_PLACEMENT_3D('',#2415,#1961,#1962);
#1799=AXIS2_PLACEMENT_3D('',#2419,#1965,#1966);
#1800=AXIS2_PLACEMENT_3D('',#2422,#1968,#1969);
#1801=AXIS2_PLACEMENT_3D('',#2423,#1970,#1971);
#1802=AXIS2_PLACEMENT_3D('',#2432,#1976,#1977);
#1803=AXIS2_PLACEMENT_3D('',#2443,#1983,#1984);
#1804=AXIS2_PLACEMENT_3D('',#2444,#1985,#1986);
#1805=AXIS2_PLACEMENT_3D('',#2450,#1990,#1991);
#1806=AXIS2_PLACEMENT_3D('',#2454,#1994,#1995);
#1807=AXIS2_PLACEMENT_3D('',#2458,#1998,#1999);
#1808=AXIS2_PLACEMENT_3D('',#2460,#2001,#2002);
#1809=AXIS2_PLACEMENT_3D('',#2463,#2004,#2005);
#1810=AXIS2_PLACEMENT_3D('',#2464,#2006,#2007);
#1811=AXIS2_PLACEMENT_3D('',#2473,#2012,#2013);
#1812=AXIS2_PLACEMENT_3D('',#2484,#2019,#2020);
#1813=AXIS2_PLACEMENT_3D('',#2485,#2021,#2022);
#1814=AXIS2_PLACEMENT_3D('',#2491,#2026,#2027);
#1815=AXIS2_PLACEMENT_3D('',#2493,#2029,#2030);
#1816=AXIS2_PLACEMENT_3D('',#2499,#2034,#2035);
#1817=AXIS2_PLACEMENT_3D('',#2501,#2037,#2038);
#1818=AXIS2_PLACEMENT_3D('',#2504,#2040,#2041);
#1819=AXIS2_PLACEMENT_3D('',#2505,#2042,#2043);
#1820=AXIS2_PLACEMENT_3D('',#2514,#2048,#2049);
#1821=AXIS2_PLACEMENT_3D('',#2525,#2055,#2056);
#1822=AXIS2_PLACEMENT_3D('',#2526,#2057,#2058);
#1823=AXIS2_PLACEMENT_3D('',#2530,#2061,#2062);
#1824=AXIS2_PLACEMENT_3D('',#2534,#2065,#2066);
#1825=AXIS2_PLACEMENT_3D('',#2538,#2069,#2070);
#1826=AXIS2_PLACEMENT_3D('',#2542,#2073,#2074);
#1827=AXIS2_PLACEMENT_3D('',#2545,#2076,#2077);
#1828=AXIS2_PLACEMENT_3D('',#2546,#2078,#2079);
#1829=AXIS2_PLACEMENT_3D('',#2549,#2081,#2082);
#1830=AXIS2_PLACEMENT_3D('',#2550,#2083,#2084);
#1831=AXIS2_PLACEMENT_3D('',#2553,#2086,#2087);
#1832=AXIS2_PLACEMENT_3D('',#2554,#2088,#2089);
#1833=AXIS2_PLACEMENT_3D('',#2557,#2091,#2092);
#1834=AXIS2_PLACEMENT_3D('',#2558,#2093,#2094);
#1835=AXIS2_PLACEMENT_3D('',#2561,#2096,#2097);
#1836=AXIS2_PLACEMENT_3D('',#2562,#2098,#2099);
#1837=AXIS2_PLACEMENT_3D('',#2571,#2104,#2105);
#1838=AXIS2_PLACEMENT_3D('',#2577,#2109,#2110);
#1839=AXIS2_PLACEMENT_3D('',#2583,#2114,#2115);
#1840=AXIS2_PLACEMENT_3D('',#2589,#2119,#2120);
#1841=AXIS2_PLACEMENT_3D('',#2595,#2124,#2125);
#1842=AXIS2_PLACEMENT_3D('',#2601,#2129,#2130);
#1843=AXIS2_PLACEMENT_3D('',#2607,#2134,#2135);
#1844=AXIS2_PLACEMENT_3D('',#2616,#2140,#2141);
#1845=AXIS2_PLACEMENT_3D('',#2622,#2145,#2146);
#1846=AXIS2_PLACEMENT_3D('',#2628,#2150,#2151);
#1847=AXIS2_PLACEMENT_3D('',#2634,#2155,#2156);
#1848=AXIS2_PLACEMENT_3D('',#2640,#2160,#2161);
#1849=AXIS2_PLACEMENT_3D('',#2646,#2165,#2166);
#1850=AXIS2_PLACEMENT_3D('',#2649,#2169,#2170);
#1851=AXIS2_PLACEMENT_3D('',#2651,#2172,#2173);
#1852=AXIS2_PLACEMENT_3D('',#2663,#2180,#2181);
#1853=AXIS2_PLACEMENT_3D('',#2669,#2185,#2186);
#1854=AXIS2_PLACEMENT_3D('',#2675,#2190,#2191);
#1855=AXIS2_PLACEMENT_3D('',#2677,#2192,#2193);
#1856=AXIS2_PLACEMENT_3D('',#2688,#2199,#2200);
#1857=AXIS2_PLACEMENT_3D('',#2689,#2201,#2202);
#1858=AXIS2_PLACEMENT_3D('',#2691,#2203,#2204);
#1859=AXIS2_PLACEMENT_3D('',#2693,#2206,#2207);
#1860=AXIS2_PLACEMENT_3D('',#2697,#2209,#2210);
#1861=AXIS2_PLACEMENT_3D('',#2698,#2211,#2212);
#1862=AXIS2_PLACEMENT_3D('',#2734,#2213,#2214);
#1863=AXIS2_PLACEMENT_3D('',#2750,#2223,#2224);
#1864=AXIS2_PLACEMENT_3D('',#2753,#2226,#2227);
#1865=AXIS2_PLACEMENT_3D('',#2755,#2228,#2229);
#1866=AXIS2_PLACEMENT_3D('',#2757,#2230,#2231);
#1867=AXIS2_PLACEMENT_3D('',#2862,#2233,#2234);
#1868=AXIS2_PLACEMENT_3D('',#3040,#2236,#2237);
#1869=AXIS2_PLACEMENT_3D('',#3079,#2238,#2239);
#1870=AXIS2_PLACEMENT_3D('',#3081,#2241,#2242);
#1871=AXIS2_PLACEMENT_3D('',#3083,#2244,#2245);
#1872=AXIS2_PLACEMENT_3D('',#3085,#2246,#2247);
#1873=AXIS2_PLACEMENT_3D('',#3087,#2249,#2250);
#1874=AXIS2_PLACEMENT_3D('',#3089,#2251,#2252);
#1875=AXIS2_PLACEMENT_3D('',#3091,#2254,#2255);
#1876=AXIS2_PLACEMENT_3D('',#3093,#2256,#2257);
#1877=AXIS2_PLACEMENT_3D('',#3095,#2259,#2260);
#1878=AXIS2_PLACEMENT_3D('',#3097,#2261,#2262);
#1879=AXIS2_PLACEMENT_3D('',#3099,#2264,#2265);
#1880=AXIS2_PLACEMENT_3D('',#3103,#2268,#2269);
#1881=AXIS2_PLACEMENT_3D('',#3104,#2270,#2271);
#1882=AXIS2_PLACEMENT_3D('',#3105,#2272,#2273);
#1883=AXIS2_PLACEMENT_3D('',#3109,#2276,#2277);
#1884=AXIS2_PLACEMENT_3D('',#3110,#2278,#2279);
#1885=AXIS2_PLACEMENT_3D('',#3111,#2280,#2281);
#1886=AXIS2_PLACEMENT_3D('',#3119,#2286,#2287);
#1887=AXIS2_PLACEMENT_3D('',#3125,#2291,#2292);
#1888=AXIS2_PLACEMENT_3D('',#3133,#2297,#2298);
#1889=AXIS2_PLACEMENT_3D('',#3139,#2302,#2303);
#1890=AXIS2_PLACEMENT_3D('',#3148,#2308,#2309);
#1891=AXIS2_PLACEMENT_3D('',#3150,#2311,#2312);
#1892=AXIS2_PLACEMENT_3D('',#3153,#2315,#2316);
#1893=AXIS2_PLACEMENT_3D('',#3155,#2317,#2318);
#1894=AXIS2_PLACEMENT_3D('',#3157,#2319,#2320);
#1895=AXIS2_PLACEMENT_3D('',#3159,#2322,#2323);
#1896=AXIS2_PLACEMENT_3D('',#3165,#2327,#2328);
#1897=AXIS2_PLACEMENT_3D('',#3167,#2330,#2331);
#1898=AXIS2_PLACEMENT_3D('',#3170,#2334,#2335);
#1899=AXIS2_PLACEMENT_3D('',#3172,#2337,#2338);
#1900=AXIS2_PLACEMENT_3D('',#3174,#2340,#2341);
#1901=AXIS2_PLACEMENT_3D('',#3176,#2343,#2344);
#1902=AXIS2_PLACEMENT_3D('',#3178,#2346,#2347);
#1903=AXIS2_PLACEMENT_3D('',#3179,#2348,#2349);
#1904=DIRECTION('axis',(0.,0.,1.));
#1905=DIRECTION('refdir',(1.,0.,0.));
#1906=DIRECTION('axis',(0.,0.,1.));
#1907=DIRECTION('refdir',(1.,0.,0.));
#1908=DIRECTION('center_axis',(0.,0.,-1.));
#1909=DIRECTION('ref_axis',(-2.05207126248104E-10,-1.,0.));
#1910=DIRECTION('',(0.,0.,-1.));
#1911=DIRECTION('center_axis',(0.,0.,1.));
#1912=DIRECTION('ref_axis',(-0.999999999999997,7.16686662153384E-8,0.));
#1913=DIRECTION('',(0.,0.,-1.));
#1914=DIRECTION('center_axis',(0.,0.,-1.));
#1915=DIRECTION('ref_axis',(-0.999999999999997,7.16686662153384E-8,0.));
#1916=DIRECTION('center_axis',(1.,-5.9211895566286E-16,0.));
#1917=DIRECTION('ref_axis',(-5.9211895566286E-16,-1.,0.));
#1918=DIRECTION('',(0.,0.,-1.));
#1919=DIRECTION('',(5.9211895566286E-16,1.,0.));
#1920=DIRECTION('',(-5.9211895566286E-16,-1.,0.));
#1921=DIRECTION('center_axis',(0.,0.,-1.));
#1922=DIRECTION('ref_axis',(-3.01268473159228E-10,-1.,0.));
#1923=DIRECTION('',(0.,0.,-1.));
#1924=DIRECTION('center_axis',(0.,0.,1.));
#1925=DIRECTION('ref_axis',(-0.999999999999997,7.2152064835616E-8,0.));
#1926=DIRECTION('',(0.,0.,-1.));
#1927=DIRECTION('center_axis',(0.,0.,-1.));
#1928=DIRECTION('ref_axis',(-0.999999999999997,7.2152064835616E-8,0.));
#1929=DIRECTION('center_axis',(1.,-5.92118955723599E-16,0.));
#1930=DIRECTION('ref_axis',(-5.92118955723599E-16,-1.,0.));
#1931=DIRECTION('',(0.,0.,-1.));
#1932=DIRECTION('',(5.92118955723599E-16,1.,0.));
#1933=DIRECTION('',(-5.92118955723599E-16,-1.,0.));
#1934=DIRECTION('center_axis',(0.,1.,0.));
#1935=DIRECTION('ref_axis',(1.,0.,0.));
#1936=DIRECTION('',(0.,0.,1.));
#1937=DIRECTION('',(1.,0.,0.));
#1938=DIRECTION('',(0.,0.,-1.));
#1939=DIRECTION('',(-1.,0.,0.));
#1940=DIRECTION('center_axis',(0.,0.,1.));
#1941=DIRECTION('ref_axis',(-1.,0.,0.));
#1942=DIRECTION('',(0.,-1.,0.));
#1943=DIRECTION('',(-0.866025403784438,0.5,0.));
#1944=DIRECTION('',(0.,1.,0.));
#1945=DIRECTION('',(0.866025403784438,0.5,0.));
#1946=DIRECTION('',(1.,0.,0.));
#1947=DIRECTION('center_axis',(0.,0.,-1.));
#1948=DIRECTION('ref_axis',(-1.,0.,0.));
#1949=DIRECTION('center_axis',(0.5,-0.866025403784438,0.));
#1950=DIRECTION('ref_axis',(-0.866025403784438,-0.5,0.));
#1951=DIRECTION('',(0.,0.,-1.));
#1952=DIRECTION('',(-0.866025403784438,-0.5,0.));
#1953=DIRECTION('',(0.,0.,-1.));
#1954=DIRECTION('center_axis',(1.,0.,0.));
#1955=DIRECTION('ref_axis',(0.,-1.,0.));
#1956=DIRECTION('',(0.,0.,-1.));
#1957=DIRECTION('',(0.,-1.,0.));
#1958=DIRECTION('center_axis',(0.5,0.866025403784438,0.));
#1959=DIRECTION('ref_axis',(0.866025403784438,-0.5,0.));
#1960=DIRECTION('',(0.866025403784438,-0.5,0.));
#1961=DIRECTION('center_axis',(0.,-1.,0.));
#1962=DIRECTION('ref_axis',(-1.,0.,0.));
#1963=DIRECTION('',(0.,0.,-1.));
#1964=DIRECTION('',(-1.,0.,0.));
#1965=DIRECTION('center_axis',(0.,0.,-1.));
#1966=DIRECTION('ref_axis',(-1.,0.,0.));
#1967=DIRECTION('',(0.,1.,0.));
#1968=DIRECTION('center_axis',(0.,0.,1.));
#1969=DIRECTION('ref_axis',(-1.,0.,0.));
#1970=DIRECTION('center_axis',(0.,-1.,0.));
#1971=DIRECTION('ref_axis',(-1.,0.,0.));
#1972=DIRECTION('',(0.,0.,1.));
#1973=DIRECTION('',(-1.,0.,0.));
#1974=DIRECTION('',(0.,0.,-1.));
#1975=DIRECTION('',(-1.,0.,0.));
#1976=DIRECTION('center_axis',(0.,0.,1.));
#1977=DIRECTION('ref_axis',(-1.,0.,0.));
#1978=DIRECTION('',(0.,1.,0.));
#1979=DIRECTION('',(-0.866025403784438,0.5,0.));
#1980=DIRECTION('',(0.,1.,0.));
#1981=DIRECTION('',(0.866025403784438,0.5,0.));
#1982=DIRECTION('',(1.,0.,0.));
#1983=DIRECTION('center_axis',(0.,0.,-1.));
#1984=DIRECTION('ref_axis',(-1.,0.,0.));
#1985=DIRECTION('center_axis',(0.,1.,0.));
#1986=DIRECTION('ref_axis',(1.,0.,0.));
#1987=DIRECTION('',(0.,0.,-1.));
#1988=DIRECTION('',(0.,0.,-1.));
#1989=DIRECTION('',(1.,0.,0.));
#1990=DIRECTION('center_axis',(-0.5,0.866025403784438,0.));
#1991=DIRECTION('ref_axis',(0.866025403784438,0.5,0.));
#1992=DIRECTION('',(0.,0.,-1.));
#1993=DIRECTION('',(0.866025403784438,0.5,0.));
#1994=DIRECTION('center_axis',(-1.,0.,0.));
#1995=DIRECTION('ref_axis',(0.,1.,0.));
#1996=DIRECTION('',(0.,0.,-1.));
#1997=DIRECTION('',(0.,1.,0.));
#1998=DIRECTION('center_axis',(-0.5,-0.866025403784438,0.));
#1999=DIRECTION('ref_axis',(-0.866025403784438,0.5,0.));
#2000=DIRECTION('',(-0.866025403784438,0.5,0.));
#2001=DIRECTION('center_axis',(0.,0.,-1.));
#2002=DIRECTION('ref_axis',(-1.,0.,0.));
#2003=DIRECTION('',(0.,-1.,0.));
#2004=DIRECTION('center_axis',(0.,0.,1.));
#2005=DIRECTION('ref_axis',(-1.,0.,0.));
#2006=DIRECTION('center_axis',(0.,1.,0.));
#2007=DIRECTION('ref_axis',(1.,0.,0.));
#2008=DIRECTION('',(0.,0.,1.));
#2009=DIRECTION('',(1.,0.,0.));
#2010=DIRECTION('',(0.,0.,-1.));
#2011=DIRECTION('',(-1.,0.,0.));
#2012=DIRECTION('center_axis',(0.,0.,1.));
#2013=DIRECTION('ref_axis',(-1.,0.,0.));
#2014=DIRECTION('',(0.,-1.,0.));
#2015=DIRECTION('',(-0.866025403784439,0.5,0.));
#2016=DIRECTION('',(0.,1.,0.));
#2017=DIRECTION('',(0.866025403784439,0.5,0.));
#2018=DIRECTION('',(1.,0.,0.));
#2019=DIRECTION('center_axis',(0.,0.,-1.));
#2020=DIRECTION('ref_axis',(-1.,0.,0.));
#2021=DIRECTION('center_axis',(1.,0.,0.));
#2022=DIRECTION('ref_axis',(0.,-1.,0.));
#2023=DIRECTION('',(0.,0.,-1.));
#2024=DIRECTION('',(0.,-1.,0.));
#2025=DIRECTION('',(0.,0.,-1.));
#2026=DIRECTION('center_axis',(0.5,0.866025403784439,0.));
#2027=DIRECTION('ref_axis',(0.866025403784439,-0.5,0.));
#2028=DIRECTION('',(0.866025403784439,-0.5,0.));
#2029=DIRECTION('center_axis',(0.,-1.,0.));
#2030=DIRECTION('ref_axis',(-1.,0.,0.));
#2031=DIRECTION('',(0.,0.,-1.));
#2032=DIRECTION('',(0.,0.,-1.));
#2033=DIRECTION('',(-1.,0.,0.));
#2034=DIRECTION('center_axis',(0.5,-0.866025403784439,0.));
#2035=DIRECTION('ref_axis',(-0.866025403784439,-0.5,0.));
#2036=DIRECTION('',(-0.866025403784439,-0.5,0.));
#2037=DIRECTION('center_axis',(0.,0.,-1.));
#2038=DIRECTION('ref_axis',(-1.,0.,0.));
#2039=DIRECTION('',(0.,1.,0.));
#2040=DIRECTION('center_axis',(0.,0.,1.));
#2041=DIRECTION('ref_axis',(-1.,0.,0.));
#2042=DIRECTION('center_axis',(0.,1.,0.));
#2043=DIRECTION('ref_axis',(1.,0.,0.));
#2044=DIRECTION('',(0.,0.,-1.));
#2045=DIRECTION('',(1.,0.,0.));
#2046=DIRECTION('',(0.,0.,-1.));
#2047=DIRECTION('',(1.,0.,0.));
#2048=DIRECTION('center_axis',(0.,0.,-1.));
#2049=DIRECTION('ref_axis',(-1.,0.,0.));
#2050=DIRECTION('',(0.,-1.,0.));
#2051=DIRECTION('',(0.866025403784439,0.5,0.));
#2052=DIRECTION('',(0.,1.,0.));
#2053=DIRECTION('',(-0.866025403784439,0.5,0.));
#2054=DIRECTION('',(-1.,0.,0.));
#2055=DIRECTION('center_axis',(0.,0.,1.));
#2056=DIRECTION('ref_axis',(-1.,0.,0.));
#2057=DIRECTION('center_axis',(-0.5,0.866025403784439,0.));
#2058=DIRECTION('ref_axis',(0.866025403784439,0.5,0.));
#2059=DIRECTION('',(0.866025403784439,0.5,0.));
#2060=DIRECTION('',(0.,0.,-1.));
#2061=DIRECTION('center_axis',(-1.,0.,0.));
#2062=DIRECTION('ref_axis',(0.,1.,0.));
#2063=DIRECTION('',(0.,1.,0.));
#2064=DIRECTION('',(0.,0.,-1.));
#2065=DIRECTION('center_axis',(-0.5,-0.866025403784439,0.));
#2066=DIRECTION('ref_axis',(-0.866025403784439,0.5,0.));
#2067=DIRECTION('',(-0.866025403784439,0.5,0.));
#2068=DIRECTION('',(0.,0.,-1.));
#2069=DIRECTION('center_axis',(0.,-1.,0.));
#2070=DIRECTION('ref_axis',(-1.,0.,0.));
#2071=DIRECTION('',(0.,0.,1.));
#2072=DIRECTION('',(-1.,0.,0.));
#2073=DIRECTION('center_axis',(0.,0.,1.));
#2074=DIRECTION('ref_axis',(-1.,0.,0.));
#2075=DIRECTION('',(0.,1.,0.));
#2076=DIRECTION('center_axis',(0.,0.,-1.));
#2077=DIRECTION('ref_axis',(-1.,0.,0.));
#2078=DIRECTION('center_axis',(0.,0.,-1.));
#2079=DIRECTION('ref_axis',(-1.,0.,0.));
#2080=DIRECTION('',(0.,0.,-1.));
#2081=DIRECTION('center_axis',(0.,0.,1.));
#2082=DIRECTION('ref_axis',(-1.,0.,0.));
#2083=DIRECTION('center_axis',(0.,0.,-1.));
#2084=DIRECTION('ref_axis',(-1.,0.,0.));
#2085=DIRECTION('',(0.,0.,-1.));
#2086=DIRECTION('center_axis',(0.,0.,1.));
#2087=DIRECTION('ref_axis',(-1.,0.,0.));
#2088=DIRECTION('center_axis',(0.,0.,-1.));
#2089=DIRECTION('ref_axis',(-1.,0.,0.));
#2090=DIRECTION('',(0.,0.,-1.));
#2091=DIRECTION('center_axis',(0.,0.,1.));
#2092=DIRECTION('ref_axis',(-1.,0.,0.));
#2093=DIRECTION('center_axis',(0.,0.,-1.));
#2094=DIRECTION('ref_axis',(-1.,0.,0.));
#2095=DIRECTION('',(0.,0.,-1.));
#2096=DIRECTION('center_axis',(0.,0.,1.));
#2097=DIRECTION('ref_axis',(-1.,0.,0.));
#2098=DIRECTION('center_axis',(0.500000114019209,0.,-0.866025337955408));
#2099=DIRECTION('ref_axis',(0.866025337955408,0.,0.500000114019209));
#2100=DIRECTION('',(0.866025337955408,0.,0.500000114019209));
#2101=DIRECTION('',(0.,-1.,0.));
#2102=DIRECTION('',(0.866025337955407,0.,0.500000114019209));
#2103=DIRECTION('',(0.,-1.,0.));
#2104=DIRECTION('center_axis',(0.258819430591964,0.,-0.965925722997401));
#2105=DIRECTION('ref_axis',(0.965925722997401,0.,0.258819430591964));
#2106=DIRECTION('',(0.965925722997401,0.,0.258819430591964));
#2107=DIRECTION('',(0.,-1.,0.));
#2108=DIRECTION('',(0.965925722997401,0.,0.258819430591964));
#2109=DIRECTION('center_axis',(0.,0.,-1.));
#2110=DIRECTION('ref_axis',(1.,0.,0.));
#2111=DIRECTION('',(1.,0.,0.));
#2112=DIRECTION('',(0.,-1.,0.));
#2113=DIRECTION('',(1.,0.,0.));
#2114=DIRECTION('center_axis',(-0.258819430591964,0.,-0.965925722997401));
#2115=DIRECTION('ref_axis',(0.965925722997401,0.,-0.258819430591964));
#2116=DIRECTION('',(0.965925722997401,0.,-0.258819430591964));
#2117=DIRECTION('',(0.,-1.,0.));
#2118=DIRECTION('',(0.965925722997401,0.,-0.258819430591964));
#2119=DIRECTION('center_axis',(-0.500000114019209,0.,-0.866025337955408));
#2120=DIRECTION('ref_axis',(0.866025337955408,0.,-0.500000114019209));
#2121=DIRECTION('',(0.866025337955408,0.,-0.500000114019209));
#2122=DIRECTION('',(0.,-1.,0.));
#2123=DIRECTION('',(0.866025337955407,0.,-0.500000114019209));
#2124=DIRECTION('center_axis',(-0.707106781186548,0.,-0.707106781186548));
#2125=DIRECTION('ref_axis',(0.707106781186548,0.,-0.707106781186548));
#2126=DIRECTION('',(0.707106781186548,0.,-0.707106781186548));
#2127=DIRECTION('',(0.,-1.,0.));
#2128=DIRECTION('',(0.707106781186548,0.,-0.707106781186548));
#2129=DIRECTION('center_axis',(-0.793353664133609,0.,-0.60876100696889));
#2130=DIRECTION('ref_axis',(0.60876100696889,0.,-0.793353664133609));
#2131=DIRECTION('',(0.60876100696889,0.,-0.793353664133609));
#2132=DIRECTION('',(0.,1.,0.));
#2133=DIRECTION('',(0.60876100696889,0.,-0.793353664133609));
#2134=DIRECTION('center_axis',(0.793354541134759,0.,0.608759864035775));
#2135=DIRECTION('ref_axis',(-0.608759864035775,0.,0.793354541134759));
#2136=DIRECTION('',(-0.608759864035775,0.,0.793354541134759));
#2137=DIRECTION('',(0.,-1.,0.));
#2138=DIRECTION('',(-0.608759864035775,0.,0.793354541134759));
#2139=DIRECTION('',(0.,-1.,0.));
#2140=DIRECTION('center_axis',(0.866022371928843,0.,0.500005251291165));
#2141=DIRECTION('ref_axis',(-0.500005251291165,0.,0.866022371928843));
#2142=DIRECTION('',(-0.500005251291165,0.,0.866022371928843));
#2143=DIRECTION('',(0.,-1.,0.));
#2144=DIRECTION('',(-0.500005251291165,0.,0.866022371928843));
#2145=DIRECTION('center_axis',(0.965927316028751,0.,0.258813485254329));
#2146=DIRECTION('ref_axis',(-0.258813485254329,0.,0.965927316028751));
#2147=DIRECTION('',(-0.258813485254329,0.,0.965927316028751));
#2148=DIRECTION('',(0.,-1.,0.));
#2149=DIRECTION('',(-0.258813485254329,0.,0.965927316028751));
#2150=DIRECTION('center_axis',(1.,0.,0.));
#2151=DIRECTION('ref_axis',(0.,0.,1.));
#2152=DIRECTION('',(0.,0.,1.));
#2153=DIRECTION('',(0.,-1.,0.));
#2154=DIRECTION('',(0.,0.,1.));
#2155=DIRECTION('center_axis',(0.965927316028751,0.,-0.258813485254329));
#2156=DIRECTION('ref_axis',(0.258813485254329,0.,0.965927316028751));
#2157=DIRECTION('',(0.258813485254329,0.,0.965927316028751));
#2158=DIRECTION('',(0.,-1.,0.));
#2159=DIRECTION('',(0.258813485254329,0.,0.965927316028751));
#2160=DIRECTION('center_axis',(0.866022453474672,0.,-0.500005110051597));
#2161=DIRECTION('ref_axis',(0.500005110051597,0.,0.866022453474672));
#2162=DIRECTION('',(0.500005110051597,0.,0.866022453474672));
#2163=DIRECTION('',(0.,-1.,0.));
#2164=DIRECTION('',(0.500005110051597,0.,0.866022453474672));
#2165=DIRECTION('center_axis',(0.707109390614797,0.,-0.707104171748668));
#2166=DIRECTION('ref_axis',(0.707104171748668,0.,0.707109390614797));
#2167=DIRECTION('',(0.707104171748668,0.,0.707109390614797));
#2168=DIRECTION('',(0.707104171748668,0.,0.707109390614797));
#2169=DIRECTION('center_axis',(0.,1.,0.));
#2170=DIRECTION('ref_axis',(-1.,0.,0.));
#2171=DIRECTION('',(-0.793353332752525,0.,-0.608761438833359));
#2172=DIRECTION('center_axis',(0.608761438833359,0.,-0.793353332752525));
#2173=DIRECTION('ref_axis',(0.793353332752525,0.,0.608761438833359));
#2174=DIRECTION('',(0.793353332752525,0.,0.608761438833359));
#2175=DIRECTION('',(0.,-1.,0.));
#2176=DIRECTION('',(-0.793353332752525,-1.5481040822319E-8,-0.608761438833359));
#2177=DIRECTION('',(-0.793353332752525,0.,-0.608761438833359));
#2178=DIRECTION('',(0.,-1.,0.));
#2179=DIRECTION('',(0.793353332752525,0.,0.608761438833359));
#2180=DIRECTION('center_axis',(-0.793353186737393,0.,-0.608761629123932));
#2181=DIRECTION('ref_axis',(0.608761629123932,0.,-0.793353186737393));
#2182=DIRECTION('',(0.,1.,0.));
#2183=DIRECTION('',(-0.608761629123932,-1.1879024442781E-8,0.793353186737393));
#2184=DIRECTION('',(0.608761629123932,0.,-0.793353186737393));
#2185=DIRECTION('center_axis',(0.793353074837752,0.,0.608761774954279));
#2186=DIRECTION('ref_axis',(-0.608761774954279,0.,0.793353074837752));
#2187=DIRECTION('',(0.,-1.,0.));
#2188=DIRECTION('',(-0.608761774954279,0.,0.793353074837752));
#2189=DIRECTION('',(0.608761774954279,0.,-0.793353074837752));
#2190=DIRECTION('center_axis',(0.,1.,0.));
#2191=DIRECTION('ref_axis',(1.,0.,0.));
#2192=DIRECTION('center_axis',(0.,-1.,0.));
#2193=DIRECTION('ref_axis',(1.,0.,0.));
#2194=DIRECTION('',(1.,0.,0.));
#2195=DIRECTION('',(0.,0.,-1.));
#2196=DIRECTION('',(-1.,0.,0.));
#2197=DIRECTION('',(0.,0.,1.));
#2198=DIRECTION('',(1.,0.,0.));
#2199=DIRECTION('center_axis',(0.,-1.,0.));
#2200=DIRECTION('ref_axis',(1.,0.,0.));
#2201=DIRECTION('center_axis',(0.,1.,0.));
#2202=DIRECTION('ref_axis',(1.,0.,0.));
#2203=DIRECTION('center_axis',(0.,-1.,0.));
#2204=DIRECTION('ref_axis',(1.,0.,0.));
#2205=DIRECTION('',(0.,1.,0.));
#2206=DIRECTION('center_axis',(0.,1.,0.));
#2207=DIRECTION('ref_axis',(-0.539091193104893,0.,-0.842247401608781));
#2208=DIRECTION('',(0.,1.,0.));
#2209=DIRECTION('center_axis',(0.,-1.,0.));
#2210=DIRECTION('ref_axis',(1.,0.,0.));
#2211=DIRECTION('center_axis',(1.9513425082123E-8,-1.,0.));
#2212=DIRECTION('ref_axis',(1.,1.95134250821231E-8,0.));
#2213=DIRECTION('center_axis',(0.,0.,-1.));
#2214=DIRECTION('ref_axis',(-1.,0.,0.));
#2215=DIRECTION('',(-1.,0.,0.));
#2216=DIRECTION('',(0.,1.,0.));
#2217=DIRECTION('',(0.,1.,0.));
#2218=DIRECTION('',(1.,0.,0.));
#2219=DIRECTION('',(0.,1.,0.));
#2220=DIRECTION('',(-1.,-1.9513425082123E-8,0.));
#2221=DIRECTION('',(0.,-1.,0.));
#2222=DIRECTION('',(5.92118955661298E-16,-1.,0.));
#2223=DIRECTION('center_axis',(0.,0.,1.));
#2224=DIRECTION('ref_axis',(1.,0.,0.));
#2225=DIRECTION('',(5.92118955723315E-16,-1.,0.));
#2226=DIRECTION('center_axis',(0.,0.,1.));
#2227=DIRECTION('ref_axis',(1.,0.,0.));
#2228=DIRECTION('center_axis',(0.,0.,1.));
#2229=DIRECTION('ref_axis',(-1.,0.,0.));
#2230=DIRECTION('center_axis',(0.,0.,1.));
#2231=DIRECTION('ref_axis',(-1.,0.,0.));
#2232=DIRECTION('',(0.,0.,-1.));
#2233=DIRECTION('center_axis',(0.,1.,0.));
#2234=DIRECTION('ref_axis',(1.,0.,0.));
#2235=DIRECTION('',(0.,0.,-1.));
#2236=DIRECTION('center_axis',(0.,1.,0.));
#2237=DIRECTION('ref_axis',(1.,0.,0.));
#2238=DIRECTION('center_axis',(0.,0.,-1.));
#2239=DIRECTION('ref_axis',(-1.,0.,0.));
#2240=DIRECTION('',(0.,0.,-1.));
#2241=DIRECTION('center_axis',(0.,0.,-1.));
#2242=DIRECTION('ref_axis',(-1.,0.,0.));
#2243=DIRECTION('',(0.,0.,-1.));
#2244=DIRECTION('center_axis',(0.,0.,-1.));
#2245=DIRECTION('ref_axis',(-1.,0.,0.));
#2246=DIRECTION('center_axis',(0.,0.,-1.));
#2247=DIRECTION('ref_axis',(-1.,0.,0.));
#2248=DIRECTION('',(0.,0.,-1.));
#2249=DIRECTION('center_axis',(0.,0.,-1.));
#2250=DIRECTION('ref_axis',(-1.,0.,0.));
#2251=DIRECTION('center_axis',(0.,0.,-1.));
#2252=DIRECTION('ref_axis',(-1.,0.,0.));
#2253=DIRECTION('',(0.,0.,-1.));
#2254=DIRECTION('center_axis',(0.,0.,-1.));
#2255=DIRECTION('ref_axis',(-1.,0.,0.));
#2256=DIRECTION('center_axis',(0.,0.,-1.));
#2257=DIRECTION('ref_axis',(-1.,0.,0.));
#2258=DIRECTION('',(0.,0.,-1.));
#2259=DIRECTION('center_axis',(0.,0.,-1.));
#2260=DIRECTION('ref_axis',(-1.,0.,0.));
#2261=DIRECTION('center_axis',(0.,0.,-1.));
#2262=DIRECTION('ref_axis',(-1.,0.,0.));
#2263=DIRECTION('',(0.,0.,-1.));
#2264=DIRECTION('center_axis',(-1.,-5.92118955723315E-16,0.));
#2265=DIRECTION('ref_axis',(-5.92118955723315E-16,1.,0.));
#2266=DIRECTION('',(0.,0.,-1.));
#2267=DIRECTION('',(-5.92118955723315E-16,1.,0.));
#2268=DIRECTION('center_axis',(0.,0.,-1.));
#2269=DIRECTION('ref_axis',(1.,0.,0.));
#2270=DIRECTION('center_axis',(0.,0.,-1.));
#2271=DIRECTION('ref_axis',(1.,0.,0.));
#2272=DIRECTION('center_axis',(-1.,-5.92118955661298E-16,0.));
#2273=DIRECTION('ref_axis',(-5.92118955661298E-16,1.,0.));
#2274=DIRECTION('',(0.,0.,-1.));
#2275=DIRECTION('',(-5.92118955661298E-16,1.,0.));
#2276=DIRECTION('center_axis',(0.,0.,-1.));
#2277=DIRECTION('ref_axis',(1.,0.,0.));
#2278=DIRECTION('center_axis',(0.,0.,-1.));
#2279=DIRECTION('ref_axis',(1.,0.,0.));
#2280=DIRECTION('center_axis',(0.,1.,0.));
#2281=DIRECTION('ref_axis',(1.,0.,0.));
#2282=DIRECTION('',(1.,0.,0.));
#2283=DIRECTION('',(0.,0.,1.));
#2284=DIRECTION('',(1.,0.,0.));
#2285=DIRECTION('',(0.,0.,-1.));
#2286=DIRECTION('center_axis',(0.,0.,-1.));
#2287=DIRECTION('ref_axis',(-1.,0.,0.));
#2288=DIRECTION('',(-1.,0.,0.));
#2289=DIRECTION('',(0.,-1.,0.));
#2290=DIRECTION('',(0.,1.,0.));
#2291=DIRECTION('center_axis',(0.,1.,0.));
#2292=DIRECTION('ref_axis',(1.,0.,0.));
#2293=DIRECTION('',(0.,0.,-1.));
#2294=DIRECTION('',(1.,0.,0.));
#2295=DIRECTION('',(0.,0.,-1.));
#2296=DIRECTION('',(1.,0.,0.));
#2297=DIRECTION('center_axis',(0.,0.,-1.));
#2298=DIRECTION('ref_axis',(-1.,0.,0.));
#2299=DIRECTION('',(0.,-1.,0.));
#2300=DIRECTION('',(0.,1.,0.));
#2301=DIRECTION('',(-1.,0.,0.));
#2302=DIRECTION('center_axis',(0.,0.,1.));
#2303=DIRECTION('ref_axis',(1.,0.,0.));
#2304=DIRECTION('',(-1.,0.,0.));
#2305=DIRECTION('',(0.,1.,0.));
#2306=DIRECTION('',(1.,0.,0.));
#2307=DIRECTION('',(0.,1.,0.));
#2308=DIRECTION('center_axis',(0.,0.,1.));
#2309=DIRECTION('ref_axis',(1.,0.,0.));
#2310=DIRECTION('',(0.,1.,0.));
#2311=DIRECTION('center_axis',(-1.,0.,0.));
#2312=DIRECTION('ref_axis',(0.,1.,0.));
#2313=DIRECTION('',(0.,0.,-1.));
#2314=DIRECTION('',(0.,0.,-1.));
#2315=DIRECTION('center_axis',(0.,1.,0.));
#2316=DIRECTION('ref_axis',(2.83276944882399E-16,0.,-1.));
#2317=DIRECTION('center_axis',(0.,1.,0.));
#2318=DIRECTION('ref_axis',(1.,0.,0.));
#2319=DIRECTION('center_axis',(0.,1.,0.));
#2320=DIRECTION('ref_axis',(1.,0.,0.));
#2321=DIRECTION('',(0.,1.,0.));
#2322=DIRECTION('center_axis',(0.,0.,1.));
#2323=DIRECTION('ref_axis',(1.,0.,0.));
#2324=DIRECTION('',(-1.,0.,0.));
#2325=DIRECTION('',(1.,0.,0.));
#2326=DIRECTION('',(0.,1.,0.));
#2327=DIRECTION('center_axis',(0.,0.,1.));
#2328=DIRECTION('ref_axis',(1.,0.,0.));
#2329=DIRECTION('',(0.,1.,0.));
#2330=DIRECTION('center_axis',(1.,0.,0.));
#2331=DIRECTION('ref_axis',(0.,0.,-1.));
#2332=DIRECTION('',(0.,0.,1.));
#2333=DIRECTION('',(0.,0.,-1.));
#2334=DIRECTION('center_axis',(-1.9513425082123E-8,1.,0.));
#2335=DIRECTION('ref_axis',(1.,1.9513425082123E-8,0.));
#2336=DIRECTION('',(0.,0.,-1.));
#2337=DIRECTION('center_axis',(1.,0.,0.));
#2338=DIRECTION('ref_axis',(0.,-1.,0.));
#2339=DIRECTION('',(0.,0.,-1.));
#2340=DIRECTION('center_axis',(0.,-1.,0.));
#2341=DIRECTION('ref_axis',(-1.,0.,0.));
#2342=DIRECTION('',(0.,0.,-1.));
#2343=DIRECTION('center_axis',(-1.,0.,0.));
#2344=DIRECTION('ref_axis',(0.,0.,1.));
#2345=DIRECTION('',(0.,0.,1.));
#2346=DIRECTION('center_axis',(0.,1.,0.));
#2347=DIRECTION('ref_axis',(1.,0.,0.));
#2348=DIRECTION('',(0.,0.,1.));
#2349=DIRECTION('',(1.,0.,0.));
#2350=CARTESIAN_POINT('',(0.,0.,0.));
#2351=CARTESIAN_POINT('',(0.,0.,0.));
#2352=CARTESIAN_POINT('Origin',(11.5000001713634,30.0000001490116,45.0000023841858));
#2353=CARTESIAN_POINT('',(14.7500001713633,30.0000003806009,9.00000238418579));
#2354=CARTESIAN_POINT('',(14.7500001713633,30.0000003806009,2.38418579101563E-6));
#2355=CARTESIAN_POINT('',(14.7500001713633,30.0000003806009,45.0000023841858));
#2356=CARTESIAN_POINT('',(8.25000017136336,30.0000003819348,2.38418579101563E-6));
#2357=CARTESIAN_POINT('Origin',(11.5000001713634,30.0000001490116,0.));
#2358=CARTESIAN_POINT('',(8.25000017136336,30.0000003819348,9.00000238418579));
#2359=CARTESIAN_POINT('',(8.25000017136336,30.0000003819348,45.0000023841858));
#2360=CARTESIAN_POINT('Origin',(11.5000001713634,30.0000001490116,9.00000238418579));
#2361=CARTESIAN_POINT('Origin',(14.7500001713634,45.0000001490116,45.0000023841858));
#2362=CARTESIAN_POINT('',(14.7500001713634,45.0000001490116,9.00000238418579));
#2363=CARTESIAN_POINT('',(14.7500001713634,45.0000001490116,2.38418579101563E-6));
#2364=CARTESIAN_POINT('',(14.7500001713634,45.0000001490116,45.0000023841858));
#2365=CARTESIAN_POINT('',(14.7500001713633,22.5000000745058,0.));
#2366=CARTESIAN_POINT('',(14.7500001713634,41.2500001490116,9.00000238418579));
#2367=CARTESIAN_POINT('Origin',(76.5000011399388,30.0000001490116,45.0000023841858));
#2368=CARTESIAN_POINT('',(79.7500011399388,30.0000003815476,9.00000238418579));
#2369=CARTESIAN_POINT('',(79.7500011399388,30.0000003815476,2.38418579101563E-6));
#2370=CARTESIAN_POINT('',(79.7500011399388,30.0000003815476,45.0000023841858));
#2371=CARTESIAN_POINT('',(73.2500011399388,30.0000003835058,2.38418579101563E-6));
#2372=CARTESIAN_POINT('Origin',(76.5000011399388,30.0000001490116,0.));
#2373=CARTESIAN_POINT('',(73.2500011399388,30.0000003835058,9.00000238418579));
#2374=CARTESIAN_POINT('',(73.2500011399388,30.0000003835058,45.0000023841858));
#2375=CARTESIAN_POINT('Origin',(76.5000011399388,30.0000001490116,9.00000238418579));
#2376=CARTESIAN_POINT('Origin',(79.7500011399388,45.0000001490116,45.0000023841858));
#2377=CARTESIAN_POINT('',(79.7500011399388,45.0000001490116,9.00000238418579));
#2378=CARTESIAN_POINT('',(79.7500011399388,45.0000001490116,2.38418579101563E-6));
#2379=CARTESIAN_POINT('',(79.7500011399388,45.0000001490116,45.0000023841858));
#2380=CARTESIAN_POINT('',(79.7500011399388,22.5000000745058,0.));
#2381=CARTESIAN_POINT('',(79.7500011399388,41.2500001490116,9.00000238418579));
#2382=CARTESIAN_POINT('Origin',(-0.1,70.8889727457342,33.0000023841858));
#2383=CARTESIAN_POINT('',(0.,70.8889727457342,27.5000023841858));
#2384=CARTESIAN_POINT('',(0.,70.8889727457342,33.0000023841858));
#2385=CARTESIAN_POINT('',(0.,70.8889727457342,16.5000011920929));
#2386=CARTESIAN_POINT('',(5.,70.8889727457342,27.5000023841858));
#2387=CARTESIAN_POINT('',(5.,70.8889727457342,27.5000023841858));
#2388=CARTESIAN_POINT('',(5.,70.8889727457342,33.0000023841858));
#2389=CARTESIAN_POINT('',(5.,70.8889727457342,33.0000023841858));
#2390=CARTESIAN_POINT('',(5.,70.8889727457342,33.0000023841858));
#2391=CARTESIAN_POINT('Origin',(5.,65.,33.0000023841858));
#2392=CARTESIAN_POINT('',(0.,59.1110272542658,33.0000023841858));
#2393=CARTESIAN_POINT('',(0.,32.5,33.0000023841858));
#2394=CARTESIAN_POINT('',(10.1,67.9444863728671,33.0000023841858));
#2395=CARTESIAN_POINT('',(10.1,67.9444863728671,33.0000023841858));
#2396=CARTESIAN_POINT('',(10.1,62.0555136271329,33.0000023841858));
#2397=CARTESIAN_POINT('',(10.1,62.0555136271329,33.0000023841858));
#2398=CARTESIAN_POINT('',(5.,59.1110272542658,33.0000023841858));
#2399=CARTESIAN_POINT('',(5.,59.1110272542658,33.0000023841858));
#2400=CARTESIAN_POINT('',(-0.1,59.1110272542658,33.0000023841858));
#2401=CARTESIAN_POINT('',(8.25000007450581,65.0000009685755,33.0000023841858));
#2402=CARTESIAN_POINT('Origin',(5.00000007450581,65.0000009685755,33.0000023841858));
#2403=CARTESIAN_POINT('Origin',(10.1,62.0555136271329,33.0000023841858));
#2404=CARTESIAN_POINT('',(10.1,62.0555136271329,27.5000023841858));
#2405=CARTESIAN_POINT('',(10.1,62.0555136271329,33.0000023841858));
#2406=CARTESIAN_POINT('',(5.,59.1110272542658,27.5000023841858));
#2407=CARTESIAN_POINT('',(5.,59.1110272542658,27.5000023841858));
#2408=CARTESIAN_POINT('',(5.,59.1110272542658,33.0000023841858));
#2409=CARTESIAN_POINT('Origin',(10.1,67.9444863728671,33.0000023841858));
#2410=CARTESIAN_POINT('',(10.1,67.9444863728671,27.5000023841858));
#2411=CARTESIAN_POINT('',(10.1,67.9444863728671,33.0000023841858));
#2412=CARTESIAN_POINT('',(10.1,62.0555136271329,27.5000023841858));
#2413=CARTESIAN_POINT('Origin',(5.,70.8889727457342,33.0000023841858));
#2414=CARTESIAN_POINT('',(10.1,67.9444863728671,27.5000023841858));
#2415=CARTESIAN_POINT('Origin',(5.,59.1110272542658,33.0000023841858));
#2416=CARTESIAN_POINT('',(0.,59.1110272542658,27.5000023841858));
#2417=CARTESIAN_POINT('',(0.,59.1110272542658,16.5000011920929));
#2418=CARTESIAN_POINT('',(-0.1,59.1110272542658,27.5000023841858));
#2419=CARTESIAN_POINT('Origin',(5.,65.,27.5000023841858));
#2420=CARTESIAN_POINT('',(0.,32.5,27.5000023841858));
#2421=CARTESIAN_POINT('',(8.25000007450581,65.0000009685755,27.5000023841858));
#2422=CARTESIAN_POINT('Origin',(5.00000007450581,65.0000009685755,27.5000023841858));
#2423=CARTESIAN_POINT('Origin',(88.1000013113022,4.11102725426581,33.0000023841858));
#2424=CARTESIAN_POINT('',(88.0000013113022,4.11102725426581,27.5000023841858));
#2425=CARTESIAN_POINT('',(88.0000013113022,4.11102725426581,33.0000023841858));
#2426=CARTESIAN_POINT('',(88.0000013113022,4.11102725426581,39.0000011920929));
#2427=CARTESIAN_POINT('',(83.0000013113022,4.11102725426581,27.5000023841858));
#2428=CARTESIAN_POINT('',(88.1000013113022,4.11102725426581,27.5000023841858));
#2429=CARTESIAN_POINT('',(83.0000013113022,4.11102725426581,33.0000023841858));
#2430=CARTESIAN_POINT('',(83.0000013113022,4.11102725426581,33.0000023841858));
#2431=CARTESIAN_POINT('',(88.1000013113022,4.11102725426581,33.0000023841858));
#2432=CARTESIAN_POINT('Origin',(83.0000013113022,10.,33.0000023841858));
#2433=CARTESIAN_POINT('',(88.0000013113022,15.8889727457342,33.0000023841858));
#2434=CARTESIAN_POINT('',(88.0000013113022,5.,33.0000023841858));
#2435=CARTESIAN_POINT('',(77.9000013113022,7.05551362713291,33.0000023841858));
#2436=CARTESIAN_POINT('',(83.0000013113022,4.11102725426581,33.0000023841858));
#2437=CARTESIAN_POINT('',(77.9000013113022,12.9444863728671,33.0000023841858));
#2438=CARTESIAN_POINT('',(77.9000013113022,7.05551362713291,33.0000023841858));
#2439=CARTESIAN_POINT('',(83.0000013113022,15.8889727457342,33.0000023841858));
#2440=CARTESIAN_POINT('',(77.9000013113022,12.9444863728671,33.0000023841858));
#2441=CARTESIAN_POINT('',(83.0000013113022,15.8889727457342,33.0000023841858));
#2442=CARTESIAN_POINT('',(86.2500012367964,10.0000001490116,33.0000023841858));
#2443=CARTESIAN_POINT('Origin',(83.0000012367964,10.0000001490116,33.0000023841858));
#2444=CARTESIAN_POINT('Origin',(83.0000013113022,15.8889727457342,33.0000023841858));
#2445=CARTESIAN_POINT('',(88.0000013113022,15.8889727457342,27.5000023841858));
#2446=CARTESIAN_POINT('',(88.0000013113022,15.8889727457342,39.0000011920929));
#2447=CARTESIAN_POINT('',(83.0000013113022,15.8889727457342,27.5000023841858));
#2448=CARTESIAN_POINT('',(83.0000013113022,15.8889727457342,33.0000023841858));
#2449=CARTESIAN_POINT('',(83.0000013113022,15.8889727457342,27.5000023841858));
#2450=CARTESIAN_POINT('Origin',(77.9000013113022,12.9444863728671,33.0000023841858));
#2451=CARTESIAN_POINT('',(77.9000013113022,12.9444863728671,27.5000023841858));
#2452=CARTESIAN_POINT('',(77.9000013113022,12.9444863728671,33.0000023841858));
#2453=CARTESIAN_POINT('',(77.9000013113022,12.9444863728671,27.5000023841858));
#2454=CARTESIAN_POINT('Origin',(77.9000013113022,7.05551362713291,33.0000023841858));
#2455=CARTESIAN_POINT('',(77.9000013113022,7.05551362713291,27.5000023841858));
#2456=CARTESIAN_POINT('',(77.9000013113022,7.05551362713291,33.0000023841858));
#2457=CARTESIAN_POINT('',(77.9000013113022,7.05551362713291,27.5000023841858));
#2458=CARTESIAN_POINT('Origin',(83.0000013113022,4.11102725426581,33.0000023841858));
#2459=CARTESIAN_POINT('',(83.0000013113022,4.11102725426581,27.5000023841858));
#2460=CARTESIAN_POINT('Origin',(83.0000013113022,10.,27.5000023841858));
#2461=CARTESIAN_POINT('',(88.0000013113022,5.,27.5000023841858));
#2462=CARTESIAN_POINT('',(86.2500012367964,10.0000001490116,27.5000023841858));
#2463=CARTESIAN_POINT('Origin',(83.0000012367964,10.0000001490116,27.5000023841858));
#2464=CARTESIAN_POINT('Origin',(-0.1,15.8889727457342,33.0000023841858));
#2465=CARTESIAN_POINT('',(0.,15.8889727457342,27.5000023841858));
#2466=CARTESIAN_POINT('',(0.,15.8889727457342,33.0000023841858));
#2467=CARTESIAN_POINT('',(0.,15.8889727457342,16.5000011920929));
#2468=CARTESIAN_POINT('',(5.,15.8889727457342,27.5000023841858));
#2469=CARTESIAN_POINT('',(5.,15.8889727457342,27.5000023841858));
#2470=CARTESIAN_POINT('',(5.,15.8889727457342,33.0000023841858));
#2471=CARTESIAN_POINT('',(5.,15.8889727457342,33.0000023841858));
#2472=CARTESIAN_POINT('',(5.,15.8889727457342,33.0000023841858));
#2473=CARTESIAN_POINT('Origin',(5.,10.,33.0000023841858));
#2474=CARTESIAN_POINT('',(0.,4.11102725426581,33.0000023841858));
#2475=CARTESIAN_POINT('',(0.,5.,33.0000023841858));
#2476=CARTESIAN_POINT('',(10.1,12.9444863728671,33.0000023841858));
#2477=CARTESIAN_POINT('',(10.1,12.9444863728671,33.0000023841858));
#2478=CARTESIAN_POINT('',(10.1,7.05551362713291,33.0000023841858));
#2479=CARTESIAN_POINT('',(10.1,7.05551362713291,33.0000023841858));
#2480=CARTESIAN_POINT('',(5.,4.11102725426581,33.0000023841858));
#2481=CARTESIAN_POINT('',(5.,4.11102725426581,33.0000023841858));
#2482=CARTESIAN_POINT('',(-0.1,4.11102725426581,33.0000023841858));
#2483=CARTESIAN_POINT('',(8.25000007450581,10.0000001490116,33.0000023841858));
#2484=CARTESIAN_POINT('Origin',(5.00000007450581,10.0000001490116,33.0000023841858));
#2485=CARTESIAN_POINT('Origin',(10.1,12.9444863728671,33.0000023841858));
#2486=CARTESIAN_POINT('',(10.1,12.9444863728671,27.5000023841858));
#2487=CARTESIAN_POINT('',(10.1,12.9444863728671,33.0000023841858));
#2488=CARTESIAN_POINT('',(10.1,7.05551362713291,27.5000023841858));
#2489=CARTESIAN_POINT('',(10.1,7.05551362713291,27.5000023841858));
#2490=CARTESIAN_POINT('',(10.1,7.05551362713291,33.0000023841858));
#2491=CARTESIAN_POINT('Origin',(5.,15.8889727457342,33.0000023841858));
#2492=CARTESIAN_POINT('',(10.1,12.9444863728671,27.5000023841858));
#2493=CARTESIAN_POINT('Origin',(5.,4.11102725426581,33.0000023841858));
#2494=CARTESIAN_POINT('',(0.,4.11102725426581,27.5000023841858));
#2495=CARTESIAN_POINT('',(0.,4.11102725426581,16.5000011920929));
#2496=CARTESIAN_POINT('',(5.,4.11102725426581,27.5000023841858));
#2497=CARTESIAN_POINT('',(5.,4.11102725426581,33.0000023841858));
#2498=CARTESIAN_POINT('',(-0.1,4.11102725426581,27.5000023841858));
#2499=CARTESIAN_POINT('Origin',(10.1,7.05551362713291,33.0000023841858));
#2500=CARTESIAN_POINT('',(5.,4.11102725426581,27.5000023841858));
#2501=CARTESIAN_POINT('Origin',(5.,10.,27.5000023841858));
#2502=CARTESIAN_POINT('',(0.,5.,27.5000023841858));
#2503=CARTESIAN_POINT('',(8.25000007450581,10.0000001490116,27.5000023841858));
#2504=CARTESIAN_POINT('Origin',(5.00000007450581,10.0000001490116,27.5000023841858));
#2505=CARTESIAN_POINT('Origin',(83.0000013113022,70.8889727457342,33.0000023841858));
#2506=CARTESIAN_POINT('',(88.0000013113022,70.8889727457342,33.0000023841858));
#2507=CARTESIAN_POINT('',(88.0000013113022,70.8889727457342,27.5000023841858));
#2508=CARTESIAN_POINT('',(88.0000013113022,70.8889727457342,39.0000011920929));
#2509=CARTESIAN_POINT('',(83.0000013113022,70.8889727457342,33.0000023841858));
#2510=CARTESIAN_POINT('',(83.0000013113022,70.8889727457342,33.0000023841858));
#2511=CARTESIAN_POINT('',(83.0000013113022,70.8889727457342,27.5000023841858));
#2512=CARTESIAN_POINT('',(83.0000013113022,70.8889727457342,33.0000023841858));
#2513=CARTESIAN_POINT('',(83.0000013113022,70.8889727457342,27.5000023841858));
#2514=CARTESIAN_POINT('Origin',(83.0000013113022,65.,27.5000023841858));
#2515=CARTESIAN_POINT('',(88.0000013113022,59.1110272542658,27.5000023841858));
#2516=CARTESIAN_POINT('',(88.0000013113022,32.5,27.5000023841858));
#2517=CARTESIAN_POINT('',(77.9000013113022,67.9444863728671,27.5000023841858));
#2518=CARTESIAN_POINT('',(77.9000013113022,67.9444863728671,27.5000023841858));
#2519=CARTESIAN_POINT('',(77.9000013113022,62.0555136271329,27.5000023841858));
#2520=CARTESIAN_POINT('',(77.9000013113022,62.0555136271329,27.5000023841858));
#2521=CARTESIAN_POINT('',(83.0000013113022,59.1110272542658,27.5000023841858));
#2522=CARTESIAN_POINT('',(83.0000013113022,59.1110272542658,27.5000023841858));
#2523=CARTESIAN_POINT('',(88.1000013113022,59.1110272542658,27.5000023841858));
#2524=CARTESIAN_POINT('',(86.2500012367964,65.0000009685755,27.5000023841858));
#2525=CARTESIAN_POINT('Origin',(83.0000012367964,65.0000009685755,27.5000023841858));
#2526=CARTESIAN_POINT('Origin',(77.9000013113022,67.9444863728671,33.0000023841858));
#2527=CARTESIAN_POINT('',(77.9000013113022,67.9444863728671,33.0000023841858));
#2528=CARTESIAN_POINT('',(77.9000013113022,67.9444863728671,33.0000023841858));
#2529=CARTESIAN_POINT('',(77.9000013113022,67.9444863728671,33.0000023841858));
#2530=CARTESIAN_POINT('Origin',(77.9000013113022,62.0555136271329,33.0000023841858));
#2531=CARTESIAN_POINT('',(77.9000013113022,62.0555136271329,33.0000023841858));
#2532=CARTESIAN_POINT('',(77.9000013113022,62.0555136271329,33.0000023841858));
#2533=CARTESIAN_POINT('',(77.9000013113022,62.0555136271329,33.0000023841858));
#2534=CARTESIAN_POINT('Origin',(83.0000013113022,59.1110272542658,33.0000023841858));
#2535=CARTESIAN_POINT('',(83.0000013113022,59.1110272542658,33.0000023841858));
#2536=CARTESIAN_POINT('',(83.0000013113022,59.1110272542658,33.0000023841858));
#2537=CARTESIAN_POINT('',(83.0000013113022,59.1110272542658,33.0000023841858));
#2538=CARTESIAN_POINT('Origin',(88.1000013113022,59.1110272542658,33.0000023841858));
#2539=CARTESIAN_POINT('',(88.0000013113022,59.1110272542658,33.0000023841858));
#2540=CARTESIAN_POINT('',(88.0000013113022,59.1110272542658,39.0000011920929));
#2541=CARTESIAN_POINT('',(88.1000013113022,59.1110272542658,33.0000023841858));
#2542=CARTESIAN_POINT('Origin',(83.0000013113022,65.,33.0000023841858));
#2543=CARTESIAN_POINT('',(88.0000013113022,32.5,33.0000023841858));
#2544=CARTESIAN_POINT('',(86.2500012367964,65.0000009685755,33.0000023841858));
#2545=CARTESIAN_POINT('Origin',(83.0000012367964,65.0000009685755,33.0000023841858));
#2546=CARTESIAN_POINT('Origin',(5.00000007450581,65.0000009685755,45.0000023841858));
#2547=CARTESIAN_POINT('',(8.25000007450581,65.0000009685755,2.38418579101563E-6));
#2548=CARTESIAN_POINT('',(8.25000007450581,65.0000009685755,45.0000023841858));
#2549=CARTESIAN_POINT('Origin',(5.00000007450581,65.0000009685755,0.));
#2550=CARTESIAN_POINT('Origin',(83.0000012367964,10.0000001490116,45.0000023841858));
#2551=CARTESIAN_POINT('',(86.2500012367964,10.0000001490116,2.38418579101563E-6));
#2552=CARTESIAN_POINT('',(86.2500012367964,10.0000001490116,45.0000023841858));
#2553=CARTESIAN_POINT('Origin',(83.0000012367964,10.0000001490116,0.));
#2554=CARTESIAN_POINT('Origin',(5.00000007450581,10.0000001490116,45.0000023841858));
#2555=CARTESIAN_POINT('',(8.25000007450581,10.0000001490116,0.));
#2556=CARTESIAN_POINT('',(8.25000007450581,10.0000001490116,45.0000023841858));
#2557=CARTESIAN_POINT('Origin',(5.00000007450581,10.0000001490116,0.));
#2558=CARTESIAN_POINT('Origin',(83.0000012367964,65.0000009685755,45.0000023841858));
#2559=CARTESIAN_POINT('',(86.2500012367964,65.0000009685755,2.38418579101563E-6));
#2560=CARTESIAN_POINT('',(86.2500012367964,65.0000009685755,45.0000023841858));
#2561=CARTESIAN_POINT('Origin',(83.0000012367964,65.0000009685755,0.));
#2562=CARTESIAN_POINT('Origin',(70.0155520439148,74.9999976158142,9.60782766342163));
#2563=CARTESIAN_POINT('',(70.0155520439148,74.9999976158142,9.60782766342163));
#2564=CARTESIAN_POINT('',(70.8068232096971,75.,10.0646720925344));
#2565=CARTESIAN_POINT('',(63.0509593691528,75.,5.5868169852587));
#2566=CARTESIAN_POINT('',(70.0155520439148,57.9999976158142,9.60782766342163));
#2567=CARTESIAN_POINT('',(70.0155520439148,74.9999976158142,9.60782766342163));
#2568=CARTESIAN_POINT('',(70.8068232096971,57.9999976158142,10.0646720925344));
#2569=CARTESIAN_POINT('',(70.0155520439148,57.9999976158142,9.60782766342163));
#2570=CARTESIAN_POINT('',(70.8068425256232,74.9999976158142,10.0646869142363));
#2571=CARTESIAN_POINT('Origin',(69.1330030023248,74.9999976158142,9.37134898294403));
#2572=CARTESIAN_POINT('',(69.1330030109427,74.9999976158142,9.37134895078161));
#2573=CARTESIAN_POINT('',(59.0493839427263,75.,6.66944708596081));
#2574=CARTESIAN_POINT('',(69.1330030109427,57.9999976158142,9.37134895078161));
#2575=CARTESIAN_POINT('',(69.1330030109427,74.9999976158142,9.37134895078161));
#2576=CARTESIAN_POINT('',(69.1330027580261,57.9999976158142,9.37134891748428));
#2577=CARTESIAN_POINT('Origin',(68.2193161858503,74.9999976158142,9.37134891748428));
#2578=CARTESIAN_POINT('',(68.2193161858503,74.9999976158142,9.37134889377515));
#2579=CARTESIAN_POINT('',(56.1096584207507,75.,9.37134891748428));
#2580=CARTESIAN_POINT('',(68.2193161858503,57.9999976158142,9.37134889377515));
#2581=CARTESIAN_POINT('',(68.2193161858503,74.9999976158142,9.37134889377515));
#2582=CARTESIAN_POINT('',(68.2193160057068,57.9999976158142,9.37134891748428));
#2583=CARTESIAN_POINT('Origin',(67.3367668137493,74.9999976158142,9.60782763825279));
#2584=CARTESIAN_POINT('',(67.3367668104368,74.9999976158142,9.60782762589031));
#2585=CARTESIAN_POINT('',(54.8384957456933,75.,12.9567346237509));
#2586=CARTESIAN_POINT('',(67.3367668104368,57.9999976158142,9.60782762589031));
#2587=CARTESIAN_POINT('',(67.3367668104368,74.9999976158142,9.60782762589031));
#2588=CARTESIAN_POINT('',(67.3367667198181,57.9999976158142,9.60782766342163));
#2589=CARTESIAN_POINT('Origin',(66.5454936352365,74.9999976158142,10.0646695307106));
#2590=CARTESIAN_POINT('',(66.5454936327682,74.9999976158142,10.0646695264354));
#2591=CARTESIAN_POINT('',(55.3986066211842,75.,16.5003297056701));
#2592=CARTESIAN_POINT('',(66.5454936327682,57.9999976158142,10.0646695264354));
#2593=CARTESIAN_POINT('',(66.5454936327682,74.9999976158142,10.0646695264354));
#2594=CARTESIAN_POINT('',(66.5454936027527,57.9999976158142,10.0646695494652));
#2595=CARTESIAN_POINT('Origin',(65.8994222051389,74.9999976158142,10.7107409470789));
#2596=CARTESIAN_POINT('',(65.8994222027526,74.9999976158142,10.7107409446926));
#2597=CARTESIAN_POINT('',(57.4772520545367,75.,19.1329110976812));
#2598=CARTESIAN_POINT('',(65.8994222027526,57.9999976158142,10.7107409446926));
#2599=CARTESIAN_POINT('',(65.8994222027526,74.9999976158142,10.7107409446926));
#2600=CARTESIAN_POINT('',(65.8994221687317,57.9999976158142,10.7107409834862));
#2601=CARTESIAN_POINT('Origin',(64.3775202881502,74.9999976158142,12.6941243138722));
#2602=CARTESIAN_POINT('',(64.3775202881502,74.9999976158142,12.6941243138722));
#2603=CARTESIAN_POINT('',(58.2337316900622,75.,20.7008743194693));
#2604=CARTESIAN_POINT('',(64.3775202881502,57.9999976158142,12.6941243138722));
#2605=CARTESIAN_POINT('',(64.377520288549,74.9999976158142,12.6941243133525));
#2606=CARTESIAN_POINT('',(64.3775200843811,57.9999976158142,12.6941245794296));
#2607=CARTESIAN_POINT('Origin',(71.4528918266296,74.9999976158142,14.9720710515976));
#2608=CARTESIAN_POINT('',(71.4528918266296,74.9999976158142,14.9720710515976));
#2609=CARTESIAN_POINT('',(69.9309941628893,74.9999976158142,16.9554548027311));
#2610=CARTESIAN_POINT('',(64.5481746318959,75.,23.9705104450517));
#2611=CARTESIAN_POINT('',(71.4528918266296,57.9999976158142,14.9720710515976));
#2612=CARTESIAN_POINT('',(71.4528918266296,74.9999976158142,14.9720710515976));
#2613=CARTESIAN_POINT('',(69.9309941628893,57.9999976158142,16.9554548027311));
#2614=CARTESIAN_POINT('',(69.9309945106506,57.9999976158142,16.9554543495178));
#2615=CARTESIAN_POINT('',(69.9309941625493,74.9999976158142,16.9554548031741));
#2616=CARTESIAN_POINT('Origin',(71.9097399711609,74.9999976158142,14.1807979345322));
#2617=CARTESIAN_POINT('',(71.9097399711609,74.9999976158142,14.1807979345322));
#2618=CARTESIAN_POINT('',(66.6197765821648,75.,23.3431549892331));
#2619=CARTESIAN_POINT('',(71.9097399711609,57.9999976158142,14.1807979345322));
#2620=CARTESIAN_POINT('',(71.9097399711609,74.9999976158142,14.1807979345322));
#2621=CARTESIAN_POINT('',(71.9097399711609,57.9999976158142,14.1807979345322));
#2622=CARTESIAN_POINT('Origin',(72.1462130368461,74.9999976158142,13.2982481190695));
#2623=CARTESIAN_POINT('',(72.1462130455945,74.9999976158142,13.2982481214136));
#2624=CARTESIAN_POINT('',(70.0533381284635,75.,21.1091434480026));
#2625=CARTESIAN_POINT('',(72.1462130455945,57.9999976158142,13.2982481214136));
#2626=CARTESIAN_POINT('',(72.1462130455945,74.9999976158142,13.2982481214136));
#2627=CARTESIAN_POINT('',(72.146213054657,57.9999976158142,13.298248052597));
#2628=CARTESIAN_POINT('Origin',(72.146213054657,74.9999976158142,12.3845643445049));
#2629=CARTESIAN_POINT('',(72.1462130630793,74.9999976158142,12.3845643445049));
#2630=CARTESIAN_POINT('',(72.146213054657,75.,17.4422821722524));
#2631=CARTESIAN_POINT('',(72.1462130630793,57.9999976158142,12.3845643445049));
#2632=CARTESIAN_POINT('',(72.1462130630793,74.9999976158142,12.3845643445049));
#2633=CARTESIAN_POINT('',(72.146213054657,57.9999976158142,12.3845642805099));
#2634=CARTESIAN_POINT('Origin',(71.9097399711609,74.9999976158142,11.5020143985748));
#2635=CARTESIAN_POINT('',(71.9097399711609,74.9999976158142,11.5020143985748));
#2636=CARTESIAN_POINT('',(72.349701907474,75.,13.1440125034267));
#2637=CARTESIAN_POINT('',(71.9097399711609,57.9999976158142,11.5020143985748));
#2638=CARTESIAN_POINT('',(71.9097399711609,74.9999976158142,11.5020143985748));
#2639=CARTESIAN_POINT('',(71.9097399711609,57.9999976158142,11.5020143985748));
#2640=CARTESIAN_POINT('Origin',(71.4528918266296,74.9999976158142,10.7107409834862));
#2641=CARTESIAN_POINT('',(71.4528918266296,74.9999976158142,10.7107409834862));
#2642=CARTESIAN_POINT('',(70.573677127794,75.,9.18791720566913));
#2643=CARTESIAN_POINT('',(71.4528918266296,57.9999976158142,10.7107409834862));
#2644=CARTESIAN_POINT('',(71.4528918266296,74.9999976158142,10.7107409834862));
#2645=CARTESIAN_POINT('',(71.4528918266296,57.9999976158142,10.7107409834862));
#2646=CARTESIAN_POINT('Origin',(70.8068425256232,74.9999976158142,10.0646869142364));
#2647=CARTESIAN_POINT('',(67.2140097920721,75.,6.47182766335753));
#2648=CARTESIAN_POINT('',(70.8068251609802,57.9999976158142,10.0646695494652));
#2649=CARTESIAN_POINT('Origin',(68.261866569519,57.9999976158142,13.1634018603289));
#2650=CARTESIAN_POINT('',(64.1265576202942,57.9999976158142,12.5015538800878));
#2651=CARTESIAN_POINT('Origin',(61.2041068077087,74.9999976158142,10.2590784430504));
#2652=CARTESIAN_POINT('',(61.2041068077087,74.9999976158142,10.2590784430504));
#2653=CARTESIAN_POINT('',(58.7458483780362,75.,8.37279035816939));
#2654=CARTESIAN_POINT('',(61.2041068077087,54.9999976158142,10.2590784430504));
#2655=CARTESIAN_POINT('',(61.2041068077087,74.9999976158142,10.2590784430504));
#2656=CARTESIAN_POINT('',(65.0000009685755,55.0000008195639,13.1717705508797));
#2657=CARTESIAN_POINT('',(57.570381925857,55.0000006745865,7.470823202821));
#2658=CARTESIAN_POINT('',(73.104407787323,54.9999976158142,19.3905007839203));
#2659=CARTESIAN_POINT('',(70.7879817223755,55.0000008195639,17.6130445030523));
#2660=CARTESIAN_POINT('',(73.104407787323,74.9999976158142,19.3905007839203));
#2661=CARTESIAN_POINT('',(73.104407787323,74.9999976158142,19.3905007839203));
#2662=CARTESIAN_POINT('',(58.7458483780362,75.,8.37279035816939));
#2663=CARTESIAN_POINT('Origin',(58.1998753547668,74.9999976158142,14.1742670536041));
#2664=CARTESIAN_POINT('',(58.2378896480209,54.9999976158142,14.1247258879789));
#2665=CARTESIAN_POINT('',(58.2378896480209,74.9999976158142,14.1247258879789));
#2666=CARTESIAN_POINT('',(58.2378896480209,0.,14.1247258879789));
#2667=CARTESIAN_POINT('',(44.2336574217635,55.0000004143414,32.3753871205219));
#2668=CARTESIAN_POINT('',(53.5581940619771,75.,20.2234207276844));
#2669=CARTESIAN_POINT('Origin',(73.104407787323,74.9999976158142,19.3905007839203));
#2670=CARTESIAN_POINT('',(70.1381897613014,74.9999976158142,23.2561478866152));
#2671=CARTESIAN_POINT('',(70.1381897613014,55.0000008195639,23.2561478866152));
#2672=CARTESIAN_POINT('',(70.1381897613014,0.,23.2561478866152));
#2673=CARTESIAN_POINT('',(66.9606070152109,75.,27.3972506067254));
#2674=CARTESIAN_POINT('',(65.4184768906939,55.0000008195639,29.4069918986739));
#2675=CARTESIAN_POINT('Origin',(44.0000006556511,75.,22.5));
#2676=CARTESIAN_POINT('',(78.0000011622906,75.,45.));
#2677=CARTESIAN_POINT('Origin',(44.0000006556511,75.,45.));
#2678=CARTESIAN_POINT('',(88.0000013113022,75.,45.));
#2679=CARTESIAN_POINT('',(78.0000011622906,75.,45.));
#2680=CARTESIAN_POINT('',(88.0000013113022,75.,0.));
#2681=CARTESIAN_POINT('',(88.0000013113022,75.,45.));
#2682=CARTESIAN_POINT('',(0.,75.,0.));
#2683=CARTESIAN_POINT('',(88.0000013113022,75.,0.));
#2684=CARTESIAN_POINT('',(0.,75.,45.));
#2685=CARTESIAN_POINT('',(0.,75.,0.));
#2686=CARTESIAN_POINT('',(10.0000001490116,75.,45.));
#2687=CARTESIAN_POINT('',(0.,75.,45.));
#2688=CARTESIAN_POINT('Origin',(44.0000006556511,75.,45.));
#2689=CARTESIAN_POINT('Origin',(44.0000006556511,0.,45.));
#2690=CARTESIAN_POINT('',(78.0000011622905,55.0000008195639,45.0000023841858));
#2691=CARTESIAN_POINT('Origin',(44.0000006556511,55.0000008195639,45.));
#2692=CARTESIAN_POINT('',(78.0000011622906,0.,45.));
#2693=CARTESIAN_POINT('Origin',(44.0000006556511,0.,45.));
#2694=CARTESIAN_POINT('',(10.0000001490117,55.,45.0000023841858));
#2695=CARTESIAN_POINT('',(10.0000001490116,0.,45.));
#2696=CARTESIAN_POINT('',(23.0000003427267,55.,18.2605156873088));
#2697=CARTESIAN_POINT('Origin',(44.0000006556511,55.,45.));
#2698=CARTESIAN_POINT('Origin',(44.0000006556511,55.0000004097819,45.));
#2699=CARTESIAN_POINT('',(37.7500006556511,65.0000007636845,11.5793845889773));
#2700=CARTESIAN_POINT('Ctrl Pts',(37.7500006556511,65.0000007636845,11.5793845889773));
#2701=CARTESIAN_POINT('Ctrl Pts',(37.7500006556511,65.7867067958587,11.5793845889773));
#2702=CARTESIAN_POINT('Ctrl Pts',(37.9075911583354,66.6245950564405,11.5487296226164));
#2703=CARTESIAN_POINT('Ctrl Pts',(38.5459746986399,68.163916500057,11.4387344896483));
#2704=CARTESIAN_POINT('Ctrl Pts',(39.0266728759468,68.865507748812,11.3610622209924));
#2705=CARTESIAN_POINT('Ctrl Pts',(40.1344716515869,69.9733065244522,11.2158352950484));
#2706=CARTESIAN_POINT('Ctrl Pts',(40.8360723022953,70.4540219632162,11.1387397347011));
#2707=CARTESIAN_POINT('Ctrl Pts',(42.3754262343977,71.0924180270538,11.0300699544728));
#2708=CARTESIAN_POINT('Ctrl Pts',(43.2133258964596,71.2500007636845,10.9999994933605));
#2709=CARTESIAN_POINT('Ctrl Pts',(44.7866754148426,71.2500007636845,10.9999994933605));
#2710=CARTESIAN_POINT('Ctrl Pts',(45.6245750769045,71.0924180270538,11.0300699544728));
#2711=CARTESIAN_POINT('Ctrl Pts',(47.1639290090069,70.4540219632162,11.1387397347011));
#2712=CARTESIAN_POINT('Ctrl Pts',(47.8655296597152,69.9733065244522,11.2158352950484));
#2713=CARTESIAN_POINT('Ctrl Pts',(48.9733284353554,68.865507748812,11.3610622209924));
#2714=CARTESIAN_POINT('Ctrl Pts',(49.4540266126623,68.163916500057,11.4387344896483));
#2715=CARTESIAN_POINT('Ctrl Pts',(50.0924101529668,66.6245950564405,11.5487296226164));
#2716=CARTESIAN_POINT('Ctrl Pts',(50.2500006556511,65.7867067958588,11.5793845889773));
#2717=CARTESIAN_POINT('Ctrl Pts',(50.2500006556511,64.2132947315103,11.5793845889773));
#2718=CARTESIAN_POINT('Ctrl Pts',(50.0924101529668,63.3754064709285,11.5487296226164));
#2719=CARTESIAN_POINT('Ctrl Pts',(49.4540266126623,61.8360850273121,11.4387344896483));
#2720=CARTESIAN_POINT('Ctrl Pts',(48.9733284353554,61.134493778557,11.3610622209924));
#2721=CARTESIAN_POINT('Ctrl Pts',(47.8655296597152,60.0266950029168,11.2158352950484));
#2722=CARTESIAN_POINT('Ctrl Pts',(47.1639290090069,59.5459795641528,11.1387397347011));
#2723=CARTESIAN_POINT('Ctrl Pts',(45.6245750769045,58.9075835003152,11.0300699544728));
#2724=CARTESIAN_POINT('Ctrl Pts',(44.7866754148426,58.7500007636845,10.9999994933605));
#2725=CARTESIAN_POINT('Ctrl Pts',(43.2133258964596,58.7500007636845,10.9999994933605));
#2726=CARTESIAN_POINT('Ctrl Pts',(42.3754262343977,58.9075835003152,11.0300699544728));
#2727=CARTESIAN_POINT('Ctrl Pts',(40.8360723022953,59.5459795641528,11.1387397347011));
#2728=CARTESIAN_POINT('Ctrl Pts',(40.1344716515869,60.0266950029168,11.2158352950484));
#2729=CARTESIAN_POINT('Ctrl Pts',(39.0266728759468,61.134493778557,11.3610622209924));
#2730=CARTESIAN_POINT('Ctrl Pts',(38.5459746986399,61.8360850273121,11.4387344896483));
#2731=CARTESIAN_POINT('Ctrl Pts',(37.9075911583354,63.3754064709285,11.5487296226164));
#2732=CARTESIAN_POINT('Ctrl Pts',(37.7500006556511,64.2132947315103,11.5793845889773));
#2733=CARTESIAN_POINT('Ctrl Pts',(37.7500006556511,65.0000007636845,11.5793845889773));
#2734=CARTESIAN_POINT('Origin',(88.0000013113022,0.,0.));
#2735=CARTESIAN_POINT('',(88.0000013113022,0.,0.));
#2736=CARTESIAN_POINT('',(0.,0.,0.));
#2737=CARTESIAN_POINT('',(88.0000013113022,0.,0.));
#2738=CARTESIAN_POINT('',(0.,0.,0.));
#2739=CARTESIAN_POINT('',(88.0000013113022,0.,0.));
#2740=CARTESIAN_POINT('',(23.0000003427267,20.0000002980232,2.38418579101563E-6));
#2741=CARTESIAN_POINT('',(65.0000009685755,20.0000002980232,2.38418579101563E-6));
#2742=CARTESIAN_POINT('',(76.5000011399388,20.0000002980232,0.));
#2743=CARTESIAN_POINT('',(65.0000009685755,55.0000008195639,2.38418579101563E-6));
#2744=CARTESIAN_POINT('',(65.0000009685755,27.5000004097819,0.));
#2745=CARTESIAN_POINT('',(23.0000003427267,55.,2.38418579101563E-6));
#2746=CARTESIAN_POINT('',(55.5000002903952,55.0000006341863,4.44089209850063E-15));
#2747=CARTESIAN_POINT('',(23.0000003427267,10.0000001490116,0.));
#2748=CARTESIAN_POINT('',(8.25000017136335,45.0000001490116,2.38418579101563E-6));
#2749=CARTESIAN_POINT('',(8.25000017136337,15.0000001909674,0.));
#2750=CARTESIAN_POINT('Origin',(11.5000001713634,45.0000001490116,0.));
#2751=CARTESIAN_POINT('',(73.2500011399388,45.0000001490116,2.38418579101563E-6));
#2752=CARTESIAN_POINT('',(73.2500011399388,15.0000001917529,0.));
#2753=CARTESIAN_POINT('Origin',(76.5000011399388,45.0000001490116,0.));
#2754=CARTESIAN_POINT('',(47.2500006556511,65.0000007636845,2.38418579101563E-6));
#2755=CARTESIAN_POINT('Origin',(44.0000006556511,65.0000007636845,0.));
#2756=CARTESIAN_POINT('',(47.2500006556511,10.0000001490116,2.38418579101563E-6));
#2757=CARTESIAN_POINT('Origin',(44.0000006556511,10.0000001490116,0.));
#2758=CARTESIAN_POINT('Ctrl Pts',(37.7500006556511,65.0000007636845,11.5793845889773));
#2759=CARTESIAN_POINT('Ctrl Pts',(37.7500006556511,65.0000007636845,4.57938458897734));
#2760=CARTESIAN_POINT('Ctrl Pts',(37.7500006556511,65.7867067958587,11.5793845889773));
#2761=CARTESIAN_POINT('Ctrl Pts',(37.7500006556511,65.7867067958587,4.57938458897734));
#2762=CARTESIAN_POINT('Ctrl Pts',(37.9075911583354,66.6245950564405,11.5487296226164));
#2763=CARTESIAN_POINT('Ctrl Pts',(37.9075911583354,66.6245950564405,4.54872962261641));
#2764=CARTESIAN_POINT('Ctrl Pts',(38.5459746986399,68.163916500057,11.4387344896483));
#2765=CARTESIAN_POINT('Ctrl Pts',(38.5459746986399,68.163916500057,4.4387344896483));
#2766=CARTESIAN_POINT('Ctrl Pts',(39.0266728759468,68.865507748812,11.3610622209924));
#2767=CARTESIAN_POINT('Ctrl Pts',(39.0266728759468,68.865507748812,4.36106222099244));
#2768=CARTESIAN_POINT('Ctrl Pts',(40.1344716515869,69.9733065244522,11.2158352950484));
#2769=CARTESIAN_POINT('Ctrl Pts',(40.1344716515869,69.9733065244522,4.21583529504836));
#2770=CARTESIAN_POINT('Ctrl Pts',(40.8360723022953,70.4540219632162,11.1387397347011));
#2771=CARTESIAN_POINT('Ctrl Pts',(40.8360723022953,70.4540219632162,4.13873973470112));
#2772=CARTESIAN_POINT('Ctrl Pts',(42.3754262343977,71.0924180270538,11.0300699544728));
#2773=CARTESIAN_POINT('Ctrl Pts',(42.3754262343977,71.0924180270538,4.03006995447283));
#2774=CARTESIAN_POINT('Ctrl Pts',(43.2133258964596,71.2500007636845,10.9999994933605));
#2775=CARTESIAN_POINT('Ctrl Pts',(43.2133258964596,71.2500007636845,3.99999949336051));
#2776=CARTESIAN_POINT('Ctrl Pts',(44.7866754148426,71.2500007636845,10.9999994933605));
#2777=CARTESIAN_POINT('Ctrl Pts',(44.7866754148426,71.2500007636845,3.99999949336051));
#2778=CARTESIAN_POINT('Ctrl Pts',(45.6245750769045,71.0924180270538,11.0300699544728));
#2779=CARTESIAN_POINT('Ctrl Pts',(45.6245750769045,71.0924180270538,4.03006995447283));
#2780=CARTESIAN_POINT('Ctrl Pts',(47.1639290090069,70.4540219632162,11.1387397347011));
#2781=CARTESIAN_POINT('Ctrl Pts',(47.1639290090069,70.4540219632162,4.13873973470112));
#2782=CARTESIAN_POINT('Ctrl Pts',(47.8655296597152,69.9733065244522,11.2158352950484));
#2783=CARTESIAN_POINT('Ctrl Pts',(47.8655296597152,69.9733065244522,4.21583529504836));
#2784=CARTESIAN_POINT('Ctrl Pts',(48.9733284353554,68.865507748812,11.3610622209924));
#2785=CARTESIAN_POINT('Ctrl Pts',(48.9733284353554,68.865507748812,4.36106222099244));
#2786=CARTESIAN_POINT('Ctrl Pts',(49.4540266126623,68.163916500057,11.4387344896483));
#2787=CARTESIAN_POINT('Ctrl Pts',(49.4540266126623,68.163916500057,4.4387344896483));
#2788=CARTESIAN_POINT('Ctrl Pts',(50.0924101529668,66.6245950564405,11.5487296226164));
#2789=CARTESIAN_POINT('Ctrl Pts',(50.0924101529668,66.6245950564405,4.54872962261641));
#2790=CARTESIAN_POINT('Ctrl Pts',(50.2500006556511,65.7867067958588,11.5793845889773));
#2791=CARTESIAN_POINT('Ctrl Pts',(50.2500006556511,65.7867067958588,4.57938458897734));
#2792=CARTESIAN_POINT('Ctrl Pts',(50.2500006556511,64.2132947315103,11.5793845889773));
#2793=CARTESIAN_POINT('Ctrl Pts',(50.2500006556511,64.2132947315103,4.57938458897734));
#2794=CARTESIAN_POINT('Ctrl Pts',(50.0924101529668,63.3754064709285,11.5487296226164));
#2795=CARTESIAN_POINT('Ctrl Pts',(50.0924101529668,63.3754064709285,4.5487296226164));
#2796=CARTESIAN_POINT('Ctrl Pts',(49.4540266126623,61.8360850273121,11.4387344896483));
#2797=CARTESIAN_POINT('Ctrl Pts',(49.4540266126623,61.8360850273121,4.4387344896483));
#2798=CARTESIAN_POINT('Ctrl Pts',(48.9733284353554,61.134493778557,11.3610622209924));
#2799=CARTESIAN_POINT('Ctrl Pts',(48.9733284353554,61.134493778557,4.36106222099244));
#2800=CARTESIAN_POINT('Ctrl Pts',(47.8655296597152,60.0266950029168,11.2158352950484));
#2801=CARTESIAN_POINT('Ctrl Pts',(47.8655296597152,60.0266950029168,4.21583529504836));
#2802=CARTESIAN_POINT('Ctrl Pts',(47.1639290090069,59.5459795641528,11.1387397347011));
#2803=CARTESIAN_POINT('Ctrl Pts',(47.1639290090069,59.5459795641528,4.13873973470112));
#2804=CARTESIAN_POINT('Ctrl Pts',(45.6245750769045,58.9075835003152,11.0300699544728));
#2805=CARTESIAN_POINT('Ctrl Pts',(45.6245750769045,58.9075835003152,4.03006995447283));
#2806=CARTESIAN_POINT('Ctrl Pts',(44.7866754148426,58.7500007636845,10.9999994933605));
#2807=CARTESIAN_POINT('Ctrl Pts',(44.7866754148426,58.7500007636845,3.99999949336051));
#2808=CARTESIAN_POINT('Ctrl Pts',(43.2133258964596,58.7500007636845,10.9999994933605));
#2809=CARTESIAN_POINT('Ctrl Pts',(43.2133258964596,58.7500007636845,3.99999949336051));
#2810=CARTESIAN_POINT('Ctrl Pts',(42.3754262343977,58.9075835003152,11.0300699544728));
#2811=CARTESIAN_POINT('Ctrl Pts',(42.3754262343977,58.9075835003152,4.03006995447283));
#2812=CARTESIAN_POINT('Ctrl Pts',(40.8360723022953,59.5459795641528,11.1387397347011));
#2813=CARTESIAN_POINT('Ctrl Pts',(40.8360723022953,59.5459795641528,4.13873973470112));
#2814=CARTESIAN_POINT('Ctrl Pts',(40.1344716515869,60.0266950029168,11.2158352950484));
#2815=CARTESIAN_POINT('Ctrl Pts',(40.1344716515869,60.0266950029168,4.21583529504836));
#2816=CARTESIAN_POINT('Ctrl Pts',(39.0266728759468,61.134493778557,11.3610622209924));
#2817=CARTESIAN_POINT('Ctrl Pts',(39.0266728759468,61.134493778557,4.36106222099244));
#2818=CARTESIAN_POINT('Ctrl Pts',(38.5459746986399,61.8360850273121,11.4387344896483));
#2819=CARTESIAN_POINT('Ctrl Pts',(38.5459746986399,61.8360850273121,4.4387344896483));
#2820=CARTESIAN_POINT('Ctrl Pts',(37.9075911583354,63.3754064709285,11.5487296226164));
#2821=CARTESIAN_POINT('Ctrl Pts',(37.9075911583354,63.3754064709285,4.54872962261641));
#2822=CARTESIAN_POINT('Ctrl Pts',(37.7500006556511,64.2132947315103,11.5793845889773));
#2823=CARTESIAN_POINT('Ctrl Pts',(37.7500006556511,64.2132947315103,4.57938458897734));
#2824=CARTESIAN_POINT('Ctrl Pts',(37.7500006556511,65.0000007636845,11.5793845889773));
#2825=CARTESIAN_POINT('Ctrl Pts',(37.7500006556511,65.0000007636845,4.57938458897734));
#2826=CARTESIAN_POINT('',(37.7500006556511,65.0000007636845,4.57938458897734));
#2827=CARTESIAN_POINT('',(37.7500006556511,65.0000007636845,11.5793845889773));
#2828=CARTESIAN_POINT('Ctrl Pts',(37.7500006556511,65.0000007636845,4.57938458897734));
#2829=CARTESIAN_POINT('Ctrl Pts',(37.7500006556511,65.7867067958587,4.57938458897734));
#2830=CARTESIAN_POINT('Ctrl Pts',(37.9075911583354,66.6245950564405,4.54872962261641));
#2831=CARTESIAN_POINT('Ctrl Pts',(38.5459746986399,68.163916500057,4.4387344896483));
#2832=CARTESIAN_POINT('Ctrl Pts',(39.0266728759468,68.865507748812,4.36106222099244));
#2833=CARTESIAN_POINT('Ctrl Pts',(40.1344716515869,69.9733065244522,4.21583529504836));
#2834=CARTESIAN_POINT('Ctrl Pts',(40.8360723022953,70.4540219632162,4.13873973470112));
#2835=CARTESIAN_POINT('Ctrl Pts',(42.3754262343977,71.0924180270538,4.03006995447283));
#2836=CARTESIAN_POINT('Ctrl Pts',(43.2133258964596,71.2500007636845,3.99999949336051));
#2837=CARTESIAN_POINT('Ctrl Pts',(44.7866754148426,71.2500007636845,3.99999949336051));
#2838=CARTESIAN_POINT('Ctrl Pts',(45.6245750769045,71.0924180270538,4.03006995447283));
#2839=CARTESIAN_POINT('Ctrl Pts',(47.1639290090069,70.4540219632162,4.13873973470112));
#2840=CARTESIAN_POINT('Ctrl Pts',(47.8655296597152,69.9733065244522,4.21583529504836));
#2841=CARTESIAN_POINT('Ctrl Pts',(48.9733284353554,68.865507748812,4.36106222099244));
#2842=CARTESIAN_POINT('Ctrl Pts',(49.4540266126623,68.163916500057,4.4387344896483));
#2843=CARTESIAN_POINT('Ctrl Pts',(50.0924101529668,66.6245950564405,4.54872962261641));
#2844=CARTESIAN_POINT('Ctrl Pts',(50.2500006556511,65.7867067958588,4.57938458897734));
#2845=CARTESIAN_POINT('Ctrl Pts',(50.2500006556511,64.2132947315103,4.57938458897734));
#2846=CARTESIAN_POINT('Ctrl Pts',(50.0924101529668,63.3754064709285,4.5487296226164));
#2847=CARTESIAN_POINT('Ctrl Pts',(49.4540266126623,61.8360850273121,4.4387344896483));
#2848=CARTESIAN_POINT('Ctrl Pts',(48.9733284353554,61.134493778557,4.36106222099244));
#2849=CARTESIAN_POINT('Ctrl Pts',(47.8655296597152,60.0266950029168,4.21583529504836));
#2850=CARTESIAN_POINT('Ctrl Pts',(47.1639290090069,59.5459795641528,4.13873973470112));
#2851=CARTESIAN_POINT('Ctrl Pts',(45.6245750769045,58.9075835003152,4.03006995447283));
#2852=CARTESIAN_POINT('Ctrl Pts',(44.7866754148426,58.7500007636845,3.99999949336051));
#2853=CARTESIAN_POINT('Ctrl Pts',(43.2133258964596,58.7500007636845,3.99999949336051));
#2854=CARTESIAN_POINT('Ctrl Pts',(42.3754262343977,58.9075835003152,4.03006995447283));
#2855=CARTESIAN_POINT('Ctrl Pts',(40.8360723022953,59.5459795641528,4.13873973470112));
#2856=CARTESIAN_POINT('Ctrl Pts',(40.1344716515869,60.0266950029168,4.21583529504836));
#2857=CARTESIAN_POINT('Ctrl Pts',(39.0266728759468,61.134493778557,4.36106222099244));
#2858=CARTESIAN_POINT('Ctrl Pts',(38.5459746986399,61.8360850273121,4.4387344896483));
#2859=CARTESIAN_POINT('Ctrl Pts',(37.9075911583354,63.3754064709285,4.54872962261641));
#2860=CARTESIAN_POINT('Ctrl Pts',(37.7500006556511,64.2132947315103,4.57938458897734));
#2861=CARTESIAN_POINT('Ctrl Pts',(37.7500006556511,65.0000007636845,4.57938458897734));
#2862=CARTESIAN_POINT('Origin',(44.0000006556511,0.,38.));
#2863=CARTESIAN_POINT('',(40.7500006556511,65.0000007636845,4.15568682257704));
#2864=CARTESIAN_POINT('',(47.2500006556511,65.0000007636845,4.15568682257704));
#2865=CARTESIAN_POINT('Ctrl Pts',(40.7500006556511,65.0000007636845,4.15568682257704));
#2866=CARTESIAN_POINT('Ctrl Pts',(40.7500006556511,64.5916553015576,4.15568682257704));
#2867=CARTESIAN_POINT('Ctrl Pts',(40.8316596722687,64.1562628367279,4.14753508269901));
#2868=CARTESIAN_POINT('Ctrl Pts',(41.1634114080868,63.3556042647181,4.11812391713028));
#2869=CARTESIAN_POINT('Ctrl Pts',(41.4134905014663,62.9903168401567,4.09729268089153));
#2870=CARTESIAN_POINT('Ctrl Pts',(41.9903159132074,62.4134914284157,4.05821505718532));
#2871=CARTESIAN_POINT('Ctrl Pts',(42.3556036974434,62.1634116968074,4.03742542192647));
#2872=CARTESIAN_POINT('Ctrl Pts',(43.1562634712509,61.8316594822237,4.00810948346528));
#2873=CARTESIAN_POINT('Ctrl Pts',(43.5916563529743,61.7500007636845,3.99999949336051));
#2874=CARTESIAN_POINT('Ctrl Pts',(44.4083449583279,61.7500007636845,3.99999949336051));
#2875=CARTESIAN_POINT('Ctrl Pts',(44.8437378400513,61.8316594822237,4.00810948346528));
#2876=CARTESIAN_POINT('Ctrl Pts',(45.6443976138588,62.1634116968074,4.03742542192647));
#2877=CARTESIAN_POINT('Ctrl Pts',(46.0096853980948,62.4134914284157,4.05821505718532));
#2878=CARTESIAN_POINT('Ctrl Pts',(46.5865108098359,62.9903168401567,4.09729268089153));
#2879=CARTESIAN_POINT('Ctrl Pts',(46.8365899032154,63.3556042647181,4.11812391713028));
#2880=CARTESIAN_POINT('Ctrl Pts',(47.1683416390335,64.1562628367279,4.14753508269901));
#2881=CARTESIAN_POINT('Ctrl Pts',(47.2500006556511,64.5916553015576,4.15568682257704));
#2882=CARTESIAN_POINT('Ctrl Pts',(47.2500006556511,65.0000007636845,4.15568682257704));
#2883=CARTESIAN_POINT('Ctrl Pts',(47.2500006556511,65.0000007636845,4.15568682257704));
#2884=CARTESIAN_POINT('Ctrl Pts',(47.2500006556511,65.4083462258114,4.15568682257704));
#2885=CARTESIAN_POINT('Ctrl Pts',(47.1683416390335,65.8437386906411,4.14753508269901));
#2886=CARTESIAN_POINT('Ctrl Pts',(46.8365899032154,66.6443972626509,4.11812391713028));
#2887=CARTESIAN_POINT('Ctrl Pts',(46.5865108098359,67.0096846872123,4.09729268089153));
#2888=CARTESIAN_POINT('Ctrl Pts',(46.0096853980948,67.5865100989533,4.05821505718532));
#2889=CARTESIAN_POINT('Ctrl Pts',(45.6443976138588,67.8365898305616,4.03742542192647));
#2890=CARTESIAN_POINT('Ctrl Pts',(44.8437378400513,68.1683420451453,4.00810948346528));
#2891=CARTESIAN_POINT('Ctrl Pts',(44.4083449583279,68.2500007636845,3.99999949336051));
#2892=CARTESIAN_POINT('Ctrl Pts',(43.5916563529743,68.2500007636845,3.99999949336051));
#2893=CARTESIAN_POINT('Ctrl Pts',(43.1562634712509,68.1683420451453,4.00810948346528));
#2894=CARTESIAN_POINT('Ctrl Pts',(42.3556036974434,67.8365898305616,4.03742542192647));
#2895=CARTESIAN_POINT('Ctrl Pts',(41.9903159132074,67.5865100989533,4.05821505718532));
#2896=CARTESIAN_POINT('Ctrl Pts',(41.4134905014663,67.0096846872123,4.09729268089153));
#2897=CARTESIAN_POINT('Ctrl Pts',(41.1634114080868,66.6443972626509,4.11812391713028));
#2898=CARTESIAN_POINT('Ctrl Pts',(40.8316596722687,65.8437386906411,4.14753508269901));
#2899=CARTESIAN_POINT('Ctrl Pts',(40.7500006556511,65.4083462258114,4.15568682257704));
#2900=CARTESIAN_POINT('Ctrl Pts',(40.7500006556511,65.0000007636845,4.15568682257704));
#2901=CARTESIAN_POINT('Ctrl Pts',(37.7500006556511,10.0000001490116,11.5793845889773));
#2902=CARTESIAN_POINT('Ctrl Pts',(37.7500006556511,10.0000001490116,4.57938458897734));
#2903=CARTESIAN_POINT('Ctrl Pts',(37.7500006556511,10.7867061811859,11.5793845889773));
#2904=CARTESIAN_POINT('Ctrl Pts',(37.7500006556511,10.7867061811859,4.57938458897734));
#2905=CARTESIAN_POINT('Ctrl Pts',(37.9075911583354,11.6245944417676,11.5487296226164));
#2906=CARTESIAN_POINT('Ctrl Pts',(37.9075911583354,11.6245944417676,4.5487296226164));
#2907=CARTESIAN_POINT('Ctrl Pts',(38.5459746986399,13.163915885384,11.4387344896483));
#2908=CARTESIAN_POINT('Ctrl Pts',(38.5459746986399,13.163915885384,4.4387344896483));
#2909=CARTESIAN_POINT('Ctrl Pts',(39.0266728759468,13.8655071341391,11.3610622209924));
#2910=CARTESIAN_POINT('Ctrl Pts',(39.0266728759468,13.8655071341391,4.36106222099244));
#2911=CARTESIAN_POINT('Ctrl Pts',(40.1344716515869,14.9733059097793,11.2158352950484));
#2912=CARTESIAN_POINT('Ctrl Pts',(40.1344716515869,14.9733059097793,4.21583529504836));
#2913=CARTESIAN_POINT('Ctrl Pts',(40.8360723022953,15.4540213485433,11.1387397347011));
#2914=CARTESIAN_POINT('Ctrl Pts',(40.8360723022953,15.4540213485433,4.13873973470112));
#2915=CARTESIAN_POINT('Ctrl Pts',(42.3754262343977,16.0924174123809,11.0300699544728));
#2916=CARTESIAN_POINT('Ctrl Pts',(42.3754262343977,16.0924174123809,4.03006995447283));
#2917=CARTESIAN_POINT('Ctrl Pts',(43.2133258964596,16.2500001490116,10.9999994933605));
#2918=CARTESIAN_POINT('Ctrl Pts',(43.2133258964596,16.2500001490116,3.99999949336051));
#2919=CARTESIAN_POINT('Ctrl Pts',(44.7866754148426,16.2500001490116,10.9999994933605));
#2920=CARTESIAN_POINT('Ctrl Pts',(44.7866754148426,16.2500001490116,3.99999949336051));
#2921=CARTESIAN_POINT('Ctrl Pts',(45.6245750769045,16.0924174123809,11.0300699544728));
#2922=CARTESIAN_POINT('Ctrl Pts',(45.6245750769045,16.0924174123809,4.03006995447283));
#2923=CARTESIAN_POINT('Ctrl Pts',(47.1639290090069,15.4540213485433,11.1387397347011));
#2924=CARTESIAN_POINT('Ctrl Pts',(47.1639290090069,15.4540213485433,4.13873973470112));
#2925=CARTESIAN_POINT('Ctrl Pts',(47.8655296597152,14.9733059097793,11.2158352950484));
#2926=CARTESIAN_POINT('Ctrl Pts',(47.8655296597152,14.9733059097793,4.21583529504836));
#2927=CARTESIAN_POINT('Ctrl Pts',(48.9733284353554,13.8655071341391,11.3610622209924));
#2928=CARTESIAN_POINT('Ctrl Pts',(48.9733284353554,13.8655071341391,4.36106222099244));
#2929=CARTESIAN_POINT('Ctrl Pts',(49.4540266126623,13.1639158853841,11.4387344896483));
#2930=CARTESIAN_POINT('Ctrl Pts',(49.4540266126623,13.1639158853841,4.4387344896483));
#2931=CARTESIAN_POINT('Ctrl Pts',(50.0924101529668,11.6245944417676,11.5487296226164));
#2932=CARTESIAN_POINT('Ctrl Pts',(50.0924101529668,11.6245944417676,4.5487296226164));
#2933=CARTESIAN_POINT('Ctrl Pts',(50.2500006556511,10.7867061811859,11.5793845889773));
#2934=CARTESIAN_POINT('Ctrl Pts',(50.2500006556511,10.7867061811859,4.57938458897734));
#2935=CARTESIAN_POINT('Ctrl Pts',(50.2500006556511,9.21329411683736,11.5793845889773));
#2936=CARTESIAN_POINT('Ctrl Pts',(50.2500006556511,9.21329411683736,4.57938458897734));
#2937=CARTESIAN_POINT('Ctrl Pts',(50.0924101529668,8.3754058562556,11.5487296226164));
#2938=CARTESIAN_POINT('Ctrl Pts',(50.0924101529668,8.3754058562556,4.5487296226164));
#2939=CARTESIAN_POINT('Ctrl Pts',(49.4540266126623,6.83608441263917,11.4387344896483));
#2940=CARTESIAN_POINT('Ctrl Pts',(49.4540266126623,6.83608441263917,4.4387344896483));
#2941=CARTESIAN_POINT('Ctrl Pts',(48.9733284353554,6.13449316388409,11.3610622209924));
#2942=CARTESIAN_POINT('Ctrl Pts',(48.9733284353554,6.13449316388409,4.36106222099244));
#2943=CARTESIAN_POINT('Ctrl Pts',(47.8655296597152,5.02669438824393,11.2158352950484));
#2944=CARTESIAN_POINT('Ctrl Pts',(47.8655296597152,5.02669438824393,4.21583529504836));
#2945=CARTESIAN_POINT('Ctrl Pts',(47.1639290090069,4.5459789494799,11.1387397347011));
#2946=CARTESIAN_POINT('Ctrl Pts',(47.1639290090069,4.5459789494799,4.13873973470112));
#2947=CARTESIAN_POINT('Ctrl Pts',(45.6245750769045,3.90758288564231,11.0300699544728));
#2948=CARTESIAN_POINT('Ctrl Pts',(45.6245750769045,3.90758288564231,4.03006995447283));
#2949=CARTESIAN_POINT('Ctrl Pts',(44.7866754148426,3.75000014901161,10.9999994933605));
#2950=CARTESIAN_POINT('Ctrl Pts',(44.7866754148426,3.75000014901161,3.99999949336051));
#2951=CARTESIAN_POINT('Ctrl Pts',(43.2133258964596,3.75000014901161,10.9999994933605));
#2952=CARTESIAN_POINT('Ctrl Pts',(43.2133258964596,3.75000014901161,3.99999949336051));
#2953=CARTESIAN_POINT('Ctrl Pts',(42.3754262343977,3.90758288564231,11.0300699544728));
#2954=CARTESIAN_POINT('Ctrl Pts',(42.3754262343977,3.90758288564231,4.03006995447283));
#2955=CARTESIAN_POINT('Ctrl Pts',(40.8360723022953,4.5459789494799,11.1387397347011));
#2956=CARTESIAN_POINT('Ctrl Pts',(40.8360723022953,4.5459789494799,4.13873973470112));
#2957=CARTESIAN_POINT('Ctrl Pts',(40.1344716515869,5.02669438824393,11.2158352950484));
#2958=CARTESIAN_POINT('Ctrl Pts',(40.1344716515869,5.02669438824393,4.21583529504836));
#2959=CARTESIAN_POINT('Ctrl Pts',(39.0266728759468,6.13449316388409,11.3610622209924));
#2960=CARTESIAN_POINT('Ctrl Pts',(39.0266728759468,6.13449316388409,4.36106222099244));
#2961=CARTESIAN_POINT('Ctrl Pts',(38.5459746986399,6.83608441263917,11.4387344896483));
#2962=CARTESIAN_POINT('Ctrl Pts',(38.5459746986399,6.83608441263917,4.4387344896483));
#2963=CARTESIAN_POINT('Ctrl Pts',(37.9075911583354,8.3754058562556,11.5487296226164));
#2964=CARTESIAN_POINT('Ctrl Pts',(37.9075911583354,8.3754058562556,4.5487296226164));
#2965=CARTESIAN_POINT('Ctrl Pts',(37.7500006556511,9.21329411683736,11.5793845889773));
#2966=CARTESIAN_POINT('Ctrl Pts',(37.7500006556511,9.21329411683736,4.57938458897734));
#2967=CARTESIAN_POINT('Ctrl Pts',(37.7500006556511,10.0000001490116,11.5793845889773));
#2968=CARTESIAN_POINT('Ctrl Pts',(37.7500006556511,10.0000001490116,4.57938458897734));
#2969=CARTESIAN_POINT('',(37.7500006556511,10.0000001490116,11.5793845889773));
#2970=CARTESIAN_POINT('Ctrl Pts',(37.7500006556511,10.0000001490116,11.5793845889773));
#2971=CARTESIAN_POINT('Ctrl Pts',(37.7500006556511,10.7867061811859,11.5793845889773));
#2972=CARTESIAN_POINT('Ctrl Pts',(37.9075911583354,11.6245944417676,11.5487296226164));
#2973=CARTESIAN_POINT('Ctrl Pts',(38.5459746986399,13.163915885384,11.4387344896483));
#2974=CARTESIAN_POINT('Ctrl Pts',(39.0266728759468,13.8655071341391,11.3610622209924));
#2975=CARTESIAN_POINT('Ctrl Pts',(40.1344716515869,14.9733059097793,11.2158352950484));
#2976=CARTESIAN_POINT('Ctrl Pts',(40.8360723022953,15.4540213485433,11.1387397347011));
#2977=CARTESIAN_POINT('Ctrl Pts',(42.3754262343977,16.0924174123809,11.0300699544728));
#2978=CARTESIAN_POINT('Ctrl Pts',(43.2133258964596,16.2500001490116,10.9999994933605));
#2979=CARTESIAN_POINT('Ctrl Pts',(44.7866754148426,16.2500001490116,10.9999994933605));
#2980=CARTESIAN_POINT('Ctrl Pts',(45.6245750769045,16.0924174123809,11.0300699544728));
#2981=CARTESIAN_POINT('Ctrl Pts',(47.1639290090069,15.4540213485433,11.1387397347011));
#2982=CARTESIAN_POINT('Ctrl Pts',(47.8655296597152,14.9733059097793,11.2158352950484));
#2983=CARTESIAN_POINT('Ctrl Pts',(48.9733284353554,13.8655071341391,11.3610622209924));
#2984=CARTESIAN_POINT('Ctrl Pts',(49.4540266126623,13.1639158853841,11.4387344896483));
#2985=CARTESIAN_POINT('Ctrl Pts',(50.0924101529668,11.6245944417676,11.5487296226164));
#2986=CARTESIAN_POINT('Ctrl Pts',(50.2500006556511,10.7867061811859,11.5793845889773));
#2987=CARTESIAN_POINT('Ctrl Pts',(50.2500006556511,9.21329411683736,11.5793845889773));
#2988=CARTESIAN_POINT('Ctrl Pts',(50.0924101529668,8.3754058562556,11.5487296226164));
#2989=CARTESIAN_POINT('Ctrl Pts',(49.4540266126623,6.83608441263917,11.4387344896483));
#2990=CARTESIAN_POINT('Ctrl Pts',(48.9733284353554,6.13449316388409,11.3610622209924));
#2991=CARTESIAN_POINT('Ctrl Pts',(47.8655296597152,5.02669438824393,11.2158352950484));
#2992=CARTESIAN_POINT('Ctrl Pts',(47.1639290090069,4.5459789494799,11.1387397347011));
#2993=CARTESIAN_POINT('Ctrl Pts',(45.6245750769045,3.90758288564231,11.0300699544728));
#2994=CARTESIAN_POINT('Ctrl Pts',(44.7866754148426,3.75000014901161,10.9999994933605));
#2995=CARTESIAN_POINT('Ctrl Pts',(43.2133258964596,3.75000014901161,10.9999994933605));
#2996=CARTESIAN_POINT('Ctrl Pts',(42.3754262343977,3.90758288564231,11.0300699544728));
#2997=CARTESIAN_POINT('Ctrl Pts',(40.8360723022953,4.5459789494799,11.1387397347011));
#2998=CARTESIAN_POINT('Ctrl Pts',(40.1344716515869,5.02669438824393,11.2158352950484));
#2999=CARTESIAN_POINT('Ctrl Pts',(39.0266728759468,6.13449316388409,11.3610622209924));
#3000=CARTESIAN_POINT('Ctrl Pts',(38.5459746986399,6.83608441263917,11.4387344896483));
#3001=CARTESIAN_POINT('Ctrl Pts',(37.9075911583354,8.3754058562556,11.5487296226164));
#3002=CARTESIAN_POINT('Ctrl Pts',(37.7500006556511,9.21329411683736,11.5793845889773));
#3003=CARTESIAN_POINT('Ctrl Pts',(37.7500006556511,10.0000001490116,11.5793845889773));
#3004=CARTESIAN_POINT('',(37.7500006556511,10.0000001490116,4.57938458897734));
#3005=CARTESIAN_POINT('',(37.7500006556511,10.0000001490116,11.5793845889773));
#3006=CARTESIAN_POINT('Ctrl Pts',(37.7500006556511,10.0000001490116,4.57938458897734));
#3007=CARTESIAN_POINT('Ctrl Pts',(37.7500006556511,10.7867061811859,4.57938458897734));
#3008=CARTESIAN_POINT('Ctrl Pts',(37.9075911583354,11.6245944417676,4.5487296226164));
#3009=CARTESIAN_POINT('Ctrl Pts',(38.5459746986399,13.163915885384,4.4387344896483));
#3010=CARTESIAN_POINT('Ctrl Pts',(39.0266728759468,13.8655071341391,4.36106222099244));
#3011=CARTESIAN_POINT('Ctrl Pts',(40.1344716515869,14.9733059097793,4.21583529504836));
#3012=CARTESIAN_POINT('Ctrl Pts',(40.8360723022953,15.4540213485433,4.13873973470112));
#3013=CARTESIAN_POINT('Ctrl Pts',(42.3754262343977,16.0924174123809,4.03006995447283));
#3014=CARTESIAN_POINT('Ctrl Pts',(43.2133258964596,16.2500001490116,3.99999949336051));
#3015=CARTESIAN_POINT('Ctrl Pts',(44.7866754148426,16.2500001490116,3.99999949336051));
#3016=CARTESIAN_POINT('Ctrl Pts',(45.6245750769045,16.0924174123809,4.03006995447283));
#3017=CARTESIAN_POINT('Ctrl Pts',(47.1639290090069,15.4540213485433,4.13873973470112));
#3018=CARTESIAN_POINT('Ctrl Pts',(47.8655296597152,14.9733059097793,4.21583529504836));
#3019=CARTESIAN_POINT('Ctrl Pts',(48.9733284353554,13.8655071341391,4.36106222099244));
#3020=CARTESIAN_POINT('Ctrl Pts',(49.4540266126623,13.1639158853841,4.4387344896483));
#3021=CARTESIAN_POINT('Ctrl Pts',(50.0924101529668,11.6245944417676,4.5487296226164));
#3022=CARTESIAN_POINT('Ctrl Pts',(50.2500006556511,10.7867061811859,4.57938458897734));
#3023=CARTESIAN_POINT('Ctrl Pts',(50.2500006556511,9.21329411683736,4.57938458897734));
#3024=CARTESIAN_POINT('Ctrl Pts',(50.0924101529668,8.3754058562556,4.5487296226164));
#3025=CARTESIAN_POINT('Ctrl Pts',(49.4540266126623,6.83608441263917,4.4387344896483));
#3026=CARTESIAN_POINT('Ctrl Pts',(48.9733284353554,6.13449316388409,4.36106222099244));
#3027=CARTESIAN_POINT('Ctrl Pts',(47.8655296597152,5.02669438824393,4.21583529504836));
#3028=CARTESIAN_POINT('Ctrl Pts',(47.1639290090069,4.5459789494799,4.13873973470112));
#3029=CARTESIAN_POINT('Ctrl Pts',(45.6245750769045,3.90758288564231,4.03006995447283));
#3030=CARTESIAN_POINT('Ctrl Pts',(44.7866754148426,3.75000014901161,3.99999949336051));
#3031=CARTESIAN_POINT('Ctrl Pts',(43.2133258964596,3.75000014901161,3.99999949336051));
#3032=CARTESIAN_POINT('Ctrl Pts',(42.3754262343977,3.90758288564231,4.03006995447283));
#3033=CARTESIAN_POINT('Ctrl Pts',(40.8360723022953,4.5459789494799,4.13873973470112));
#3034=CARTESIAN_POINT('Ctrl Pts',(40.1344716515869,5.02669438824393,4.21583529504836));
#3035=CARTESIAN_POINT('Ctrl Pts',(39.0266728759468,6.13449316388409,4.36106222099244));
#3036=CARTESIAN_POINT('Ctrl Pts',(38.5459746986399,6.83608441263917,4.4387344896483));
#3037=CARTESIAN_POINT('Ctrl Pts',(37.9075911583354,8.3754058562556,4.5487296226164));
#3038=CARTESIAN_POINT('Ctrl Pts',(37.7500006556511,9.21329411683736,4.57938458897734));
#3039=CARTESIAN_POINT('Ctrl Pts',(37.7500006556511,10.0000001490116,4.57938458897734));
#3040=CARTESIAN_POINT('Origin',(44.0000006556511,0.,38.));
#3041=CARTESIAN_POINT('',(40.7500006556511,10.0000001490116,4.15568682257704));
#3042=CARTESIAN_POINT('',(47.2500006556511,10.0000001490116,4.15568682257704));
#3043=CARTESIAN_POINT('Ctrl Pts',(40.7500006556511,10.0000001490116,4.15568682257704));
#3044=CARTESIAN_POINT('Ctrl Pts',(40.7500006556511,9.59165468688473,4.15568682257704));
#3045=CARTESIAN_POINT('Ctrl Pts',(40.8316596722687,9.15626222205504,4.14753508269901));
#3046=CARTESIAN_POINT('Ctrl Pts',(41.1634114080868,8.35560365004523,4.11812391713028));
#3047=CARTESIAN_POINT('Ctrl Pts',(41.4134905014663,7.99031622548385,4.09729268089153));
#3048=CARTESIAN_POINT('Ctrl Pts',(41.9903159132074,7.41349081374279,4.05821505718532));
#3049=CARTESIAN_POINT('Ctrl Pts',(42.3556036974434,7.16341108213454,4.03742542192647));
#3050=CARTESIAN_POINT('Ctrl Pts',(43.1562634712509,6.83165886755084,4.00810948346528));
#3051=CARTESIAN_POINT('Ctrl Pts',(43.5916563529743,6.75000014901161,3.99999949336051));
#3052=CARTESIAN_POINT('Ctrl Pts',(44.4083449583279,6.75000014901161,3.99999949336051));
#3053=CARTESIAN_POINT('Ctrl Pts',(44.8437378400513,6.83165886755084,4.00810948346528));
#3054=CARTESIAN_POINT('Ctrl Pts',(45.6443976138588,7.16341108213454,4.03742542192647));
#3055=CARTESIAN_POINT('Ctrl Pts',(46.0096853980948,7.41349081374279,4.05821505718532));
#3056=CARTESIAN_POINT('Ctrl Pts',(46.5865108098359,7.99031622548385,4.09729268089153));
#3057=CARTESIAN_POINT('Ctrl Pts',(46.8365899032154,8.35560365004523,4.11812391713028));
#3058=CARTESIAN_POINT('Ctrl Pts',(47.1683416390335,9.15626222205504,4.14753508269901));
#3059=CARTESIAN_POINT('Ctrl Pts',(47.2500006556511,9.59165468688473,4.15568682257704));
#3060=CARTESIAN_POINT('Ctrl Pts',(47.2500006556511,10.0000001490116,4.15568682257704));
#3061=CARTESIAN_POINT('Ctrl Pts',(47.2500006556511,10.0000001490116,4.15568682257704));
#3062=CARTESIAN_POINT('Ctrl Pts',(47.2500006556511,10.4083456111385,4.15568682257704));
#3063=CARTESIAN_POINT('Ctrl Pts',(47.1683416390335,10.8437380759682,4.14753508269901));
#3064=CARTESIAN_POINT('Ctrl Pts',(46.8365899032154,11.644396647978,4.11812391713028));
#3065=CARTESIAN_POINT('Ctrl Pts',(46.5865108098359,12.0096840725394,4.09729268089153));
#3066=CARTESIAN_POINT('Ctrl Pts',(46.0096853980948,12.5865094842804,4.05821505718532));
#3067=CARTESIAN_POINT('Ctrl Pts',(45.6443976138588,12.8365892158887,4.03742542192647));
#3068=CARTESIAN_POINT('Ctrl Pts',(44.8437378400513,13.1683414304724,4.00810948346528));
#3069=CARTESIAN_POINT('Ctrl Pts',(44.4083449583279,13.2500001490116,3.99999949336051));
#3070=CARTESIAN_POINT('Ctrl Pts',(43.5916563529743,13.2500001490116,3.99999949336051));
#3071=CARTESIAN_POINT('Ctrl Pts',(43.1562634712509,13.1683414304724,4.00810948346528));
#3072=CARTESIAN_POINT('Ctrl Pts',(42.3556036974434,12.8365892158887,4.03742542192647));
#3073=CARTESIAN_POINT('Ctrl Pts',(41.9903159132074,12.5865094842804,4.05821505718532));
#3074=CARTESIAN_POINT('Ctrl Pts',(41.4134905014663,12.0096840725394,4.09729268089153));
#3075=CARTESIAN_POINT('Ctrl Pts',(41.1634114080868,11.644396647978,4.11812391713028));
#3076=CARTESIAN_POINT('Ctrl Pts',(40.8316596722687,10.8437380759682,4.14753508269901));
#3077=CARTESIAN_POINT('Ctrl Pts',(40.7500006556511,10.4083456111385,4.15568682257704));
#3078=CARTESIAN_POINT('Ctrl Pts',(40.7500006556511,10.0000001490116,4.15568682257704));
#3079=CARTESIAN_POINT('Origin',(44.0000006556511,10.0000001490116,45.0000023841858));
#3080=CARTESIAN_POINT('',(47.2500006556511,10.0000001490116,45.0000023841858));
#3081=CARTESIAN_POINT('Origin',(44.0000006556511,65.0000007636845,45.0000023841858));
#3082=CARTESIAN_POINT('',(47.2500006556511,65.0000007636845,45.0000023841858));
#3083=CARTESIAN_POINT('Origin',(5.00000007450581,65.0000009685755,45.0000023841858));
#3084=CARTESIAN_POINT('',(8.25000007450581,65.0000009685755,45.0000023841858));
#3085=CARTESIAN_POINT('Origin',(5.00000007450581,65.0000009685755,45.));
#3086=CARTESIAN_POINT('',(8.25000007450581,65.0000009685755,45.0000023841858));
#3087=CARTESIAN_POINT('Origin',(5.00000007450581,10.0000001490116,45.0000023841858));
#3088=CARTESIAN_POINT('',(8.25000007450581,10.0000001490116,45.0000023841858));
#3089=CARTESIAN_POINT('Origin',(5.00000007450581,10.0000001490116,45.));
#3090=CARTESIAN_POINT('',(8.25000007450581,10.0000001490116,45.0000023841858));
#3091=CARTESIAN_POINT('Origin',(83.0000012367964,65.0000009685755,45.0000023841858));
#3092=CARTESIAN_POINT('',(86.2500012367964,65.0000009685755,45.0000023841858));
#3093=CARTESIAN_POINT('Origin',(83.0000012367964,65.0000009685755,45.));
#3094=CARTESIAN_POINT('',(86.2500012367964,65.0000009685755,45.0000023841858));
#3095=CARTESIAN_POINT('Origin',(83.0000012367964,10.0000001490116,45.0000023841858));
#3096=CARTESIAN_POINT('',(86.2500012367964,10.0000001490116,45.0000023841858));
#3097=CARTESIAN_POINT('Origin',(83.0000012367964,10.0000001490116,45.));
#3098=CARTESIAN_POINT('',(86.2500012367964,10.0000001490116,45.0000023841858));
#3099=CARTESIAN_POINT('Origin',(73.2500011399388,30.0000003835058,45.0000023841858));
#3100=CARTESIAN_POINT('',(73.2500011399388,45.0000001490116,9.00000238418579));
#3101=CARTESIAN_POINT('',(73.2500011399388,45.0000001490116,45.0000023841858));
#3102=CARTESIAN_POINT('',(73.2500011399388,33.7500002662587,9.00000238418579));
#3103=CARTESIAN_POINT('Origin',(76.5000011399388,45.0000001490116,45.0000023841858));
#3104=CARTESIAN_POINT('Origin',(76.5000011399388,45.0000001490116,9.00000238418579));
#3105=CARTESIAN_POINT('Origin',(8.25000017136336,30.0000003819348,45.0000023841858));
#3106=CARTESIAN_POINT('',(8.25000017136335,45.0000001490116,9.00000238418579));
#3107=CARTESIAN_POINT('',(8.25000017136335,45.0000001490116,45.0000023841858));
#3108=CARTESIAN_POINT('',(8.25000017136336,33.7500002654732,9.00000238418579));
#3109=CARTESIAN_POINT('Origin',(11.5000001713634,45.0000001490116,45.0000023841858));
#3110=CARTESIAN_POINT('Origin',(11.5000001713634,45.0000001490116,9.00000238418579));
#3111=CARTESIAN_POINT('Origin',(0.,55.,45.0000023841858));
#3112=CARTESIAN_POINT('',(0.,55.,45.0000023841858));
#3113=CARTESIAN_POINT('',(0.,55.,45.));
#3114=CARTESIAN_POINT('',(0.,55.,9.00000238418579));
#3115=CARTESIAN_POINT('',(0.,55.,22.5000011920929));
#3116=CARTESIAN_POINT('',(23.0000003427267,55.,9.00000238418579));
#3117=CARTESIAN_POINT('',(0.,55.,9.00000238418579));
#3118=CARTESIAN_POINT('',(23.0000003427267,55.,45.0000023841858));
#3119=CARTESIAN_POINT('Origin',(11.5000001713634,37.5000001490116,9.00000238418579));
#3120=CARTESIAN_POINT('',(23.0000003427267,20.0000002980232,9.00000238418579));
#3121=CARTESIAN_POINT('',(0.,20.0000002980232,9.00000238418579));
#3122=CARTESIAN_POINT('',(23.0000003427267,20.0000002980232,9.00000238418579));
#3123=CARTESIAN_POINT('',(23.0000003427267,28.7500002235174,9.00000238418579));
#3124=CARTESIAN_POINT('',(0.,18.7500000745058,9.00000238418579));
#3125=CARTESIAN_POINT('Origin',(65.0000009685755,55.0000008195639,45.0000023841858));
#3126=CARTESIAN_POINT('',(65.0000009685755,55.0000008195639,9.00000238418579));
#3127=CARTESIAN_POINT('',(65.0000009685755,55.0000008195639,45.0000023841858));
#3128=CARTESIAN_POINT('',(88.0000013113022,55.0000008195639,9.00000238418579));
#3129=CARTESIAN_POINT('',(88.0000013113022,55.0000008195639,9.00000238418579));
#3130=CARTESIAN_POINT('',(88.0000013113022,55.0000008195639,45.0000023841858));
#3131=CARTESIAN_POINT('',(88.0000013113022,55.0000008195639,45.0000011920929));
#3132=CARTESIAN_POINT('',(71.500001065433,55.0000008195639,45.));
#3133=CARTESIAN_POINT('Origin',(76.5000011399388,37.5000005587935,9.00000238418579));
#3134=CARTESIAN_POINT('',(88.0000013113022,20.0000002980232,9.00000238418579));
#3135=CARTESIAN_POINT('',(88.0000013113022,18.7500002793968,9.00000238418579));
#3136=CARTESIAN_POINT('',(65.0000009685755,20.0000002980232,9.00000238418579));
#3137=CARTESIAN_POINT('',(65.0000009685755,46.2500006891787,9.00000238418579));
#3138=CARTESIAN_POINT('',(65.0000009685755,20.0000002980232,9.00000238418579));
#3139=CARTESIAN_POINT('Origin',(0.,0.,45.));
#3140=CARTESIAN_POINT('',(10.0000001490117,20.0000002980232,45.0000023841858));
#3141=CARTESIAN_POINT('',(0.,20.0000002980232,45.0000023841858));
#3142=CARTESIAN_POINT('',(11.5000001713634,20.0000002980232,45.));
#3143=CARTESIAN_POINT('',(0.,0.,45.));
#3144=CARTESIAN_POINT('',(0.,0.,45.));
#3145=CARTESIAN_POINT('',(10.0000001490116,0.,45.));
#3146=CARTESIAN_POINT('',(0.,0.,45.));
#3147=CARTESIAN_POINT('',(10.0000001490116,0.,45.));
#3148=CARTESIAN_POINT('Origin',(0.,0.,45.));
#3149=CARTESIAN_POINT('',(0.,0.,45.));
#3150=CARTESIAN_POINT('Origin',(23.0000003427267,20.0000002980232,45.0000023841858));
#3151=CARTESIAN_POINT('',(23.0000003427267,20.0000002980232,45.0000023841858));
#3152=CARTESIAN_POINT('',(23.0000003427267,55.,45.0000023841858));
#3153=CARTESIAN_POINT('Origin',(44.0000006556511,0.,45.));
#3154=CARTESIAN_POINT('',(78.0000011622905,20.0000002980232,45.0000023841858));
#3155=CARTESIAN_POINT('Origin',(44.0000006556511,20.0000002980232,45.));
#3156=CARTESIAN_POINT('',(78.0000011622906,0.,45.));
#3157=CARTESIAN_POINT('Origin',(44.0000006556511,0.,45.));
#3158=CARTESIAN_POINT('',(78.0000011622906,0.,45.));
#3159=CARTESIAN_POINT('Origin',(78.0000011622906,0.,45.));
#3160=CARTESIAN_POINT('',(88.0000013113022,20.0000002980232,45.0000023841858));
#3161=CARTESIAN_POINT('',(83.0000012367964,20.0000002980232,45.));
#3162=CARTESIAN_POINT('',(88.0000013113022,0.,45.));
#3163=CARTESIAN_POINT('',(78.0000011622906,0.,45.));
#3164=CARTESIAN_POINT('',(88.0000013113022,0.,45.));
#3165=CARTESIAN_POINT('Origin',(78.0000011622906,0.,45.));
#3166=CARTESIAN_POINT('',(88.0000013113022,0.,45.));
#3167=CARTESIAN_POINT('Origin',(88.0000013113022,0.,45.));
#3168=CARTESIAN_POINT('',(88.0000013113022,20.0000002980232,45.0000011920929));
#3169=CARTESIAN_POINT('',(88.0000013113022,0.,45.));
#3170=CARTESIAN_POINT('Origin',(23.0000003427267,55.,45.0000023841858));
#3171=CARTESIAN_POINT('',(65.0000009685755,55.0000008195639,45.0000023841858));
#3172=CARTESIAN_POINT('Origin',(65.0000009685755,55.0000008195639,45.0000023841858));
#3173=CARTESIAN_POINT('',(65.0000009685755,20.0000002980232,45.0000023841858));
#3174=CARTESIAN_POINT('Origin',(65.0000009685755,20.0000002980232,45.0000023841858));
#3175=CARTESIAN_POINT('',(0.,20.0000002980232,22.5000011920929));
#3176=CARTESIAN_POINT('Origin',(0.,0.,0.));
#3177=CARTESIAN_POINT('',(0.,0.,0.));
#3178=CARTESIAN_POINT('Origin',(44.0000006556511,0.,22.5));
#3179=CARTESIAN_POINT('',(0.,0.,0.));
#3180=UNCERTAINTY_MEASURE_WITH_UNIT(LENGTH_MEASURE(0.01),#3186,
'DISTANCE_ACCURACY_VALUE',
'Maximum model space distance between geometric entities at asserted c
onnectivities');
#3181=UNCERTAINTY_MEASURE_WITH_UNIT(LENGTH_MEASURE(0.01),#3186,
'DISTANCE_ACCURACY_VALUE',
'Maximum model space distance between geometric entities at asserted c
onnectivities');
#3182=UNCERTAINTY_MEASURE_WITH_UNIT(LENGTH_MEASURE(0.01),#3186,
'DISTANCE_ACCURACY_VALUE',
'Maximum model space distance between geometric entities at asserted c
onnectivities');
#3183=(
GEOMETRIC_REPRESENTATION_CONTEXT(3)
GLOBAL_UNCERTAINTY_ASSIGNED_CONTEXT((#3180))
GLOBAL_UNIT_ASSIGNED_CONTEXT((#3186,#3188,#3189))
REPRESENTATION_CONTEXT('','3D')
);
#3184=(
GEOMETRIC_REPRESENTATION_CONTEXT(3)
GLOBAL_UNCERTAINTY_ASSIGNED_CONTEXT((#3181))
GLOBAL_UNIT_ASSIGNED_CONTEXT((#3186,#3188,#3189))
REPRESENTATION_CONTEXT('','3D')
);
#3185=(
GEOMETRIC_REPRESENTATION_CONTEXT(3)
GLOBAL_UNCERTAINTY_ASSIGNED_CONTEXT((#3182))
GLOBAL_UNIT_ASSIGNED_CONTEXT((#3186,#3188,#3189))
REPRESENTATION_CONTEXT('','3D')
);
#3186=(
LENGTH_UNIT()
NAMED_UNIT(*)
SI_UNIT(.MILLI.,.METRE.)
);
#3187=(
LENGTH_UNIT()
NAMED_UNIT(*)
SI_UNIT($,.METRE.)
);
#3188=(
NAMED_UNIT(*)
PLANE_ANGLE_UNIT()
SI_UNIT($,.RADIAN.)
);
#3189=(
NAMED_UNIT(*)
SI_UNIT($,.STERADIAN.)
SOLID_ANGLE_UNIT()
);
#3190=SHAPE_DEFINITION_REPRESENTATION(#3192,#3195);
#3191=SHAPE_DEFINITION_REPRESENTATION(#3193,#3196);
#3192=PRODUCT_DEFINITION_SHAPE('',$,#3198);
#3193=PRODUCT_DEFINITION_SHAPE('',$,#3199);
#3194=PRODUCT_DEFINITION_SHAPE($,$,#14);
#3195=SHAPE_REPRESENTATION('',(#1782,#1903),#3183);
#3196=SHAPE_REPRESENTATION('',(#1783),#3184);
#3197=PRODUCT_DEFINITION_CONTEXT('part definition',#3205,'design');
#3198=PRODUCT_DEFINITION('Motor Mount Base','Motor Mount Base v6',#3200,
#3197);
#3199=PRODUCT_DEFINITION('Motor Base','Motor Base',#3201,#3197);
#3200=PRODUCT_DEFINITION_FORMATION('',$,#3207);
#3201=PRODUCT_DEFINITION_FORMATION('',$,#3208);
#3202=PRODUCT_RELATED_PRODUCT_CATEGORY('Motor Mount Base v6',
'Motor Mount Base v6',(#3207));
#3203=PRODUCT_RELATED_PRODUCT_CATEGORY('Motor Base','Motor Base',(#3208));
#3204=APPLICATION_PROTOCOL_DEFINITION('international standard',
'automotive_design',2009,#3205);
#3205=APPLICATION_CONTEXT(
'Core Data for Automotive Mechanical Design Process');
#3206=PRODUCT_CONTEXT('part definition',#3205,'mechanical');
#3207=PRODUCT('Motor Mount Base','Motor Mount Base v6',$,(#3206));
#3208=PRODUCT('Motor Base','Motor Base',$,(#3206));
#3209=PRESENTATION_STYLE_ASSIGNMENT((#3210));
#3210=SURFACE_STYLE_USAGE(.BOTH.,#3211);
#3211=SURFACE_SIDE_STYLE('',(#3212));
#3212=SURFACE_STYLE_FILL_AREA(#3213);
#3213=FILL_AREA_STYLE('Steel - Satin',(#3214));
#3214=FILL_AREA_STYLE_COLOUR('Steel - Satin',#3215);
#3215=COLOUR_RGB('Steel - Satin',0.627450980392157,0.627450980392157,0.627450980392157);
ENDSEC;
END-ISO-10303-21;
