ISO-10303-21;
HEADER;
/* Generated by software containing ST-Developer
 * from STEP Tools, Inc. (www.steptools.com) 
 */

FILE_DESCRIPTION(
/* description */ (''),
/* implementation_level */ '2;1');

FILE_NAME(
/* name */ 'Frame_Rail v4.step',
/* time_stamp */ '2025-07-05T10:01:40-07:00',
/* author */ (''),
/* organization */ (''),
/* preprocessor_version */ 'ST-DEVELOPER v20.1',
/* originating_system */ 'Autodesk Translation Framework v14.10.0.0',
/* authorisation */ '');

FILE_SCHEMA (('AUTOMOTIVE_DESIGN { 1 0 10303 214 3 1 1 }'));
ENDSEC;

DATA;
#10=MECHANICAL_DESIGN_GEOMETRIC_PRESENTATION_REPRESENTATION('',(#23,#24),
#4933);
#11=ITEM_DEFINED_TRANSFORMATION($,$,#3071,#3283);
#12=ITEM_DEFINED_TRANSFORMATION($,$,#3177,#3284);
#13=(
REPRESENTATION_RELATIONSHIP($,$,#4947,#4946)
REPRESENTATION_RELATIONSHIP_WITH_TRANSFORMATION(#11)
SHAPE_REPRESENTATION_RELATIONSHIP()
);
#14=(
REPRESENTATION_RELATIONSHIP($,$,#4948,#4946)
REPRESENTATION_RELATIONSHIP_WITH_TRANSFORMATION(#12)
SHAPE_REPRESENTATION_RELATIONSHIP()
);
#15=CONTEXT_DEPENDENT_SHAPE_REPRESENTATION(#13,#4944);
#16=CONTEXT_DEPENDENT_SHAPE_REPRESENTATION(#14,#4945);
#17=NEXT_ASSEMBLY_USAGE_OCCURRENCE('Component3:1','Component3:1',
'Component3:1',#4950,#4951,'Component3:1');
#18=NEXT_ASSEMBLY_USAGE_OCCURRENCE('Component3(Mirror):1',
'Component3(Mirror):1','Component3(Mirror):1',#4950,#4952,
'Component3(Mirror):1');
#19=SHAPE_REPRESENTATION_RELATIONSHIP('SRR','None',#4947,#21);
#20=SHAPE_REPRESENTATION_RELATIONSHIP('SRR','None',#4948,#22);
#21=ADVANCED_BREP_SHAPE_REPRESENTATION('',(#25),#4931);
#22=ADVANCED_BREP_SHAPE_REPRESENTATION('',(#26),#4932);
#23=STYLED_ITEM('',(#4965),#25);
#24=STYLED_ITEM('',(#4965),#26);
#25=MANIFOLD_SOLID_BREP('Body1',#3045);
#26=MANIFOLD_SOLID_BREP('Body1',#3046);
#27=CYLINDRICAL_SURFACE('',#3118,3.25);
#28=CYLINDRICAL_SURFACE('',#3119,3.25);
#29=CYLINDRICAL_SURFACE('',#3131,3.25);
#30=CYLINDRICAL_SURFACE('',#3133,3.25);
#31=CYLINDRICAL_SURFACE('',#3135,3.25);
#32=CYLINDRICAL_SURFACE('',#3138,3.25);
#33=CYLINDRICAL_SURFACE('',#3141,3.25);
#34=CYLINDRICAL_SURFACE('',#3143,3.25);
#35=CYLINDRICAL_SURFACE('',#3149,3.25);
#36=CYLINDRICAL_SURFACE('',#3152,3.25);
#37=CYLINDRICAL_SURFACE('',#3164,3.24999999999999);
#38=CYLINDRICAL_SURFACE('',#3167,3.25);
#39=CYLINDRICAL_SURFACE('',#3170,3.24999999999999);
#40=CYLINDRICAL_SURFACE('',#3224,3.25);
#41=CYLINDRICAL_SURFACE('',#3225,3.25);
#42=CYLINDRICAL_SURFACE('',#3237,3.25);
#43=CYLINDRICAL_SURFACE('',#3239,3.25);
#44=CYLINDRICAL_SURFACE('',#3241,3.25);
#45=CYLINDRICAL_SURFACE('',#3244,3.25);
#46=CYLINDRICAL_SURFACE('',#3247,3.25);
#47=CYLINDRICAL_SURFACE('',#3249,3.25);
#48=CYLINDRICAL_SURFACE('',#3255,3.25);
#49=CYLINDRICAL_SURFACE('',#3258,3.25);
#50=CYLINDRICAL_SURFACE('',#3270,3.24999999999999);
#51=CYLINDRICAL_SURFACE('',#3273,3.25);
#52=CYLINDRICAL_SURFACE('',#3276,3.24999999999999);
#53=FACE_BOUND('',#327,.T.);
#54=FACE_BOUND('',#332,.T.);
#55=FACE_BOUND('',#334,.T.);
#56=FACE_BOUND('',#335,.T.);
#57=FACE_BOUND('',#340,.T.);
#58=FACE_BOUND('',#341,.T.);
#59=FACE_BOUND('',#347,.T.);
#60=FACE_BOUND('',#349,.T.);
#61=FACE_BOUND('',#354,.T.);
#62=FACE_BOUND('',#356,.T.);
#63=FACE_BOUND('',#363,.T.);
#64=FACE_BOUND('',#369,.T.);
#65=FACE_BOUND('',#399,.T.);
#66=FACE_BOUND('',#400,.T.);
#67=FACE_BOUND('',#401,.T.);
#68=FACE_BOUND('',#402,.T.);
#69=FACE_BOUND('',#403,.T.);
#70=FACE_BOUND('',#405,.T.);
#71=FACE_BOUND('',#406,.T.);
#72=FACE_BOUND('',#407,.T.);
#73=FACE_BOUND('',#408,.T.);
#74=FACE_BOUND('',#409,.T.);
#75=FACE_BOUND('',#410,.T.);
#76=FACE_BOUND('',#411,.T.);
#77=FACE_BOUND('',#430,.T.);
#78=FACE_BOUND('',#435,.T.);
#79=FACE_BOUND('',#437,.T.);
#80=FACE_BOUND('',#438,.T.);
#81=FACE_BOUND('',#443,.T.);
#82=FACE_BOUND('',#444,.T.);
#83=FACE_BOUND('',#450,.T.);
#84=FACE_BOUND('',#452,.T.);
#85=FACE_BOUND('',#457,.T.);
#86=FACE_BOUND('',#459,.T.);
#87=FACE_BOUND('',#466,.T.);
#88=FACE_BOUND('',#472,.T.);
#89=FACE_BOUND('',#502,.T.);
#90=FACE_BOUND('',#503,.T.);
#91=FACE_BOUND('',#504,.T.);
#92=FACE_BOUND('',#505,.T.);
#93=FACE_BOUND('',#506,.T.);
#94=FACE_BOUND('',#508,.T.);
#95=FACE_BOUND('',#509,.T.);
#96=FACE_BOUND('',#510,.T.);
#97=FACE_BOUND('',#511,.T.);
#98=FACE_BOUND('',#512,.T.);
#99=FACE_BOUND('',#513,.T.);
#100=FACE_BOUND('',#514,.T.);
#101=CIRCLE('',#3088,3.25);
#102=CIRCLE('',#3093,3.25);
#103=CIRCLE('',#3095,3.25);
#104=CIRCLE('',#3096,3.25);
#105=CIRCLE('',#3101,3.25);
#106=CIRCLE('',#3102,3.25);
#107=CIRCLE('',#3108,3.25);
#108=CIRCLE('',#3110,3.25);
#109=CIRCLE('',#3115,3.25);
#110=CIRCLE('',#3117,3.25);
#111=CIRCLE('',#3124,3.25);
#112=CIRCLE('',#3130,3.25);
#113=CIRCLE('',#3132,3.25);
#114=CIRCLE('',#3134,3.25);
#115=CIRCLE('',#3136,3.25);
#116=CIRCLE('',#3139,3.25);
#117=CIRCLE('',#3150,3.25);
#118=CIRCLE('',#3151,3.25);
#119=CIRCLE('',#3153,3.25);
#120=CIRCLE('',#3154,3.25);
#121=CIRCLE('',#3165,3.24999999999999);
#122=CIRCLE('',#3166,3.24999999999999);
#123=CIRCLE('',#3168,3.25);
#124=CIRCLE('',#3169,3.25);
#125=CIRCLE('',#3171,3.24999999999999);
#126=CIRCLE('',#3172,3.24999999999999);
#127=CIRCLE('',#3194,3.25);
#128=CIRCLE('',#3199,3.25);
#129=CIRCLE('',#3201,3.25);
#130=CIRCLE('',#3202,3.25);
#131=CIRCLE('',#3207,3.25);
#132=CIRCLE('',#3208,3.25);
#133=CIRCLE('',#3214,3.25);
#134=CIRCLE('',#3216,3.25);
#135=CIRCLE('',#3221,3.25);
#136=CIRCLE('',#3223,3.25);
#137=CIRCLE('',#3230,3.25);
#138=CIRCLE('',#3236,3.25);
#139=CIRCLE('',#3238,3.25);
#140=CIRCLE('',#3240,3.25);
#141=CIRCLE('',#3242,3.25);
#142=CIRCLE('',#3245,3.25);
#143=CIRCLE('',#3256,3.25);
#144=CIRCLE('',#3257,3.25);
#145=CIRCLE('',#3259,3.25);
#146=CIRCLE('',#3260,3.25);
#147=CIRCLE('',#3271,3.24999999999999);
#148=CIRCLE('',#3272,3.24999999999999);
#149=CIRCLE('',#3274,3.25);
#150=CIRCLE('',#3275,3.25);
#151=CIRCLE('',#3277,3.24999999999999);
#152=CIRCLE('',#3278,3.24999999999999);
#153=FACE_OUTER_BOUND('',#311,.T.);
#154=FACE_OUTER_BOUND('',#312,.T.);
#155=FACE_OUTER_BOUND('',#313,.T.);
#156=FACE_OUTER_BOUND('',#314,.T.);
#157=FACE_OUTER_BOUND('',#315,.T.);
#158=FACE_OUTER_BOUND('',#316,.T.);
#159=FACE_OUTER_BOUND('',#317,.T.);
#160=FACE_OUTER_BOUND('',#318,.T.);
#161=FACE_OUTER_BOUND('',#319,.T.);
#162=FACE_OUTER_BOUND('',#320,.T.);
#163=FACE_OUTER_BOUND('',#321,.T.);
#164=FACE_OUTER_BOUND('',#322,.T.);
#165=FACE_OUTER_BOUND('',#323,.T.);
#166=FACE_OUTER_BOUND('',#324,.T.);
#167=FACE_OUTER_BOUND('',#325,.T.);
#168=FACE_OUTER_BOUND('',#326,.T.);
#169=FACE_OUTER_BOUND('',#328,.T.);
#170=FACE_OUTER_BOUND('',#329,.T.);
#171=FACE_OUTER_BOUND('',#330,.T.);
#172=FACE_OUTER_BOUND('',#331,.T.);
#173=FACE_OUTER_BOUND('',#333,.T.);
#174=FACE_OUTER_BOUND('',#336,.T.);
#175=FACE_OUTER_BOUND('',#337,.T.);
#176=FACE_OUTER_BOUND('',#338,.T.);
#177=FACE_OUTER_BOUND('',#339,.T.);
#178=FACE_OUTER_BOUND('',#342,.T.);
#179=FACE_OUTER_BOUND('',#343,.T.);
#180=FACE_OUTER_BOUND('',#344,.T.);
#181=FACE_OUTER_BOUND('',#345,.T.);
#182=FACE_OUTER_BOUND('',#346,.T.);
#183=FACE_OUTER_BOUND('',#348,.T.);
#184=FACE_OUTER_BOUND('',#350,.T.);
#185=FACE_OUTER_BOUND('',#351,.T.);
#186=FACE_OUTER_BOUND('',#352,.T.);
#187=FACE_OUTER_BOUND('',#353,.T.);
#188=FACE_OUTER_BOUND('',#355,.T.);
#189=FACE_OUTER_BOUND('',#357,.T.);
#190=FACE_OUTER_BOUND('',#358,.T.);
#191=FACE_OUTER_BOUND('',#359,.T.);
#192=FACE_OUTER_BOUND('',#360,.T.);
#193=FACE_OUTER_BOUND('',#361,.T.);
#194=FACE_OUTER_BOUND('',#362,.T.);
#195=FACE_OUTER_BOUND('',#364,.T.);
#196=FACE_OUTER_BOUND('',#365,.T.);
#197=FACE_OUTER_BOUND('',#366,.T.);
#198=FACE_OUTER_BOUND('',#367,.T.);
#199=FACE_OUTER_BOUND('',#368,.T.);
#200=FACE_OUTER_BOUND('',#370,.T.);
#201=FACE_OUTER_BOUND('',#371,.T.);
#202=FACE_OUTER_BOUND('',#372,.T.);
#203=FACE_OUTER_BOUND('',#373,.T.);
#204=FACE_OUTER_BOUND('',#374,.T.);
#205=FACE_OUTER_BOUND('',#375,.T.);
#206=FACE_OUTER_BOUND('',#376,.T.);
#207=FACE_OUTER_BOUND('',#377,.T.);
#208=FACE_OUTER_BOUND('',#378,.T.);
#209=FACE_OUTER_BOUND('',#379,.T.);
#210=FACE_OUTER_BOUND('',#380,.T.);
#211=FACE_OUTER_BOUND('',#381,.T.);
#212=FACE_OUTER_BOUND('',#382,.T.);
#213=FACE_OUTER_BOUND('',#383,.T.);
#214=FACE_OUTER_BOUND('',#384,.T.);
#215=FACE_OUTER_BOUND('',#385,.T.);
#216=FACE_OUTER_BOUND('',#386,.T.);
#217=FACE_OUTER_BOUND('',#387,.T.);
#218=FACE_OUTER_BOUND('',#388,.T.);
#219=FACE_OUTER_BOUND('',#389,.T.);
#220=FACE_OUTER_BOUND('',#390,.T.);
#221=FACE_OUTER_BOUND('',#391,.T.);
#222=FACE_OUTER_BOUND('',#392,.T.);
#223=FACE_OUTER_BOUND('',#393,.T.);
#224=FACE_OUTER_BOUND('',#394,.T.);
#225=FACE_OUTER_BOUND('',#395,.T.);
#226=FACE_OUTER_BOUND('',#396,.T.);
#227=FACE_OUTER_BOUND('',#397,.T.);
#228=FACE_OUTER_BOUND('',#398,.T.);
#229=FACE_OUTER_BOUND('',#404,.T.);
#230=FACE_OUTER_BOUND('',#412,.T.);
#231=FACE_OUTER_BOUND('',#413,.T.);
#232=FACE_OUTER_BOUND('',#414,.T.);
#233=FACE_OUTER_BOUND('',#415,.T.);
#234=FACE_OUTER_BOUND('',#416,.T.);
#235=FACE_OUTER_BOUND('',#417,.T.);
#236=FACE_OUTER_BOUND('',#418,.T.);
#237=FACE_OUTER_BOUND('',#419,.T.);
#238=FACE_OUTER_BOUND('',#420,.T.);
#239=FACE_OUTER_BOUND('',#421,.T.);
#240=FACE_OUTER_BOUND('',#422,.T.);
#241=FACE_OUTER_BOUND('',#423,.T.);
#242=FACE_OUTER_BOUND('',#424,.T.);
#243=FACE_OUTER_BOUND('',#425,.T.);
#244=FACE_OUTER_BOUND('',#426,.T.);
#245=FACE_OUTER_BOUND('',#427,.T.);
#246=FACE_OUTER_BOUND('',#428,.T.);
#247=FACE_OUTER_BOUND('',#429,.T.);
#248=FACE_OUTER_BOUND('',#431,.T.);
#249=FACE_OUTER_BOUND('',#432,.T.);
#250=FACE_OUTER_BOUND('',#433,.T.);
#251=FACE_OUTER_BOUND('',#434,.T.);
#252=FACE_OUTER_BOUND('',#436,.T.);
#253=FACE_OUTER_BOUND('',#439,.T.);
#254=FACE_OUTER_BOUND('',#440,.T.);
#255=FACE_OUTER_BOUND('',#441,.T.);
#256=FACE_OUTER_BOUND('',#442,.T.);
#257=FACE_OUTER_BOUND('',#445,.T.);
#258=FACE_OUTER_BOUND('',#446,.T.);
#259=FACE_OUTER_BOUND('',#447,.T.);
#260=FACE_OUTER_BOUND('',#448,.T.);
#261=FACE_OUTER_BOUND('',#449,.T.);
#262=FACE_OUTER_BOUND('',#451,.T.);
#263=FACE_OUTER_BOUND('',#453,.T.);
#264=FACE_OUTER_BOUND('',#454,.T.);
#265=FACE_OUTER_BOUND('',#455,.T.);
#266=FACE_OUTER_BOUND('',#456,.T.);
#267=FACE_OUTER_BOUND('',#458,.T.);
#268=FACE_OUTER_BOUND('',#460,.T.);
#269=FACE_OUTER_BOUND('',#461,.T.);
#270=FACE_OUTER_BOUND('',#462,.T.);
#271=FACE_OUTER_BOUND('',#463,.T.);
#272=FACE_OUTER_BOUND('',#464,.T.);
#273=FACE_OUTER_BOUND('',#465,.T.);
#274=FACE_OUTER_BOUND('',#467,.T.);
#275=FACE_OUTER_BOUND('',#468,.T.);
#276=FACE_OUTER_BOUND('',#469,.T.);
#277=FACE_OUTER_BOUND('',#470,.T.);
#278=FACE_OUTER_BOUND('',#471,.T.);
#279=FACE_OUTER_BOUND('',#473,.T.);
#280=FACE_OUTER_BOUND('',#474,.T.);
#281=FACE_OUTER_BOUND('',#475,.T.);
#282=FACE_OUTER_BOUND('',#476,.T.);
#283=FACE_OUTER_BOUND('',#477,.T.);
#284=FACE_OUTER_BOUND('',#478,.T.);
#285=FACE_OUTER_BOUND('',#479,.T.);
#286=FACE_OUTER_BOUND('',#480,.T.);
#287=FACE_OUTER_BOUND('',#481,.T.);
#288=FACE_OUTER_BOUND('',#482,.T.);
#289=FACE_OUTER_BOUND('',#483,.T.);
#290=FACE_OUTER_BOUND('',#484,.T.);
#291=FACE_OUTER_BOUND('',#485,.T.);
#292=FACE_OUTER_BOUND('',#486,.T.);
#293=FACE_OUTER_BOUND('',#487,.T.);
#294=FACE_OUTER_BOUND('',#488,.T.);
#295=FACE_OUTER_BOUND('',#489,.T.);
#296=FACE_OUTER_BOUND('',#490,.T.);
#297=FACE_OUTER_BOUND('',#491,.T.);
#298=FACE_OUTER_BOUND('',#492,.T.);
#299=FACE_OUTER_BOUND('',#493,.T.);
#300=FACE_OUTER_BOUND('',#494,.T.);
#301=FACE_OUTER_BOUND('',#495,.T.);
#302=FACE_OUTER_BOUND('',#496,.T.);
#303=FACE_OUTER_BOUND('',#497,.T.);
#304=FACE_OUTER_BOUND('',#498,.T.);
#305=FACE_OUTER_BOUND('',#499,.T.);
#306=FACE_OUTER_BOUND('',#500,.T.);
#307=FACE_OUTER_BOUND('',#501,.T.);
#308=FACE_OUTER_BOUND('',#507,.T.);
#309=FACE_OUTER_BOUND('',#515,.T.);
#310=FACE_OUTER_BOUND('',#516,.T.);
#311=EDGE_LOOP('',(#1927,#1928,#1929,#1930));
#312=EDGE_LOOP('',(#1931,#1932,#1933,#1934));
#313=EDGE_LOOP('',(#1935,#1936,#1937,#1938,#1939,#1940));
#314=EDGE_LOOP('',(#1941,#1942,#1943,#1944));
#315=EDGE_LOOP('',(#1945,#1946,#1947,#1948));
#316=EDGE_LOOP('',(#1949,#1950,#1951,#1952,#1953));
#317=EDGE_LOOP('',(#1954,#1955,#1956,#1957,#1958,#1959,#1960,#1961));
#318=EDGE_LOOP('',(#1962,#1963,#1964,#1965));
#319=EDGE_LOOP('',(#1966,#1967,#1968,#1969,#1970,#1971));
#320=EDGE_LOOP('',(#1972,#1973,#1974,#1975));
#321=EDGE_LOOP('',(#1976,#1977,#1978,#1979));
#322=EDGE_LOOP('',(#1980,#1981,#1982,#1983));
#323=EDGE_LOOP('',(#1984,#1985,#1986,#1987));
#324=EDGE_LOOP('',(#1988,#1989,#1990,#1991));
#325=EDGE_LOOP('',(#1992,#1993,#1994,#1995));
#326=EDGE_LOOP('',(#1996,#1997,#1998,#1999,#2000,#2001,#2002,#2003));
#327=EDGE_LOOP('',(#2004));
#328=EDGE_LOOP('',(#2005,#2006,#2007,#2008,#2009,#2010,#2011,#2012));
#329=EDGE_LOOP('',(#2013,#2014,#2015,#2016));
#330=EDGE_LOOP('',(#2017,#2018,#2019,#2020));
#331=EDGE_LOOP('',(#2021,#2022,#2023,#2024,#2025,#2026));
#332=EDGE_LOOP('',(#2027));
#333=EDGE_LOOP('',(#2028,#2029,#2030,#2031,#2032,#2033,#2034,#2035));
#334=EDGE_LOOP('',(#2036));
#335=EDGE_LOOP('',(#2037));
#336=EDGE_LOOP('',(#2038,#2039,#2040,#2041));
#337=EDGE_LOOP('',(#2042,#2043,#2044,#2045));
#338=EDGE_LOOP('',(#2046,#2047,#2048,#2049));
#339=EDGE_LOOP('',(#2050,#2051,#2052,#2053,#2054,#2055,#2056,#2057));
#340=EDGE_LOOP('',(#2058));
#341=EDGE_LOOP('',(#2059));
#342=EDGE_LOOP('',(#2060,#2061,#2062,#2063));
#343=EDGE_LOOP('',(#2064,#2065,#2066,#2067,#2068));
#344=EDGE_LOOP('',(#2069,#2070,#2071,#2072,#2073));
#345=EDGE_LOOP('',(#2074,#2075,#2076,#2077));
#346=EDGE_LOOP('',(#2078,#2079,#2080,#2081,#2082,#2083));
#347=EDGE_LOOP('',(#2084));
#348=EDGE_LOOP('',(#2085,#2086,#2087,#2088,#2089,#2090));
#349=EDGE_LOOP('',(#2091));
#350=EDGE_LOOP('',(#2092,#2093,#2094,#2095));
#351=EDGE_LOOP('',(#2096,#2097,#2098,#2099));
#352=EDGE_LOOP('',(#2100,#2101,#2102,#2103,#2104));
#353=EDGE_LOOP('',(#2105,#2106,#2107,#2108,#2109,#2110));
#354=EDGE_LOOP('',(#2111));
#355=EDGE_LOOP('',(#2112,#2113,#2114,#2115,#2116,#2117,#2118,#2119));
#356=EDGE_LOOP('',(#2120));
#357=EDGE_LOOP('',(#2121,#2122,#2123,#2124));
#358=EDGE_LOOP('',(#2125,#2126,#2127,#2128));
#359=EDGE_LOOP('',(#2129,#2130,#2131,#2132));
#360=EDGE_LOOP('',(#2133,#2134,#2135,#2136));
#361=EDGE_LOOP('',(#2137,#2138,#2139,#2140));
#362=EDGE_LOOP('',(#2141,#2142,#2143,#2144,#2145,#2146));
#363=EDGE_LOOP('',(#2147));
#364=EDGE_LOOP('',(#2148,#2149,#2150,#2151));
#365=EDGE_LOOP('',(#2152,#2153,#2154,#2155));
#366=EDGE_LOOP('',(#2156,#2157,#2158,#2159));
#367=EDGE_LOOP('',(#2160,#2161,#2162,#2163));
#368=EDGE_LOOP('',(#2164,#2165,#2166,#2167,#2168,#2169,#2170,#2171));
#369=EDGE_LOOP('',(#2172));
#370=EDGE_LOOP('',(#2173,#2174,#2175,#2176));
#371=EDGE_LOOP('',(#2177,#2178,#2179,#2180));
#372=EDGE_LOOP('',(#2181,#2182,#2183,#2184));
#373=EDGE_LOOP('',(#2185));
#374=EDGE_LOOP('',(#2186,#2187,#2188,#2189));
#375=EDGE_LOOP('',(#2190));
#376=EDGE_LOOP('',(#2191,#2192,#2193,#2194));
#377=EDGE_LOOP('',(#2195));
#378=EDGE_LOOP('',(#2196,#2197,#2198,#2199));
#379=EDGE_LOOP('',(#2200));
#380=EDGE_LOOP('',(#2201,#2202,#2203));
#381=EDGE_LOOP('',(#2204,#2205,#2206));
#382=EDGE_LOOP('',(#2207,#2208,#2209));
#383=EDGE_LOOP('',(#2210,#2211,#2212));
#384=EDGE_LOOP('',(#2213,#2214,#2215,#2216));
#385=EDGE_LOOP('',(#2217,#2218,#2219,#2220));
#386=EDGE_LOOP('',(#2221,#2222,#2223,#2224,#2225,#2226,#2227,#2228,#2229,
#2230,#2231,#2232));
#387=EDGE_LOOP('',(#2233,#2234,#2235,#2236));
#388=EDGE_LOOP('',(#2237,#2238,#2239,#2240));
#389=EDGE_LOOP('',(#2241,#2242,#2243,#2244));
#390=EDGE_LOOP('',(#2245,#2246,#2247,#2248));
#391=EDGE_LOOP('',(#2249,#2250,#2251,#2252));
#392=EDGE_LOOP('',(#2253,#2254,#2255,#2256,#2257,#2258,#2259,#2260));
#393=EDGE_LOOP('',(#2261,#2262,#2263,#2264,#2265,#2266,#2267,#2268));
#394=EDGE_LOOP('',(#2269,#2270,#2271,#2272,#2273,#2274,#2275,#2276,#2277,
#2278,#2279,#2280));
#395=EDGE_LOOP('',(#2281,#2282,#2283,#2284));
#396=EDGE_LOOP('',(#2285,#2286,#2287,#2288));
#397=EDGE_LOOP('',(#2289,#2290,#2291,#2292));
#398=EDGE_LOOP('',(#2293,#2294,#2295,#2296,#2297,#2298,#2299,#2300,#2301,
#2302,#2303,#2304,#2305,#2306,#2307,#2308));
#399=EDGE_LOOP('',(#2309));
#400=EDGE_LOOP('',(#2310));
#401=EDGE_LOOP('',(#2311));
#402=EDGE_LOOP('',(#2312));
#403=EDGE_LOOP('',(#2313));
#404=EDGE_LOOP('',(#2314,#2315,#2316,#2317,#2318,#2319));
#405=EDGE_LOOP('',(#2320,#2321,#2322,#2323));
#406=EDGE_LOOP('',(#2324,#2325,#2326,#2327));
#407=EDGE_LOOP('',(#2328));
#408=EDGE_LOOP('',(#2329));
#409=EDGE_LOOP('',(#2330));
#410=EDGE_LOOP('',(#2331));
#411=EDGE_LOOP('',(#2332));
#412=EDGE_LOOP('',(#2333,#2334,#2335,#2336));
#413=EDGE_LOOP('',(#2337,#2338,#2339,#2340));
#414=EDGE_LOOP('',(#2341,#2342,#2343,#2344));
#415=EDGE_LOOP('',(#2345,#2346,#2347,#2348));
#416=EDGE_LOOP('',(#2349,#2350,#2351,#2352,#2353,#2354));
#417=EDGE_LOOP('',(#2355,#2356,#2357,#2358));
#418=EDGE_LOOP('',(#2359,#2360,#2361,#2362));
#419=EDGE_LOOP('',(#2363,#2364,#2365,#2366,#2367));
#420=EDGE_LOOP('',(#2368,#2369,#2370,#2371,#2372,#2373,#2374,#2375));
#421=EDGE_LOOP('',(#2376,#2377,#2378,#2379));
#422=EDGE_LOOP('',(#2380,#2381,#2382,#2383,#2384,#2385));
#423=EDGE_LOOP('',(#2386,#2387,#2388,#2389));
#424=EDGE_LOOP('',(#2390,#2391,#2392,#2393));
#425=EDGE_LOOP('',(#2394,#2395,#2396,#2397));
#426=EDGE_LOOP('',(#2398,#2399,#2400,#2401));
#427=EDGE_LOOP('',(#2402,#2403,#2404,#2405));
#428=EDGE_LOOP('',(#2406,#2407,#2408,#2409));
#429=EDGE_LOOP('',(#2410,#2411,#2412,#2413,#2414,#2415,#2416,#2417));
#430=EDGE_LOOP('',(#2418));
#431=EDGE_LOOP('',(#2419,#2420,#2421,#2422,#2423,#2424,#2425,#2426));
#432=EDGE_LOOP('',(#2427,#2428,#2429,#2430));
#433=EDGE_LOOP('',(#2431,#2432,#2433,#2434));
#434=EDGE_LOOP('',(#2435,#2436,#2437,#2438,#2439,#2440));
#435=EDGE_LOOP('',(#2441));
#436=EDGE_LOOP('',(#2442,#2443,#2444,#2445,#2446,#2447,#2448,#2449));
#437=EDGE_LOOP('',(#2450));
#438=EDGE_LOOP('',(#2451));
#439=EDGE_LOOP('',(#2452,#2453,#2454,#2455));
#440=EDGE_LOOP('',(#2456,#2457,#2458,#2459));
#441=EDGE_LOOP('',(#2460,#2461,#2462,#2463));
#442=EDGE_LOOP('',(#2464,#2465,#2466,#2467,#2468,#2469,#2470,#2471));
#443=EDGE_LOOP('',(#2472));
#444=EDGE_LOOP('',(#2473));
#445=EDGE_LOOP('',(#2474,#2475,#2476,#2477));
#446=EDGE_LOOP('',(#2478,#2479,#2480,#2481,#2482));
#447=EDGE_LOOP('',(#2483,#2484,#2485,#2486,#2487));
#448=EDGE_LOOP('',(#2488,#2489,#2490,#2491));
#449=EDGE_LOOP('',(#2492,#2493,#2494,#2495,#2496,#2497));
#450=EDGE_LOOP('',(#2498));
#451=EDGE_LOOP('',(#2499,#2500,#2501,#2502,#2503,#2504));
#452=EDGE_LOOP('',(#2505));
#453=EDGE_LOOP('',(#2506,#2507,#2508,#2509));
#454=EDGE_LOOP('',(#2510,#2511,#2512,#2513));
#455=EDGE_LOOP('',(#2514,#2515,#2516,#2517,#2518));
#456=EDGE_LOOP('',(#2519,#2520,#2521,#2522,#2523,#2524));
#457=EDGE_LOOP('',(#2525));
#458=EDGE_LOOP('',(#2526,#2527,#2528,#2529,#2530,#2531,#2532,#2533));
#459=EDGE_LOOP('',(#2534));
#460=EDGE_LOOP('',(#2535,#2536,#2537,#2538));
#461=EDGE_LOOP('',(#2539,#2540,#2541,#2542));
#462=EDGE_LOOP('',(#2543,#2544,#2545,#2546));
#463=EDGE_LOOP('',(#2547,#2548,#2549,#2550));
#464=EDGE_LOOP('',(#2551,#2552,#2553,#2554));
#465=EDGE_LOOP('',(#2555,#2556,#2557,#2558,#2559,#2560));
#466=EDGE_LOOP('',(#2561));
#467=EDGE_LOOP('',(#2562,#2563,#2564,#2565));
#468=EDGE_LOOP('',(#2566,#2567,#2568,#2569));
#469=EDGE_LOOP('',(#2570,#2571,#2572,#2573));
#470=EDGE_LOOP('',(#2574,#2575,#2576,#2577));
#471=EDGE_LOOP('',(#2578,#2579,#2580,#2581,#2582,#2583,#2584,#2585));
#472=EDGE_LOOP('',(#2586));
#473=EDGE_LOOP('',(#2587,#2588,#2589,#2590));
#474=EDGE_LOOP('',(#2591,#2592,#2593,#2594));
#475=EDGE_LOOP('',(#2595,#2596,#2597,#2598));
#476=EDGE_LOOP('',(#2599));
#477=EDGE_LOOP('',(#2600,#2601,#2602,#2603));
#478=EDGE_LOOP('',(#2604));
#479=EDGE_LOOP('',(#2605,#2606,#2607,#2608));
#480=EDGE_LOOP('',(#2609));
#481=EDGE_LOOP('',(#2610,#2611,#2612,#2613));
#482=EDGE_LOOP('',(#2614));
#483=EDGE_LOOP('',(#2615,#2616,#2617));
#484=EDGE_LOOP('',(#2618,#2619,#2620));
#485=EDGE_LOOP('',(#2621,#2622,#2623));
#486=EDGE_LOOP('',(#2624,#2625,#2626));
#487=EDGE_LOOP('',(#2627,#2628,#2629,#2630));
#488=EDGE_LOOP('',(#2631,#2632,#2633,#2634));
#489=EDGE_LOOP('',(#2635,#2636,#2637,#2638,#2639,#2640,#2641,#2642,#2643,
#2644,#2645,#2646));
#490=EDGE_LOOP('',(#2647,#2648,#2649,#2650));
#491=EDGE_LOOP('',(#2651,#2652,#2653,#2654));
#492=EDGE_LOOP('',(#2655,#2656,#2657,#2658));
#493=EDGE_LOOP('',(#2659,#2660,#2661,#2662));
#494=EDGE_LOOP('',(#2663,#2664,#2665,#2666));
#495=EDGE_LOOP('',(#2667,#2668,#2669,#2670,#2671,#2672,#2673,#2674));
#496=EDGE_LOOP('',(#2675,#2676,#2677,#2678,#2679,#2680,#2681,#2682));
#497=EDGE_LOOP('',(#2683,#2684,#2685,#2686,#2687,#2688,#2689,#2690,#2691,
#2692,#2693,#2694));
#498=EDGE_LOOP('',(#2695,#2696,#2697,#2698));
#499=EDGE_LOOP('',(#2699,#2700,#2701,#2702));
#500=EDGE_LOOP('',(#2703,#2704,#2705,#2706));
#501=EDGE_LOOP('',(#2707,#2708,#2709,#2710,#2711,#2712,#2713,#2714,#2715,
#2716,#2717,#2718,#2719,#2720,#2721,#2722));
#502=EDGE_LOOP('',(#2723));
#503=EDGE_LOOP('',(#2724));
#504=EDGE_LOOP('',(#2725));
#505=EDGE_LOOP('',(#2726));
#506=EDGE_LOOP('',(#2727));
#507=EDGE_LOOP('',(#2728,#2729,#2730,#2731,#2732,#2733));
#508=EDGE_LOOP('',(#2734,#2735,#2736,#2737));
#509=EDGE_LOOP('',(#2738,#2739,#2740,#2741));
#510=EDGE_LOOP('',(#2742));
#511=EDGE_LOOP('',(#2743));
#512=EDGE_LOOP('',(#2744));
#513=EDGE_LOOP('',(#2745));
#514=EDGE_LOOP('',(#2746));
#515=EDGE_LOOP('',(#2747,#2748,#2749,#2750));
#516=EDGE_LOOP('',(#2751,#2752,#2753,#2754));
#517=LINE('',#4082,#879);
#518=LINE('',#4084,#880);
#519=LINE('',#4086,#881);
#520=LINE('',#4087,#882);
#521=LINE('',#4091,#883);
#522=LINE('',#4093,#884);
#523=LINE('',#4095,#885);
#524=LINE('',#4096,#886);
#525=LINE('',#4099,#887);
#526=LINE('',#4100,#888);
#527=LINE('',#4102,#889);
#528=LINE('',#4103,#890);
#529=LINE('',#4107,#891);
#530=LINE('',#4109,#892);
#531=LINE('',#4111,#893);
#532=LINE('',#4112,#894);
#533=LINE('',#4116,#895);
#534=LINE('',#4117,#896);
#535=LINE('',#4118,#897);
#536=LINE('',#4121,#898);
#537=LINE('',#4122,#899);
#538=LINE('',#4123,#900);
#539=LINE('',#4126,#901);
#540=LINE('',#4128,#902);
#541=LINE('',#4130,#903);
#542=LINE('',#4132,#904);
#543=LINE('',#4134,#905);
#544=LINE('',#4135,#906);
#545=LINE('',#4139,#907);
#546=LINE('',#4141,#908);
#547=LINE('',#4143,#909);
#548=LINE('',#4144,#910);
#549=LINE('',#4148,#911);
#550=LINE('',#4150,#912);
#551=LINE('',#4151,#913);
#552=LINE('',#4153,#914);
#553=LINE('',#4154,#915);
#554=LINE('',#4157,#916);
#555=LINE('',#4159,#917);
#556=LINE('',#4160,#918);
#557=LINE('',#4163,#919);
#558=LINE('',#4165,#920);
#559=LINE('',#4166,#921);
#560=LINE('',#4169,#922);
#561=LINE('',#4170,#923);
#562=LINE('',#4173,#924);
#563=LINE('',#4174,#925);
#564=LINE('',#4178,#926);
#565=LINE('',#4180,#927);
#566=LINE('',#4182,#928);
#567=LINE('',#4183,#929);
#568=LINE('',#4187,#930);
#569=LINE('',#4189,#931);
#570=LINE('',#4191,#932);
#571=LINE('',#4192,#933);
#572=LINE('',#4195,#934);
#573=LINE('',#4196,#935);
#574=LINE('',#4198,#936);
#575=LINE('',#4200,#937);
#576=LINE('',#4202,#938);
#577=LINE('',#4203,#939);
#578=LINE('',#4208,#940);
#579=LINE('',#4210,#941);
#580=LINE('',#4212,#942);
#581=LINE('',#4214,#943);
#582=LINE('',#4216,#944);
#583=LINE('',#4217,#945);
#584=LINE('',#4221,#946);
#585=LINE('',#4223,#947);
#586=LINE('',#4225,#948);
#587=LINE('',#4226,#949);
#588=LINE('',#4230,#950);
#589=LINE('',#4232,#951);
#590=LINE('',#4234,#952);
#591=LINE('',#4235,#953);
#592=LINE('',#4237,#954);
#593=LINE('',#4239,#955);
#594=LINE('',#4241,#956);
#595=LINE('',#4242,#957);
#596=LINE('',#4247,#958);
#597=LINE('',#4249,#959);
#598=LINE('',#4251,#960);
#599=LINE('',#4253,#961);
#600=LINE('',#4255,#962);
#601=LINE('',#4257,#963);
#602=LINE('',#4258,#964);
#603=LINE('',#4265,#965);
#604=LINE('',#4267,#966);
#605=LINE('',#4268,#967);
#606=LINE('',#4271,#968);
#607=LINE('',#4273,#969);
#608=LINE('',#4274,#970);
#609=LINE('',#4278,#971);
#610=LINE('',#4280,#972);
#611=LINE('',#4282,#973);
#612=LINE('',#4283,#974);
#613=LINE('',#4285,#975);
#614=LINE('',#4287,#976);
#615=LINE('',#4289,#977);
#616=LINE('',#4291,#978);
#617=LINE('',#4293,#979);
#618=LINE('',#4294,#980);
#619=LINE('',#4301,#981);
#620=LINE('',#4303,#982);
#621=LINE('',#4304,#983);
#622=LINE('',#4307,#984);
#623=LINE('',#4309,#985);
#624=LINE('',#4310,#986);
#625=LINE('',#4314,#987);
#626=LINE('',#4315,#988);
#627=LINE('',#4316,#989);
#628=LINE('',#4318,#990);
#629=LINE('',#4319,#991);
#630=LINE('',#4324,#992);
#631=LINE('',#4329,#993);
#632=LINE('',#4330,#994);
#633=LINE('',#4333,#995);
#634=LINE('',#4334,#996);
#635=LINE('',#4336,#997);
#636=LINE('',#4337,#998);
#637=LINE('',#4342,#999);
#638=LINE('',#4346,#1000);
#639=LINE('',#4348,#1001);
#640=LINE('',#4351,#1002);
#641=LINE('',#4352,#1003);
#642=LINE('',#4355,#1004);
#643=LINE('',#4356,#1005);
#644=LINE('',#4358,#1006);
#645=LINE('',#4360,#1007);
#646=LINE('',#4365,#1008);
#647=LINE('',#4366,#1009);
#648=LINE('',#4369,#1010);
#649=LINE('',#4370,#1011);
#650=LINE('',#4373,#1012);
#651=LINE('',#4374,#1013);
#652=LINE('',#4376,#1014);
#653=LINE('',#4378,#1015);
#654=LINE('',#4383,#1016);
#655=LINE('',#4387,#1017);
#656=LINE('',#4391,#1018);
#657=LINE('',#4396,#1019);
#658=LINE('',#4400,#1020);
#659=LINE('',#4403,#1021);
#660=LINE('',#4408,#1022);
#661=LINE('',#4410,#1023);
#662=LINE('',#4411,#1024);
#663=LINE('',#4415,#1025);
#664=LINE('',#4417,#1026);
#665=LINE('',#4418,#1027);
#666=LINE('',#4422,#1028);
#667=LINE('',#4424,#1029);
#668=LINE('',#4425,#1030);
#669=LINE('',#4429,#1031);
#670=LINE('',#4431,#1032);
#671=LINE('',#4432,#1033);
#672=LINE('',#4437,#1034);
#673=LINE('',#4443,#1035);
#674=LINE('',#4446,#1036);
#675=LINE('',#4447,#1037);
#676=LINE('',#4448,#1038);
#677=LINE('',#4449,#1039);
#678=LINE('',#4450,#1040);
#679=LINE('',#4451,#1041);
#680=LINE('',#4453,#1042);
#681=LINE('',#4455,#1043);
#682=LINE('',#4458,#1044);
#683=LINE('',#4460,#1045);
#684=LINE('',#4461,#1046);
#685=LINE('',#4464,#1047);
#686=LINE('',#4466,#1048);
#687=LINE('',#4467,#1049);
#688=LINE('',#4469,#1050);
#689=LINE('',#4470,#1051);
#690=LINE('',#4472,#1052);
#691=LINE('',#4474,#1053);
#692=LINE('',#4480,#1054);
#693=LINE('',#4486,#1055);
#694=LINE('',#4492,#1056);
#695=LINE('',#4495,#1057);
#696=LINE('',#4497,#1058);
#697=LINE('',#4499,#1059);
#698=LINE('',#4505,#1060);
#699=LINE('',#4507,#1061);
#700=LINE('',#4509,#1062);
#701=LINE('',#4510,#1063);
#702=LINE('',#4514,#1064);
#703=LINE('',#4516,#1065);
#704=LINE('',#4518,#1066);
#705=LINE('',#4519,#1067);
#706=LINE('',#4522,#1068);
#707=LINE('',#4524,#1069);
#708=LINE('',#4525,#1070);
#709=LINE('',#4526,#1071);
#710=LINE('',#4530,#1072);
#711=LINE('',#4532,#1073);
#712=LINE('',#4534,#1074);
#713=LINE('',#4535,#1075);
#714=LINE('',#4539,#1076);
#715=LINE('',#4540,#1077);
#716=LINE('',#4541,#1078);
#717=LINE('',#4544,#1079);
#718=LINE('',#4545,#1080);
#719=LINE('',#4546,#1081);
#720=LINE('',#4549,#1082);
#721=LINE('',#4551,#1083);
#722=LINE('',#4553,#1084);
#723=LINE('',#4555,#1085);
#724=LINE('',#4557,#1086);
#725=LINE('',#4558,#1087);
#726=LINE('',#4562,#1088);
#727=LINE('',#4564,#1089);
#728=LINE('',#4566,#1090);
#729=LINE('',#4567,#1091);
#730=LINE('',#4571,#1092);
#731=LINE('',#4573,#1093);
#732=LINE('',#4574,#1094);
#733=LINE('',#4576,#1095);
#734=LINE('',#4577,#1096);
#735=LINE('',#4580,#1097);
#736=LINE('',#4582,#1098);
#737=LINE('',#4583,#1099);
#738=LINE('',#4586,#1100);
#739=LINE('',#4588,#1101);
#740=LINE('',#4589,#1102);
#741=LINE('',#4592,#1103);
#742=LINE('',#4593,#1104);
#743=LINE('',#4596,#1105);
#744=LINE('',#4597,#1106);
#745=LINE('',#4601,#1107);
#746=LINE('',#4603,#1108);
#747=LINE('',#4605,#1109);
#748=LINE('',#4606,#1110);
#749=LINE('',#4610,#1111);
#750=LINE('',#4612,#1112);
#751=LINE('',#4614,#1113);
#752=LINE('',#4615,#1114);
#753=LINE('',#4618,#1115);
#754=LINE('',#4620,#1116);
#755=LINE('',#4622,#1117);
#756=LINE('',#4624,#1118);
#757=LINE('',#4625,#1119);
#758=LINE('',#4626,#1120);
#759=LINE('',#4631,#1121);
#760=LINE('',#4633,#1122);
#761=LINE('',#4635,#1123);
#762=LINE('',#4637,#1124);
#763=LINE('',#4639,#1125);
#764=LINE('',#4640,#1126);
#765=LINE('',#4644,#1127);
#766=LINE('',#4646,#1128);
#767=LINE('',#4648,#1129);
#768=LINE('',#4649,#1130);
#769=LINE('',#4653,#1131);
#770=LINE('',#4655,#1132);
#771=LINE('',#4657,#1133);
#772=LINE('',#4658,#1134);
#773=LINE('',#4660,#1135);
#774=LINE('',#4662,#1136);
#775=LINE('',#4664,#1137);
#776=LINE('',#4665,#1138);
#777=LINE('',#4670,#1139);
#778=LINE('',#4672,#1140);
#779=LINE('',#4674,#1141);
#780=LINE('',#4676,#1142);
#781=LINE('',#4678,#1143);
#782=LINE('',#4680,#1144);
#783=LINE('',#4681,#1145);
#784=LINE('',#4688,#1146);
#785=LINE('',#4690,#1147);
#786=LINE('',#4691,#1148);
#787=LINE('',#4694,#1149);
#788=LINE('',#4696,#1150);
#789=LINE('',#4697,#1151);
#790=LINE('',#4701,#1152);
#791=LINE('',#4703,#1153);
#792=LINE('',#4705,#1154);
#793=LINE('',#4706,#1155);
#794=LINE('',#4708,#1156);
#795=LINE('',#4710,#1157);
#796=LINE('',#4712,#1158);
#797=LINE('',#4714,#1159);
#798=LINE('',#4716,#1160);
#799=LINE('',#4717,#1161);
#800=LINE('',#4724,#1162);
#801=LINE('',#4726,#1163);
#802=LINE('',#4727,#1164);
#803=LINE('',#4730,#1165);
#804=LINE('',#4732,#1166);
#805=LINE('',#4733,#1167);
#806=LINE('',#4737,#1168);
#807=LINE('',#4738,#1169);
#808=LINE('',#4739,#1170);
#809=LINE('',#4741,#1171);
#810=LINE('',#4742,#1172);
#811=LINE('',#4747,#1173);
#812=LINE('',#4752,#1174);
#813=LINE('',#4753,#1175);
#814=LINE('',#4756,#1176);
#815=LINE('',#4757,#1177);
#816=LINE('',#4759,#1178);
#817=LINE('',#4760,#1179);
#818=LINE('',#4765,#1180);
#819=LINE('',#4769,#1181);
#820=LINE('',#4771,#1182);
#821=LINE('',#4774,#1183);
#822=LINE('',#4775,#1184);
#823=LINE('',#4778,#1185);
#824=LINE('',#4779,#1186);
#825=LINE('',#4781,#1187);
#826=LINE('',#4783,#1188);
#827=LINE('',#4788,#1189);
#828=LINE('',#4789,#1190);
#829=LINE('',#4792,#1191);
#830=LINE('',#4793,#1192);
#831=LINE('',#4796,#1193);
#832=LINE('',#4797,#1194);
#833=LINE('',#4799,#1195);
#834=LINE('',#4801,#1196);
#835=LINE('',#4806,#1197);
#836=LINE('',#4810,#1198);
#837=LINE('',#4814,#1199);
#838=LINE('',#4819,#1200);
#839=LINE('',#4823,#1201);
#840=LINE('',#4826,#1202);
#841=LINE('',#4831,#1203);
#842=LINE('',#4833,#1204);
#843=LINE('',#4834,#1205);
#844=LINE('',#4838,#1206);
#845=LINE('',#4840,#1207);
#846=LINE('',#4841,#1208);
#847=LINE('',#4845,#1209);
#848=LINE('',#4847,#1210);
#849=LINE('',#4848,#1211);
#850=LINE('',#4852,#1212);
#851=LINE('',#4854,#1213);
#852=LINE('',#4855,#1214);
#853=LINE('',#4860,#1215);
#854=LINE('',#4866,#1216);
#855=LINE('',#4869,#1217);
#856=LINE('',#4870,#1218);
#857=LINE('',#4871,#1219);
#858=LINE('',#4872,#1220);
#859=LINE('',#4873,#1221);
#860=LINE('',#4874,#1222);
#861=LINE('',#4876,#1223);
#862=LINE('',#4878,#1224);
#863=LINE('',#4881,#1225);
#864=LINE('',#4883,#1226);
#865=LINE('',#4884,#1227);
#866=LINE('',#4887,#1228);
#867=LINE('',#4889,#1229);
#868=LINE('',#4890,#1230);
#869=LINE('',#4892,#1231);
#870=LINE('',#4893,#1232);
#871=LINE('',#4895,#1233);
#872=LINE('',#4897,#1234);
#873=LINE('',#4903,#1235);
#874=LINE('',#4909,#1236);
#875=LINE('',#4915,#1237);
#876=LINE('',#4918,#1238);
#877=LINE('',#4920,#1239);
#878=LINE('',#4922,#1240);
#879=VECTOR('',#3291,10.);
#880=VECTOR('',#3292,10.);
#881=VECTOR('',#3293,10.);
#882=VECTOR('',#3294,10.);
#883=VECTOR('',#3297,10.);
#884=VECTOR('',#3298,10.);
#885=VECTOR('',#3299,10.);
#886=VECTOR('',#3300,10.);
#887=VECTOR('',#3303,10.);
#888=VECTOR('',#3304,10.);
#889=VECTOR('',#3305,10.);
#890=VECTOR('',#3306,10.);
#891=VECTOR('',#3309,10.);
#892=VECTOR('',#3310,10.);
#893=VECTOR('',#3311,10.);
#894=VECTOR('',#3312,10.);
#895=VECTOR('',#3315,10.);
#896=VECTOR('',#3316,10.);
#897=VECTOR('',#3317,10.);
#898=VECTOR('',#3320,10.);
#899=VECTOR('',#3321,10.);
#900=VECTOR('',#3322,10.);
#901=VECTOR('',#3325,10.);
#902=VECTOR('',#3326,10.);
#903=VECTOR('',#3327,10.);
#904=VECTOR('',#3328,10.);
#905=VECTOR('',#3329,10.);
#906=VECTOR('',#3330,10.);
#907=VECTOR('',#3333,10.);
#908=VECTOR('',#3334,10.);
#909=VECTOR('',#3335,10.);
#910=VECTOR('',#3336,10.);
#911=VECTOR('',#3339,10.);
#912=VECTOR('',#3340,10.);
#913=VECTOR('',#3341,10.);
#914=VECTOR('',#3342,10.);
#915=VECTOR('',#3343,10.);
#916=VECTOR('',#3346,10.);
#917=VECTOR('',#3347,10.);
#918=VECTOR('',#3348,10.);
#919=VECTOR('',#3351,10.);
#920=VECTOR('',#3352,10.);
#921=VECTOR('',#3353,10.);
#922=VECTOR('',#3356,10.);
#923=VECTOR('',#3357,10.);
#924=VECTOR('',#3360,10.);
#925=VECTOR('',#3361,10.);
#926=VECTOR('',#3364,10.);
#927=VECTOR('',#3365,10.);
#928=VECTOR('',#3366,10.);
#929=VECTOR('',#3367,10.);
#930=VECTOR('',#3370,10.);
#931=VECTOR('',#3371,10.);
#932=VECTOR('',#3372,10.);
#933=VECTOR('',#3373,10.);
#934=VECTOR('',#3376,10.);
#935=VECTOR('',#3377,10.);
#936=VECTOR('',#3378,10.);
#937=VECTOR('',#3379,10.);
#938=VECTOR('',#3380,10.);
#939=VECTOR('',#3381,10.);
#940=VECTOR('',#3386,10.);
#941=VECTOR('',#3387,10.);
#942=VECTOR('',#3388,10.);
#943=VECTOR('',#3389,10.);
#944=VECTOR('',#3390,10.);
#945=VECTOR('',#3391,10.);
#946=VECTOR('',#3394,10.);
#947=VECTOR('',#3395,10.);
#948=VECTOR('',#3396,10.);
#949=VECTOR('',#3397,10.);
#950=VECTOR('',#3400,10.);
#951=VECTOR('',#3401,10.);
#952=VECTOR('',#3402,10.);
#953=VECTOR('',#3403,10.);
#954=VECTOR('',#3406,10.);
#955=VECTOR('',#3407,10.);
#956=VECTOR('',#3408,10.);
#957=VECTOR('',#3409,10.);
#958=VECTOR('',#3414,10.);
#959=VECTOR('',#3415,10.);
#960=VECTOR('',#3416,10.);
#961=VECTOR('',#3417,10.);
#962=VECTOR('',#3418,10.);
#963=VECTOR('',#3419,10.);
#964=VECTOR('',#3420,10.);
#965=VECTOR('',#3427,10.);
#966=VECTOR('',#3428,10.);
#967=VECTOR('',#3429,10.);
#968=VECTOR('',#3432,10.);
#969=VECTOR('',#3433,10.);
#970=VECTOR('',#3434,10.);
#971=VECTOR('',#3437,10.);
#972=VECTOR('',#3438,10.);
#973=VECTOR('',#3439,10.);
#974=VECTOR('',#3440,10.);
#975=VECTOR('',#3443,10.);
#976=VECTOR('',#3444,10.);
#977=VECTOR('',#3445,10.);
#978=VECTOR('',#3446,10.);
#979=VECTOR('',#3447,10.);
#980=VECTOR('',#3448,10.);
#981=VECTOR('',#3455,10.);
#982=VECTOR('',#3456,10.);
#983=VECTOR('',#3457,10.);
#984=VECTOR('',#3460,10.);
#985=VECTOR('',#3461,10.);
#986=VECTOR('',#3462,10.);
#987=VECTOR('',#3465,10.);
#988=VECTOR('',#3466,10.);
#989=VECTOR('',#3467,10.);
#990=VECTOR('',#3470,10.);
#991=VECTOR('',#3471,10.);
#992=VECTOR('',#3478,10.);
#993=VECTOR('',#3483,10.);
#994=VECTOR('',#3484,10.);
#995=VECTOR('',#3487,10.);
#996=VECTOR('',#3488,10.);
#997=VECTOR('',#3491,10.);
#998=VECTOR('',#3492,10.);
#999=VECTOR('',#3499,10.);
#1000=VECTOR('',#3504,3.25);
#1001=VECTOR('',#3507,3.25);
#1002=VECTOR('',#3510,10.);
#1003=VECTOR('',#3511,10.);
#1004=VECTOR('',#3514,10.);
#1005=VECTOR('',#3515,10.);
#1006=VECTOR('',#3518,10.);
#1007=VECTOR('',#3521,10.);
#1008=VECTOR('',#3526,10.);
#1009=VECTOR('',#3527,10.);
#1010=VECTOR('',#3530,10.);
#1011=VECTOR('',#3531,10.);
#1012=VECTOR('',#3534,10.);
#1013=VECTOR('',#3535,10.);
#1014=VECTOR('',#3538,10.);
#1015=VECTOR('',#3541,10.);
#1016=VECTOR('',#3546,3.25);
#1017=VECTOR('',#3551,3.25);
#1018=VECTOR('',#3556,3.25);
#1019=VECTOR('',#3563,3.25);
#1020=VECTOR('',#3570,3.25);
#1021=VECTOR('',#3575,3.25);
#1022=VECTOR('',#3580,10.);
#1023=VECTOR('',#3581,10.);
#1024=VECTOR('',#3582,10.);
#1025=VECTOR('',#3585,10.);
#1026=VECTOR('',#3586,10.);
#1027=VECTOR('',#3587,10.);
#1028=VECTOR('',#3590,10.);
#1029=VECTOR('',#3591,10.);
#1030=VECTOR('',#3592,10.);
#1031=VECTOR('',#3595,10.);
#1032=VECTOR('',#3596,10.);
#1033=VECTOR('',#3597,10.);
#1034=VECTOR('',#3602,3.25);
#1035=VECTOR('',#3609,3.25);
#1036=VECTOR('',#3614,10.);
#1037=VECTOR('',#3615,10.);
#1038=VECTOR('',#3616,10.);
#1039=VECTOR('',#3617,10.);
#1040=VECTOR('',#3618,10.);
#1041=VECTOR('',#3619,10.);
#1042=VECTOR('',#3622,10.);
#1043=VECTOR('',#3625,10.);
#1044=VECTOR('',#3628,10.);
#1045=VECTOR('',#3629,10.);
#1046=VECTOR('',#3630,10.);
#1047=VECTOR('',#3633,10.);
#1048=VECTOR('',#3634,10.);
#1049=VECTOR('',#3635,10.);
#1050=VECTOR('',#3638,10.);
#1051=VECTOR('',#3639,10.);
#1052=VECTOR('',#3642,10.);
#1053=VECTOR('',#3645,10.);
#1054=VECTOR('',#3652,3.24999999999999);
#1055=VECTOR('',#3659,3.25);
#1056=VECTOR('',#3666,3.24999999999999);
#1057=VECTOR('',#3671,10.);
#1058=VECTOR('',#3674,10.);
#1059=VECTOR('',#3677,10.);
#1060=VECTOR('',#3684,10.);
#1061=VECTOR('',#3685,10.);
#1062=VECTOR('',#3686,10.);
#1063=VECTOR('',#3687,10.);
#1064=VECTOR('',#3690,10.);
#1065=VECTOR('',#3691,10.);
#1066=VECTOR('',#3692,10.);
#1067=VECTOR('',#3693,10.);
#1068=VECTOR('',#3696,10.);
#1069=VECTOR('',#3697,10.);
#1070=VECTOR('',#3698,10.);
#1071=VECTOR('',#3699,10.);
#1072=VECTOR('',#3702,10.);
#1073=VECTOR('',#3703,10.);
#1074=VECTOR('',#3704,10.);
#1075=VECTOR('',#3705,10.);
#1076=VECTOR('',#3708,10.);
#1077=VECTOR('',#3709,10.);
#1078=VECTOR('',#3710,10.);
#1079=VECTOR('',#3713,10.);
#1080=VECTOR('',#3714,10.);
#1081=VECTOR('',#3715,10.);
#1082=VECTOR('',#3718,10.);
#1083=VECTOR('',#3719,10.);
#1084=VECTOR('',#3720,10.);
#1085=VECTOR('',#3721,10.);
#1086=VECTOR('',#3722,10.);
#1087=VECTOR('',#3723,10.);
#1088=VECTOR('',#3726,10.);
#1089=VECTOR('',#3727,10.);
#1090=VECTOR('',#3728,10.);
#1091=VECTOR('',#3729,10.);
#1092=VECTOR('',#3732,10.);
#1093=VECTOR('',#3733,10.);
#1094=VECTOR('',#3734,10.);
#1095=VECTOR('',#3735,10.);
#1096=VECTOR('',#3736,10.);
#1097=VECTOR('',#3739,10.);
#1098=VECTOR('',#3740,10.);
#1099=VECTOR('',#3741,10.);
#1100=VECTOR('',#3744,10.);
#1101=VECTOR('',#3745,10.);
#1102=VECTOR('',#3746,10.);
#1103=VECTOR('',#3749,10.);
#1104=VECTOR('',#3750,10.);
#1105=VECTOR('',#3753,10.);
#1106=VECTOR('',#3754,10.);
#1107=VECTOR('',#3757,10.);
#1108=VECTOR('',#3758,10.);
#1109=VECTOR('',#3759,10.);
#1110=VECTOR('',#3760,10.);
#1111=VECTOR('',#3763,10.);
#1112=VECTOR('',#3764,10.);
#1113=VECTOR('',#3765,10.);
#1114=VECTOR('',#3766,10.);
#1115=VECTOR('',#3769,10.);
#1116=VECTOR('',#3770,10.);
#1117=VECTOR('',#3771,10.);
#1118=VECTOR('',#3772,10.);
#1119=VECTOR('',#3773,10.);
#1120=VECTOR('',#3774,10.);
#1121=VECTOR('',#3779,10.);
#1122=VECTOR('',#3780,10.);
#1123=VECTOR('',#3781,10.);
#1124=VECTOR('',#3782,10.);
#1125=VECTOR('',#3783,10.);
#1126=VECTOR('',#3784,10.);
#1127=VECTOR('',#3787,10.);
#1128=VECTOR('',#3788,10.);
#1129=VECTOR('',#3789,10.);
#1130=VECTOR('',#3790,10.);
#1131=VECTOR('',#3793,10.);
#1132=VECTOR('',#3794,10.);
#1133=VECTOR('',#3795,10.);
#1134=VECTOR('',#3796,10.);
#1135=VECTOR('',#3799,10.);
#1136=VECTOR('',#3800,10.);
#1137=VECTOR('',#3801,10.);
#1138=VECTOR('',#3802,10.);
#1139=VECTOR('',#3807,10.);
#1140=VECTOR('',#3808,10.);
#1141=VECTOR('',#3809,10.);
#1142=VECTOR('',#3810,10.);
#1143=VECTOR('',#3811,10.);
#1144=VECTOR('',#3812,10.);
#1145=VECTOR('',#3813,10.);
#1146=VECTOR('',#3820,10.);
#1147=VECTOR('',#3821,10.);
#1148=VECTOR('',#3822,10.);
#1149=VECTOR('',#3825,10.);
#1150=VECTOR('',#3826,10.);
#1151=VECTOR('',#3827,10.);
#1152=VECTOR('',#3830,10.);
#1153=VECTOR('',#3831,10.);
#1154=VECTOR('',#3832,10.);
#1155=VECTOR('',#3833,10.);
#1156=VECTOR('',#3836,10.);
#1157=VECTOR('',#3837,10.);
#1158=VECTOR('',#3838,10.);
#1159=VECTOR('',#3839,10.);
#1160=VECTOR('',#3840,10.);
#1161=VECTOR('',#3841,10.);
#1162=VECTOR('',#3848,10.);
#1163=VECTOR('',#3849,10.);
#1164=VECTOR('',#3850,10.);
#1165=VECTOR('',#3853,10.);
#1166=VECTOR('',#3854,10.);
#1167=VECTOR('',#3855,10.);
#1168=VECTOR('',#3858,10.);
#1169=VECTOR('',#3859,10.);
#1170=VECTOR('',#3860,10.);
#1171=VECTOR('',#3863,10.);
#1172=VECTOR('',#3864,10.);
#1173=VECTOR('',#3871,10.);
#1174=VECTOR('',#3876,10.);
#1175=VECTOR('',#3877,10.);
#1176=VECTOR('',#3880,10.);
#1177=VECTOR('',#3881,10.);
#1178=VECTOR('',#3884,10.);
#1179=VECTOR('',#3885,10.);
#1180=VECTOR('',#3892,10.);
#1181=VECTOR('',#3897,3.25);
#1182=VECTOR('',#3900,3.25);
#1183=VECTOR('',#3903,10.);
#1184=VECTOR('',#3904,10.);
#1185=VECTOR('',#3907,10.);
#1186=VECTOR('',#3908,10.);
#1187=VECTOR('',#3911,10.);
#1188=VECTOR('',#3914,10.);
#1189=VECTOR('',#3919,10.);
#1190=VECTOR('',#3920,10.);
#1191=VECTOR('',#3923,10.);
#1192=VECTOR('',#3924,10.);
#1193=VECTOR('',#3927,10.);
#1194=VECTOR('',#3928,10.);
#1195=VECTOR('',#3931,10.);
#1196=VECTOR('',#3934,10.);
#1197=VECTOR('',#3939,3.25);
#1198=VECTOR('',#3944,3.25);
#1199=VECTOR('',#3949,3.25);
#1200=VECTOR('',#3956,3.25);
#1201=VECTOR('',#3963,3.25);
#1202=VECTOR('',#3968,3.25);
#1203=VECTOR('',#3973,10.);
#1204=VECTOR('',#3974,10.);
#1205=VECTOR('',#3975,10.);
#1206=VECTOR('',#3978,10.);
#1207=VECTOR('',#3979,10.);
#1208=VECTOR('',#3980,10.);
#1209=VECTOR('',#3983,10.);
#1210=VECTOR('',#3984,10.);
#1211=VECTOR('',#3985,10.);
#1212=VECTOR('',#3988,10.);
#1213=VECTOR('',#3989,10.);
#1214=VECTOR('',#3990,10.);
#1215=VECTOR('',#3995,3.25);
#1216=VECTOR('',#4002,3.25);
#1217=VECTOR('',#4007,10.);
#1218=VECTOR('',#4008,10.);
#1219=VECTOR('',#4009,10.);
#1220=VECTOR('',#4010,10.);
#1221=VECTOR('',#4011,10.);
#1222=VECTOR('',#4012,10.);
#1223=VECTOR('',#4015,10.);
#1224=VECTOR('',#4018,10.);
#1225=VECTOR('',#4021,10.);
#1226=VECTOR('',#4022,10.);
#1227=VECTOR('',#4023,10.);
#1228=VECTOR('',#4026,10.);
#1229=VECTOR('',#4027,10.);
#1230=VECTOR('',#4028,10.);
#1231=VECTOR('',#4031,10.);
#1232=VECTOR('',#4032,10.);
#1233=VECTOR('',#4035,10.);
#1234=VECTOR('',#4038,10.);
#1235=VECTOR('',#4045,3.24999999999999);
#1236=VECTOR('',#4052,3.25);
#1237=VECTOR('',#4059,3.24999999999999);
#1238=VECTOR('',#4064,10.);
#1239=VECTOR('',#4067,10.);
#1240=VECTOR('',#4070,10.);
#1241=VERTEX_POINT('',#4080);
#1242=VERTEX_POINT('',#4081);
#1243=VERTEX_POINT('',#4083);
#1244=VERTEX_POINT('',#4085);
#1245=VERTEX_POINT('',#4089);
#1246=VERTEX_POINT('',#4090);
#1247=VERTEX_POINT('',#4092);
#1248=VERTEX_POINT('',#4094);
#1249=VERTEX_POINT('',#4098);
#1250=VERTEX_POINT('',#4101);
#1251=VERTEX_POINT('',#4105);
#1252=VERTEX_POINT('',#4106);
#1253=VERTEX_POINT('',#4108);
#1254=VERTEX_POINT('',#4110);
#1255=VERTEX_POINT('',#4114);
#1256=VERTEX_POINT('',#4115);
#1257=VERTEX_POINT('',#4120);
#1258=VERTEX_POINT('',#4125);
#1259=VERTEX_POINT('',#4127);
#1260=VERTEX_POINT('',#4129);
#1261=VERTEX_POINT('',#4131);
#1262=VERTEX_POINT('',#4133);
#1263=VERTEX_POINT('',#4137);
#1264=VERTEX_POINT('',#4138);
#1265=VERTEX_POINT('',#4140);
#1266=VERTEX_POINT('',#4142);
#1267=VERTEX_POINT('',#4146);
#1268=VERTEX_POINT('',#4147);
#1269=VERTEX_POINT('',#4149);
#1270=VERTEX_POINT('',#4152);
#1271=VERTEX_POINT('',#4156);
#1272=VERTEX_POINT('',#4158);
#1273=VERTEX_POINT('',#4162);
#1274=VERTEX_POINT('',#4164);
#1275=VERTEX_POINT('',#4168);
#1276=VERTEX_POINT('',#4172);
#1277=VERTEX_POINT('',#4176);
#1278=VERTEX_POINT('',#4177);
#1279=VERTEX_POINT('',#4179);
#1280=VERTEX_POINT('',#4181);
#1281=VERTEX_POINT('',#4185);
#1282=VERTEX_POINT('',#4186);
#1283=VERTEX_POINT('',#4188);
#1284=VERTEX_POINT('',#4190);
#1285=VERTEX_POINT('',#4194);
#1286=VERTEX_POINT('',#4197);
#1287=VERTEX_POINT('',#4199);
#1288=VERTEX_POINT('',#4201);
#1289=VERTEX_POINT('',#4204);
#1290=VERTEX_POINT('',#4207);
#1291=VERTEX_POINT('',#4209);
#1292=VERTEX_POINT('',#4211);
#1293=VERTEX_POINT('',#4213);
#1294=VERTEX_POINT('',#4215);
#1295=VERTEX_POINT('',#4219);
#1296=VERTEX_POINT('',#4220);
#1297=VERTEX_POINT('',#4222);
#1298=VERTEX_POINT('',#4224);
#1299=VERTEX_POINT('',#4228);
#1300=VERTEX_POINT('',#4229);
#1301=VERTEX_POINT('',#4231);
#1302=VERTEX_POINT('',#4233);
#1303=VERTEX_POINT('',#4238);
#1304=VERTEX_POINT('',#4240);
#1305=VERTEX_POINT('',#4243);
#1306=VERTEX_POINT('',#4246);
#1307=VERTEX_POINT('',#4248);
#1308=VERTEX_POINT('',#4250);
#1309=VERTEX_POINT('',#4252);
#1310=VERTEX_POINT('',#4254);
#1311=VERTEX_POINT('',#4256);
#1312=VERTEX_POINT('',#4259);
#1313=VERTEX_POINT('',#4261);
#1314=VERTEX_POINT('',#4264);
#1315=VERTEX_POINT('',#4266);
#1316=VERTEX_POINT('',#4270);
#1317=VERTEX_POINT('',#4272);
#1318=VERTEX_POINT('',#4276);
#1319=VERTEX_POINT('',#4277);
#1320=VERTEX_POINT('',#4279);
#1321=VERTEX_POINT('',#4281);
#1322=VERTEX_POINT('',#4286);
#1323=VERTEX_POINT('',#4288);
#1324=VERTEX_POINT('',#4290);
#1325=VERTEX_POINT('',#4292);
#1326=VERTEX_POINT('',#4295);
#1327=VERTEX_POINT('',#4297);
#1328=VERTEX_POINT('',#4300);
#1329=VERTEX_POINT('',#4302);
#1330=VERTEX_POINT('',#4306);
#1331=VERTEX_POINT('',#4308);
#1332=VERTEX_POINT('',#4312);
#1333=VERTEX_POINT('',#4313);
#1334=VERTEX_POINT('',#4321);
#1335=VERTEX_POINT('',#4325);
#1336=VERTEX_POINT('',#4328);
#1337=VERTEX_POINT('',#4332);
#1338=VERTEX_POINT('',#4339);
#1339=VERTEX_POINT('',#4343);
#1340=VERTEX_POINT('',#4350);
#1341=VERTEX_POINT('',#4354);
#1342=VERTEX_POINT('',#4361);
#1343=VERTEX_POINT('',#4364);
#1344=VERTEX_POINT('',#4368);
#1345=VERTEX_POINT('',#4372);
#1346=VERTEX_POINT('',#4379);
#1347=VERTEX_POINT('',#4382);
#1348=VERTEX_POINT('',#4386);
#1349=VERTEX_POINT('',#4390);
#1350=VERTEX_POINT('',#4395);
#1351=VERTEX_POINT('',#4406);
#1352=VERTEX_POINT('',#4407);
#1353=VERTEX_POINT('',#4409);
#1354=VERTEX_POINT('',#4413);
#1355=VERTEX_POINT('',#4414);
#1356=VERTEX_POINT('',#4416);
#1357=VERTEX_POINT('',#4420);
#1358=VERTEX_POINT('',#4421);
#1359=VERTEX_POINT('',#4423);
#1360=VERTEX_POINT('',#4427);
#1361=VERTEX_POINT('',#4428);
#1362=VERTEX_POINT('',#4430);
#1363=VERTEX_POINT('',#4434);
#1364=VERTEX_POINT('',#4436);
#1365=VERTEX_POINT('',#4440);
#1366=VERTEX_POINT('',#4442);
#1367=VERTEX_POINT('',#4457);
#1368=VERTEX_POINT('',#4459);
#1369=VERTEX_POINT('',#4463);
#1370=VERTEX_POINT('',#4465);
#1371=VERTEX_POINT('',#4477);
#1372=VERTEX_POINT('',#4479);
#1373=VERTEX_POINT('',#4483);
#1374=VERTEX_POINT('',#4485);
#1375=VERTEX_POINT('',#4489);
#1376=VERTEX_POINT('',#4491);
#1377=VERTEX_POINT('',#4503);
#1378=VERTEX_POINT('',#4504);
#1379=VERTEX_POINT('',#4506);
#1380=VERTEX_POINT('',#4508);
#1381=VERTEX_POINT('',#4512);
#1382=VERTEX_POINT('',#4513);
#1383=VERTEX_POINT('',#4515);
#1384=VERTEX_POINT('',#4517);
#1385=VERTEX_POINT('',#4521);
#1386=VERTEX_POINT('',#4523);
#1387=VERTEX_POINT('',#4528);
#1388=VERTEX_POINT('',#4529);
#1389=VERTEX_POINT('',#4531);
#1390=VERTEX_POINT('',#4533);
#1391=VERTEX_POINT('',#4537);
#1392=VERTEX_POINT('',#4538);
#1393=VERTEX_POINT('',#4543);
#1394=VERTEX_POINT('',#4548);
#1395=VERTEX_POINT('',#4550);
#1396=VERTEX_POINT('',#4552);
#1397=VERTEX_POINT('',#4554);
#1398=VERTEX_POINT('',#4556);
#1399=VERTEX_POINT('',#4560);
#1400=VERTEX_POINT('',#4561);
#1401=VERTEX_POINT('',#4563);
#1402=VERTEX_POINT('',#4565);
#1403=VERTEX_POINT('',#4569);
#1404=VERTEX_POINT('',#4570);
#1405=VERTEX_POINT('',#4572);
#1406=VERTEX_POINT('',#4575);
#1407=VERTEX_POINT('',#4579);
#1408=VERTEX_POINT('',#4581);
#1409=VERTEX_POINT('',#4585);
#1410=VERTEX_POINT('',#4587);
#1411=VERTEX_POINT('',#4591);
#1412=VERTEX_POINT('',#4595);
#1413=VERTEX_POINT('',#4599);
#1414=VERTEX_POINT('',#4600);
#1415=VERTEX_POINT('',#4602);
#1416=VERTEX_POINT('',#4604);
#1417=VERTEX_POINT('',#4608);
#1418=VERTEX_POINT('',#4609);
#1419=VERTEX_POINT('',#4611);
#1420=VERTEX_POINT('',#4613);
#1421=VERTEX_POINT('',#4617);
#1422=VERTEX_POINT('',#4619);
#1423=VERTEX_POINT('',#4621);
#1424=VERTEX_POINT('',#4623);
#1425=VERTEX_POINT('',#4627);
#1426=VERTEX_POINT('',#4630);
#1427=VERTEX_POINT('',#4632);
#1428=VERTEX_POINT('',#4634);
#1429=VERTEX_POINT('',#4636);
#1430=VERTEX_POINT('',#4638);
#1431=VERTEX_POINT('',#4642);
#1432=VERTEX_POINT('',#4643);
#1433=VERTEX_POINT('',#4645);
#1434=VERTEX_POINT('',#4647);
#1435=VERTEX_POINT('',#4651);
#1436=VERTEX_POINT('',#4652);
#1437=VERTEX_POINT('',#4654);
#1438=VERTEX_POINT('',#4656);
#1439=VERTEX_POINT('',#4661);
#1440=VERTEX_POINT('',#4663);
#1441=VERTEX_POINT('',#4666);
#1442=VERTEX_POINT('',#4669);
#1443=VERTEX_POINT('',#4671);
#1444=VERTEX_POINT('',#4673);
#1445=VERTEX_POINT('',#4675);
#1446=VERTEX_POINT('',#4677);
#1447=VERTEX_POINT('',#4679);
#1448=VERTEX_POINT('',#4682);
#1449=VERTEX_POINT('',#4684);
#1450=VERTEX_POINT('',#4687);
#1451=VERTEX_POINT('',#4689);
#1452=VERTEX_POINT('',#4693);
#1453=VERTEX_POINT('',#4695);
#1454=VERTEX_POINT('',#4699);
#1455=VERTEX_POINT('',#4700);
#1456=VERTEX_POINT('',#4702);
#1457=VERTEX_POINT('',#4704);
#1458=VERTEX_POINT('',#4709);
#1459=VERTEX_POINT('',#4711);
#1460=VERTEX_POINT('',#4713);
#1461=VERTEX_POINT('',#4715);
#1462=VERTEX_POINT('',#4718);
#1463=VERTEX_POINT('',#4720);
#1464=VERTEX_POINT('',#4723);
#1465=VERTEX_POINT('',#4725);
#1466=VERTEX_POINT('',#4729);
#1467=VERTEX_POINT('',#4731);
#1468=VERTEX_POINT('',#4735);
#1469=VERTEX_POINT('',#4736);
#1470=VERTEX_POINT('',#4744);
#1471=VERTEX_POINT('',#4748);
#1472=VERTEX_POINT('',#4751);
#1473=VERTEX_POINT('',#4755);
#1474=VERTEX_POINT('',#4762);
#1475=VERTEX_POINT('',#4766);
#1476=VERTEX_POINT('',#4773);
#1477=VERTEX_POINT('',#4777);
#1478=VERTEX_POINT('',#4784);
#1479=VERTEX_POINT('',#4787);
#1480=VERTEX_POINT('',#4791);
#1481=VERTEX_POINT('',#4795);
#1482=VERTEX_POINT('',#4802);
#1483=VERTEX_POINT('',#4805);
#1484=VERTEX_POINT('',#4809);
#1485=VERTEX_POINT('',#4813);
#1486=VERTEX_POINT('',#4818);
#1487=VERTEX_POINT('',#4829);
#1488=VERTEX_POINT('',#4830);
#1489=VERTEX_POINT('',#4832);
#1490=VERTEX_POINT('',#4836);
#1491=VERTEX_POINT('',#4837);
#1492=VERTEX_POINT('',#4839);
#1493=VERTEX_POINT('',#4843);
#1494=VERTEX_POINT('',#4844);
#1495=VERTEX_POINT('',#4846);
#1496=VERTEX_POINT('',#4850);
#1497=VERTEX_POINT('',#4851);
#1498=VERTEX_POINT('',#4853);
#1499=VERTEX_POINT('',#4857);
#1500=VERTEX_POINT('',#4859);
#1501=VERTEX_POINT('',#4863);
#1502=VERTEX_POINT('',#4865);
#1503=VERTEX_POINT('',#4880);
#1504=VERTEX_POINT('',#4882);
#1505=VERTEX_POINT('',#4886);
#1506=VERTEX_POINT('',#4888);
#1507=VERTEX_POINT('',#4900);
#1508=VERTEX_POINT('',#4902);
#1509=VERTEX_POINT('',#4906);
#1510=VERTEX_POINT('',#4908);
#1511=VERTEX_POINT('',#4912);
#1512=VERTEX_POINT('',#4914);
#1513=EDGE_CURVE('',#1241,#1242,#517,.T.);
#1514=EDGE_CURVE('',#1243,#1241,#518,.T.);
#1515=EDGE_CURVE('',#1243,#1244,#519,.T.);
#1516=EDGE_CURVE('',#1242,#1244,#520,.T.);
#1517=EDGE_CURVE('',#1245,#1246,#521,.T.);
#1518=EDGE_CURVE('',#1247,#1245,#522,.T.);
#1519=EDGE_CURVE('',#1248,#1247,#523,.T.);
#1520=EDGE_CURVE('',#1248,#1246,#524,.T.);
#1521=EDGE_CURVE('',#1249,#1244,#525,.T.);
#1522=EDGE_CURVE('',#1247,#1249,#526,.T.);
#1523=EDGE_CURVE('',#1250,#1245,#527,.T.);
#1524=EDGE_CURVE('',#1242,#1250,#528,.T.);
#1525=EDGE_CURVE('',#1251,#1252,#529,.T.);
#1526=EDGE_CURVE('',#1252,#1253,#530,.T.);
#1527=EDGE_CURVE('',#1254,#1253,#531,.T.);
#1528=EDGE_CURVE('',#1251,#1254,#532,.T.);
#1529=EDGE_CURVE('',#1255,#1256,#533,.T.);
#1530=EDGE_CURVE('',#1256,#1252,#534,.T.);
#1531=EDGE_CURVE('',#1255,#1251,#535,.T.);
#1532=EDGE_CURVE('',#1247,#1257,#536,.T.);
#1533=EDGE_CURVE('',#1257,#1256,#537,.T.);
#1534=EDGE_CURVE('',#1248,#1255,#538,.T.);
#1535=EDGE_CURVE('',#1258,#1241,#539,.T.);
#1536=EDGE_CURVE('',#1259,#1250,#540,.T.);
#1537=EDGE_CURVE('',#1259,#1260,#541,.T.);
#1538=EDGE_CURVE('',#1260,#1261,#542,.T.);
#1539=EDGE_CURVE('',#1262,#1261,#543,.T.);
#1540=EDGE_CURVE('',#1258,#1262,#544,.T.);
#1541=EDGE_CURVE('',#1263,#1264,#545,.T.);
#1542=EDGE_CURVE('',#1265,#1263,#546,.T.);
#1543=EDGE_CURVE('',#1265,#1266,#547,.T.);
#1544=EDGE_CURVE('',#1264,#1266,#548,.T.);
#1545=EDGE_CURVE('',#1267,#1268,#549,.T.);
#1546=EDGE_CURVE('',#1267,#1269,#550,.T.);
#1547=EDGE_CURVE('',#1264,#1269,#551,.T.);
#1548=EDGE_CURVE('',#1270,#1266,#552,.T.);
#1549=EDGE_CURVE('',#1268,#1270,#553,.T.);
#1550=EDGE_CURVE('',#1269,#1271,#554,.T.);
#1551=EDGE_CURVE('',#1272,#1267,#555,.T.);
#1552=EDGE_CURVE('',#1271,#1272,#556,.T.);
#1553=EDGE_CURVE('',#1268,#1273,#557,.T.);
#1554=EDGE_CURVE('',#1273,#1274,#558,.T.);
#1555=EDGE_CURVE('',#1267,#1274,#559,.T.);
#1556=EDGE_CURVE('',#1270,#1275,#560,.T.);
#1557=EDGE_CURVE('',#1275,#1273,#561,.T.);
#1558=EDGE_CURVE('',#1266,#1276,#562,.T.);
#1559=EDGE_CURVE('',#1276,#1275,#563,.T.);
#1560=EDGE_CURVE('',#1277,#1278,#564,.T.);
#1561=EDGE_CURVE('',#1277,#1279,#565,.T.);
#1562=EDGE_CURVE('',#1280,#1279,#566,.T.);
#1563=EDGE_CURVE('',#1280,#1278,#567,.T.);
#1564=EDGE_CURVE('',#1281,#1282,#568,.T.);
#1565=EDGE_CURVE('',#1283,#1281,#569,.T.);
#1566=EDGE_CURVE('',#1283,#1284,#570,.T.);
#1567=EDGE_CURVE('',#1284,#1282,#571,.T.);
#1568=EDGE_CURVE('',#1285,#1277,#572,.T.);
#1569=EDGE_CURVE('',#1282,#1285,#573,.T.);
#1570=EDGE_CURVE('',#1286,#1284,#574,.T.);
#1571=EDGE_CURVE('',#1287,#1286,#575,.T.);
#1572=EDGE_CURVE('',#1288,#1287,#576,.T.);
#1573=EDGE_CURVE('',#1279,#1288,#577,.T.);
#1574=EDGE_CURVE('',#1289,#1289,#101,.T.);
#1575=EDGE_CURVE('',#1278,#1290,#578,.T.);
#1576=EDGE_CURVE('',#1291,#1290,#579,.T.);
#1577=EDGE_CURVE('',#1291,#1292,#580,.T.);
#1578=EDGE_CURVE('',#1292,#1293,#581,.T.);
#1579=EDGE_CURVE('',#1293,#1294,#582,.T.);
#1580=EDGE_CURVE('',#1285,#1294,#583,.T.);
#1581=EDGE_CURVE('',#1295,#1296,#584,.T.);
#1582=EDGE_CURVE('',#1295,#1297,#585,.T.);
#1583=EDGE_CURVE('',#1298,#1297,#586,.T.);
#1584=EDGE_CURVE('',#1298,#1296,#587,.T.);
#1585=EDGE_CURVE('',#1299,#1300,#588,.T.);
#1586=EDGE_CURVE('',#1299,#1301,#589,.T.);
#1587=EDGE_CURVE('',#1301,#1302,#590,.T.);
#1588=EDGE_CURVE('',#1302,#1300,#591,.T.);
#1589=EDGE_CURVE('',#1300,#1295,#592,.T.);
#1590=EDGE_CURVE('',#1303,#1302,#593,.T.);
#1591=EDGE_CURVE('',#1304,#1303,#594,.T.);
#1592=EDGE_CURVE('',#1297,#1304,#595,.T.);
#1593=EDGE_CURVE('',#1305,#1305,#102,.T.);
#1594=EDGE_CURVE('',#1261,#1306,#596,.T.);
#1595=EDGE_CURVE('',#1306,#1307,#597,.F.);
#1596=EDGE_CURVE('',#1307,#1308,#598,.T.);
#1597=EDGE_CURVE('',#1308,#1309,#599,.T.);
#1598=EDGE_CURVE('',#1309,#1310,#600,.T.);
#1599=EDGE_CURVE('',#1310,#1311,#601,.T.);
#1600=EDGE_CURVE('',#1311,#1262,#602,.T.);
#1601=EDGE_CURVE('',#1312,#1312,#103,.T.);
#1602=EDGE_CURVE('',#1313,#1313,#104,.T.);
#1603=EDGE_CURVE('',#1314,#1306,#603,.T.);
#1604=EDGE_CURVE('',#1314,#1315,#604,.F.);
#1605=EDGE_CURVE('',#1315,#1307,#605,.F.);
#1606=EDGE_CURVE('',#1316,#1314,#606,.T.);
#1607=EDGE_CURVE('',#1316,#1317,#607,.T.);
#1608=EDGE_CURVE('',#1317,#1315,#608,.T.);
#1609=EDGE_CURVE('',#1318,#1319,#609,.T.);
#1610=EDGE_CURVE('',#1320,#1318,#610,.F.);
#1611=EDGE_CURVE('',#1320,#1321,#611,.F.);
#1612=EDGE_CURVE('',#1321,#1319,#612,.F.);
#1613=EDGE_CURVE('',#1318,#1292,#613,.T.);
#1614=EDGE_CURVE('',#1322,#1291,#614,.T.);
#1615=EDGE_CURVE('',#1323,#1322,#615,.T.);
#1616=EDGE_CURVE('',#1324,#1323,#616,.T.);
#1617=EDGE_CURVE('',#1325,#1324,#617,.T.);
#1618=EDGE_CURVE('',#1325,#1320,#618,.T.);
#1619=EDGE_CURVE('',#1326,#1326,#105,.T.);
#1620=EDGE_CURVE('',#1327,#1327,#106,.T.);
#1621=EDGE_CURVE('',#1328,#1319,#619,.T.);
#1622=EDGE_CURVE('',#1321,#1329,#620,.T.);
#1623=EDGE_CURVE('',#1328,#1329,#621,.T.);
#1624=EDGE_CURVE('',#1274,#1330,#622,.T.);
#1625=EDGE_CURVE('',#1331,#1330,#623,.T.);
#1626=EDGE_CURVE('',#1272,#1331,#624,.T.);
#1627=EDGE_CURVE('',#1332,#1333,#625,.T.);
#1628=EDGE_CURVE('',#1333,#1276,#626,.T.);
#1629=EDGE_CURVE('',#1332,#1265,#627,.T.);
#1630=EDGE_CURVE('',#1330,#1333,#628,.T.);
#1631=EDGE_CURVE('',#1331,#1332,#629,.T.);
#1632=EDGE_CURVE('',#1334,#1334,#107,.T.);
#1633=EDGE_CURVE('',#1271,#1263,#630,.T.);
#1634=EDGE_CURVE('',#1335,#1335,#108,.T.);
#1635=EDGE_CURVE('',#1249,#1336,#631,.T.);
#1636=EDGE_CURVE('',#1336,#1257,#632,.T.);
#1637=EDGE_CURVE('',#1244,#1337,#633,.T.);
#1638=EDGE_CURVE('',#1337,#1336,#634,.T.);
#1639=EDGE_CURVE('',#1253,#1337,#635,.T.);
#1640=EDGE_CURVE('',#1254,#1243,#636,.T.);
#1641=EDGE_CURVE('',#1338,#1338,#109,.T.);
#1642=EDGE_CURVE('',#1246,#1258,#637,.T.);
#1643=EDGE_CURVE('',#1339,#1339,#110,.T.);
#1644=EDGE_CURVE('',#1313,#1335,#638,.T.);
#1645=EDGE_CURVE('',#1312,#1339,#639,.T.);
#1646=EDGE_CURVE('',#1340,#1298,#640,.T.);
#1647=EDGE_CURVE('',#1340,#1304,#641,.T.);
#1648=EDGE_CURVE('',#1301,#1341,#642,.T.);
#1649=EDGE_CURVE('',#1341,#1303,#643,.T.);
#1650=EDGE_CURVE('',#1341,#1340,#644,.T.);
#1651=EDGE_CURVE('',#1296,#1299,#645,.T.);
#1652=EDGE_CURVE('',#1342,#1342,#111,.T.);
#1653=EDGE_CURVE('',#1343,#1280,#646,.T.);
#1654=EDGE_CURVE('',#1343,#1288,#647,.T.);
#1655=EDGE_CURVE('',#1283,#1344,#648,.T.);
#1656=EDGE_CURVE('',#1344,#1286,#649,.T.);
#1657=EDGE_CURVE('',#1344,#1345,#650,.T.);
#1658=EDGE_CURVE('',#1345,#1287,#651,.T.);
#1659=EDGE_CURVE('',#1345,#1343,#652,.T.);
#1660=EDGE_CURVE('',#1290,#1281,#653,.T.);
#1661=EDGE_CURVE('',#1346,#1346,#112,.T.);
#1662=EDGE_CURVE('',#1305,#1347,#654,.T.);
#1663=EDGE_CURVE('',#1347,#1347,#113,.T.);
#1664=EDGE_CURVE('',#1289,#1348,#655,.T.);
#1665=EDGE_CURVE('',#1348,#1348,#114,.T.);
#1666=EDGE_CURVE('',#1334,#1349,#656,.T.);
#1667=EDGE_CURVE('',#1349,#1349,#115,.T.);
#1668=EDGE_CURVE('',#1338,#1350,#657,.T.);
#1669=EDGE_CURVE('',#1350,#1350,#116,.T.);
#1670=EDGE_CURVE('',#1327,#1342,#658,.T.);
#1671=EDGE_CURVE('',#1326,#1346,#659,.T.);
#1672=EDGE_CURVE('',#1351,#1352,#660,.T.);
#1673=EDGE_CURVE('',#1351,#1353,#661,.T.);
#1674=EDGE_CURVE('',#1353,#1352,#662,.T.);
#1675=EDGE_CURVE('',#1354,#1355,#663,.T.);
#1676=EDGE_CURVE('',#1354,#1356,#664,.T.);
#1677=EDGE_CURVE('',#1355,#1356,#665,.T.);
#1678=EDGE_CURVE('',#1357,#1358,#666,.T.);
#1679=EDGE_CURVE('',#1357,#1359,#667,.T.);
#1680=EDGE_CURVE('',#1359,#1358,#668,.T.);
#1681=EDGE_CURVE('',#1360,#1361,#669,.T.);
#1682=EDGE_CURVE('',#1360,#1362,#670,.T.);
#1683=EDGE_CURVE('',#1361,#1362,#671,.T.);
#1684=EDGE_CURVE('',#1363,#1363,#117,.T.);
#1685=EDGE_CURVE('',#1363,#1364,#672,.T.);
#1686=EDGE_CURVE('',#1364,#1364,#118,.T.);
#1687=EDGE_CURVE('',#1365,#1365,#119,.T.);
#1688=EDGE_CURVE('',#1365,#1366,#673,.T.);
#1689=EDGE_CURVE('',#1366,#1366,#120,.T.);
#1690=EDGE_CURVE('',#1328,#1316,#674,.T.);
#1691=EDGE_CURVE('',#1329,#1353,#675,.T.);
#1692=EDGE_CURVE('',#1351,#1355,#676,.T.);
#1693=EDGE_CURVE('',#1356,#1359,#677,.T.);
#1694=EDGE_CURVE('',#1357,#1361,#678,.T.);
#1695=EDGE_CURVE('',#1362,#1317,#679,.T.);
#1696=EDGE_CURVE('',#1358,#1360,#680,.T.);
#1697=EDGE_CURVE('',#1352,#1354,#681,.T.);
#1698=EDGE_CURVE('',#1367,#1259,#682,.T.);
#1699=EDGE_CURVE('',#1368,#1367,#683,.T.);
#1700=EDGE_CURVE('',#1260,#1368,#684,.T.);
#1701=EDGE_CURVE('',#1294,#1369,#685,.T.);
#1702=EDGE_CURVE('',#1370,#1293,#686,.T.);
#1703=EDGE_CURVE('',#1370,#1369,#687,.T.);
#1704=EDGE_CURVE('',#1368,#1370,#688,.T.);
#1705=EDGE_CURVE('',#1369,#1367,#689,.T.);
#1706=EDGE_CURVE('',#1322,#1369,#690,.T.);
#1707=EDGE_CURVE('',#1367,#1311,#691,.T.);
#1708=EDGE_CURVE('',#1371,#1371,#121,.T.);
#1709=EDGE_CURVE('',#1371,#1372,#692,.T.);
#1710=EDGE_CURVE('',#1372,#1372,#122,.T.);
#1711=EDGE_CURVE('',#1373,#1373,#123,.T.);
#1712=EDGE_CURVE('',#1373,#1374,#693,.T.);
#1713=EDGE_CURVE('',#1374,#1374,#124,.T.);
#1714=EDGE_CURVE('',#1375,#1375,#125,.T.);
#1715=EDGE_CURVE('',#1375,#1376,#694,.T.);
#1716=EDGE_CURVE('',#1376,#1376,#126,.T.);
#1717=EDGE_CURVE('',#1325,#1308,#695,.T.);
#1718=EDGE_CURVE('',#1323,#1310,#696,.T.);
#1719=EDGE_CURVE('',#1324,#1309,#697,.T.);
#1720=EDGE_CURVE('',#1377,#1378,#698,.T.);
#1721=EDGE_CURVE('',#1378,#1379,#699,.T.);
#1722=EDGE_CURVE('',#1380,#1379,#700,.T.);
#1723=EDGE_CURVE('',#1380,#1377,#701,.T.);
#1724=EDGE_CURVE('',#1381,#1382,#702,.T.);
#1725=EDGE_CURVE('',#1383,#1382,#703,.T.);
#1726=EDGE_CURVE('',#1383,#1384,#704,.T.);
#1727=EDGE_CURVE('',#1384,#1381,#705,.T.);
#1728=EDGE_CURVE('',#1385,#1379,#706,.T.);
#1729=EDGE_CURVE('',#1378,#1386,#707,.T.);
#1730=EDGE_CURVE('',#1386,#1381,#708,.T.);
#1731=EDGE_CURVE('',#1384,#1385,#709,.T.);
#1732=EDGE_CURVE('',#1387,#1388,#710,.T.);
#1733=EDGE_CURVE('',#1387,#1389,#711,.T.);
#1734=EDGE_CURVE('',#1389,#1390,#712,.T.);
#1735=EDGE_CURVE('',#1388,#1390,#713,.T.);
#1736=EDGE_CURVE('',#1391,#1392,#714,.T.);
#1737=EDGE_CURVE('',#1391,#1387,#715,.T.);
#1738=EDGE_CURVE('',#1392,#1388,#716,.T.);
#1739=EDGE_CURVE('',#1384,#1393,#717,.T.);
#1740=EDGE_CURVE('',#1383,#1391,#718,.T.);
#1741=EDGE_CURVE('',#1393,#1392,#719,.T.);
#1742=EDGE_CURVE('',#1394,#1377,#720,.T.);
#1743=EDGE_CURVE('',#1394,#1395,#721,.T.);
#1744=EDGE_CURVE('',#1395,#1396,#722,.T.);
#1745=EDGE_CURVE('',#1397,#1396,#723,.T.);
#1746=EDGE_CURVE('',#1398,#1397,#724,.T.);
#1747=EDGE_CURVE('',#1398,#1386,#725,.T.);
#1748=EDGE_CURVE('',#1399,#1400,#726,.T.);
#1749=EDGE_CURVE('',#1400,#1401,#727,.T.);
#1750=EDGE_CURVE('',#1402,#1401,#728,.T.);
#1751=EDGE_CURVE('',#1402,#1399,#729,.T.);
#1752=EDGE_CURVE('',#1403,#1404,#730,.T.);
#1753=EDGE_CURVE('',#1404,#1405,#731,.T.);
#1754=EDGE_CURVE('',#1405,#1401,#732,.T.);
#1755=EDGE_CURVE('',#1400,#1406,#733,.T.);
#1756=EDGE_CURVE('',#1403,#1406,#734,.T.);
#1757=EDGE_CURVE('',#1406,#1407,#735,.T.);
#1758=EDGE_CURVE('',#1407,#1408,#736,.T.);
#1759=EDGE_CURVE('',#1408,#1403,#737,.T.);
#1760=EDGE_CURVE('',#1403,#1409,#738,.T.);
#1761=EDGE_CURVE('',#1410,#1409,#739,.T.);
#1762=EDGE_CURVE('',#1404,#1410,#740,.T.);
#1763=EDGE_CURVE('',#1411,#1410,#741,.T.);
#1764=EDGE_CURVE('',#1405,#1411,#742,.T.);
#1765=EDGE_CURVE('',#1412,#1411,#743,.T.);
#1766=EDGE_CURVE('',#1401,#1412,#744,.T.);
#1767=EDGE_CURVE('',#1413,#1414,#745,.T.);
#1768=EDGE_CURVE('',#1415,#1414,#746,.T.);
#1769=EDGE_CURVE('',#1415,#1416,#747,.T.);
#1770=EDGE_CURVE('',#1413,#1416,#748,.T.);
#1771=EDGE_CURVE('',#1417,#1418,#749,.T.);
#1772=EDGE_CURVE('',#1419,#1418,#750,.T.);
#1773=EDGE_CURVE('',#1420,#1419,#751,.T.);
#1774=EDGE_CURVE('',#1420,#1417,#752,.T.);
#1775=EDGE_CURVE('',#1421,#1413,#753,.T.);
#1776=EDGE_CURVE('',#1416,#1422,#754,.T.);
#1777=EDGE_CURVE('',#1422,#1423,#755,.T.);
#1778=EDGE_CURVE('',#1423,#1424,#756,.T.);
#1779=EDGE_CURVE('',#1424,#1419,#757,.T.);
#1780=EDGE_CURVE('',#1418,#1421,#758,.T.);
#1781=EDGE_CURVE('',#1425,#1425,#127,.T.);
#1782=EDGE_CURVE('',#1421,#1426,#759,.T.);
#1783=EDGE_CURVE('',#1427,#1426,#760,.T.);
#1784=EDGE_CURVE('',#1428,#1427,#761,.T.);
#1785=EDGE_CURVE('',#1429,#1428,#762,.T.);
#1786=EDGE_CURVE('',#1429,#1430,#763,.T.);
#1787=EDGE_CURVE('',#1414,#1430,#764,.T.);
#1788=EDGE_CURVE('',#1431,#1432,#765,.T.);
#1789=EDGE_CURVE('',#1433,#1432,#766,.T.);
#1790=EDGE_CURVE('',#1433,#1434,#767,.T.);
#1791=EDGE_CURVE('',#1431,#1434,#768,.T.);
#1792=EDGE_CURVE('',#1435,#1436,#769,.T.);
#1793=EDGE_CURVE('',#1437,#1436,#770,.T.);
#1794=EDGE_CURVE('',#1438,#1437,#771,.T.);
#1795=EDGE_CURVE('',#1435,#1438,#772,.T.);
#1796=EDGE_CURVE('',#1436,#1431,#773,.T.);
#1797=EDGE_CURVE('',#1434,#1439,#774,.T.);
#1798=EDGE_CURVE('',#1439,#1440,#775,.T.);
#1799=EDGE_CURVE('',#1440,#1437,#776,.T.);
#1800=EDGE_CURVE('',#1441,#1441,#128,.T.);
#1801=EDGE_CURVE('',#1396,#1442,#777,.T.);
#1802=EDGE_CURVE('',#1443,#1395,#778,.T.);
#1803=EDGE_CURVE('',#1444,#1443,#779,.T.);
#1804=EDGE_CURVE('',#1445,#1444,#780,.T.);
#1805=EDGE_CURVE('',#1446,#1445,#781,.T.);
#1806=EDGE_CURVE('',#1447,#1446,#782,.T.);
#1807=EDGE_CURVE('',#1442,#1447,#783,.F.);
#1808=EDGE_CURVE('',#1448,#1448,#129,.T.);
#1809=EDGE_CURVE('',#1449,#1449,#130,.T.);
#1810=EDGE_CURVE('',#1450,#1442,#784,.T.);
#1811=EDGE_CURVE('',#1451,#1447,#785,.F.);
#1812=EDGE_CURVE('',#1450,#1451,#786,.F.);
#1813=EDGE_CURVE('',#1452,#1450,#787,.T.);
#1814=EDGE_CURVE('',#1453,#1451,#788,.T.);
#1815=EDGE_CURVE('',#1452,#1453,#789,.T.);
#1816=EDGE_CURVE('',#1454,#1455,#790,.T.);
#1817=EDGE_CURVE('',#1456,#1455,#791,.F.);
#1818=EDGE_CURVE('',#1457,#1456,#792,.F.);
#1819=EDGE_CURVE('',#1457,#1454,#793,.F.);
#1820=EDGE_CURVE('',#1454,#1428,#794,.T.);
#1821=EDGE_CURVE('',#1458,#1457,#795,.T.);
#1822=EDGE_CURVE('',#1458,#1459,#796,.T.);
#1823=EDGE_CURVE('',#1459,#1460,#797,.T.);
#1824=EDGE_CURVE('',#1460,#1461,#798,.T.);
#1825=EDGE_CURVE('',#1461,#1429,#799,.T.);
#1826=EDGE_CURVE('',#1462,#1462,#131,.T.);
#1827=EDGE_CURVE('',#1463,#1463,#132,.T.);
#1828=EDGE_CURVE('',#1464,#1455,#800,.T.);
#1829=EDGE_CURVE('',#1464,#1465,#801,.T.);
#1830=EDGE_CURVE('',#1456,#1465,#802,.T.);
#1831=EDGE_CURVE('',#1408,#1466,#803,.T.);
#1832=EDGE_CURVE('',#1466,#1467,#804,.T.);
#1833=EDGE_CURVE('',#1409,#1467,#805,.T.);
#1834=EDGE_CURVE('',#1468,#1469,#806,.T.);
#1835=EDGE_CURVE('',#1468,#1402,#807,.T.);
#1836=EDGE_CURVE('',#1469,#1412,#808,.T.);
#1837=EDGE_CURVE('',#1466,#1468,#809,.T.);
#1838=EDGE_CURVE('',#1467,#1469,#810,.T.);
#1839=EDGE_CURVE('',#1470,#1470,#133,.T.);
#1840=EDGE_CURVE('',#1407,#1399,#811,.T.);
#1841=EDGE_CURVE('',#1471,#1471,#134,.T.);
#1842=EDGE_CURVE('',#1472,#1393,#812,.T.);
#1843=EDGE_CURVE('',#1385,#1472,#813,.T.);
#1844=EDGE_CURVE('',#1473,#1472,#814,.T.);
#1845=EDGE_CURVE('',#1379,#1473,#815,.T.);
#1846=EDGE_CURVE('',#1389,#1380,#816,.T.);
#1847=EDGE_CURVE('',#1390,#1473,#817,.T.);
#1848=EDGE_CURVE('',#1474,#1474,#135,.T.);
#1849=EDGE_CURVE('',#1382,#1394,#818,.T.);
#1850=EDGE_CURVE('',#1475,#1475,#136,.T.);
#1851=EDGE_CURVE('',#1449,#1471,#819,.T.);
#1852=EDGE_CURVE('',#1448,#1475,#820,.T.);
#1853=EDGE_CURVE('',#1476,#1433,#821,.T.);
#1854=EDGE_CURVE('',#1476,#1439,#822,.T.);
#1855=EDGE_CURVE('',#1438,#1477,#823,.T.);
#1856=EDGE_CURVE('',#1477,#1440,#824,.T.);
#1857=EDGE_CURVE('',#1477,#1476,#825,.T.);
#1858=EDGE_CURVE('',#1432,#1435,#826,.T.);
#1859=EDGE_CURVE('',#1478,#1478,#137,.T.);
#1860=EDGE_CURVE('',#1479,#1415,#827,.T.);
#1861=EDGE_CURVE('',#1479,#1422,#828,.T.);
#1862=EDGE_CURVE('',#1420,#1480,#829,.T.);
#1863=EDGE_CURVE('',#1480,#1424,#830,.T.);
#1864=EDGE_CURVE('',#1480,#1481,#831,.T.);
#1865=EDGE_CURVE('',#1481,#1423,#832,.T.);
#1866=EDGE_CURVE('',#1481,#1479,#833,.T.);
#1867=EDGE_CURVE('',#1430,#1417,#834,.T.);
#1868=EDGE_CURVE('',#1482,#1482,#138,.T.);
#1869=EDGE_CURVE('',#1441,#1483,#835,.T.);
#1870=EDGE_CURVE('',#1483,#1483,#139,.T.);
#1871=EDGE_CURVE('',#1425,#1484,#836,.T.);
#1872=EDGE_CURVE('',#1484,#1484,#140,.T.);
#1873=EDGE_CURVE('',#1470,#1485,#837,.T.);
#1874=EDGE_CURVE('',#1485,#1485,#141,.T.);
#1875=EDGE_CURVE('',#1474,#1486,#838,.T.);
#1876=EDGE_CURVE('',#1486,#1486,#142,.T.);
#1877=EDGE_CURVE('',#1463,#1478,#839,.T.);
#1878=EDGE_CURVE('',#1462,#1482,#840,.T.);
#1879=EDGE_CURVE('',#1487,#1488,#841,.T.);
#1880=EDGE_CURVE('',#1489,#1488,#842,.T.);
#1881=EDGE_CURVE('',#1487,#1489,#843,.T.);
#1882=EDGE_CURVE('',#1490,#1491,#844,.T.);
#1883=EDGE_CURVE('',#1491,#1492,#845,.T.);
#1884=EDGE_CURVE('',#1490,#1492,#846,.T.);
#1885=EDGE_CURVE('',#1493,#1494,#847,.T.);
#1886=EDGE_CURVE('',#1495,#1494,#848,.T.);
#1887=EDGE_CURVE('',#1493,#1495,#849,.T.);
#1888=EDGE_CURVE('',#1496,#1497,#850,.T.);
#1889=EDGE_CURVE('',#1497,#1498,#851,.T.);
#1890=EDGE_CURVE('',#1496,#1498,#852,.T.);
#1891=EDGE_CURVE('',#1499,#1499,#143,.T.);
#1892=EDGE_CURVE('',#1499,#1500,#853,.T.);
#1893=EDGE_CURVE('',#1500,#1500,#144,.T.);
#1894=EDGE_CURVE('',#1501,#1501,#145,.T.);
#1895=EDGE_CURVE('',#1501,#1502,#854,.T.);
#1896=EDGE_CURVE('',#1502,#1502,#146,.T.);
#1897=EDGE_CURVE('',#1498,#1453,#855,.T.);
#1898=EDGE_CURVE('',#1493,#1497,#856,.T.);
#1899=EDGE_CURVE('',#1492,#1495,#857,.T.);
#1900=EDGE_CURVE('',#1487,#1491,#858,.T.);
#1901=EDGE_CURVE('',#1465,#1489,#859,.T.);
#1902=EDGE_CURVE('',#1464,#1452,#860,.T.);
#1903=EDGE_CURVE('',#1494,#1496,#861,.T.);
#1904=EDGE_CURVE('',#1488,#1490,#862,.T.);
#1905=EDGE_CURVE('',#1503,#1398,#863,.T.);
#1906=EDGE_CURVE('',#1397,#1504,#864,.T.);
#1907=EDGE_CURVE('',#1504,#1503,#865,.T.);
#1908=EDGE_CURVE('',#1426,#1505,#866,.T.);
#1909=EDGE_CURVE('',#1506,#1505,#867,.T.);
#1910=EDGE_CURVE('',#1506,#1427,#868,.T.);
#1911=EDGE_CURVE('',#1504,#1506,#869,.T.);
#1912=EDGE_CURVE('',#1505,#1503,#870,.T.);
#1913=EDGE_CURVE('',#1461,#1505,#871,.T.);
#1914=EDGE_CURVE('',#1503,#1443,#872,.T.);
#1915=EDGE_CURVE('',#1507,#1507,#147,.T.);
#1916=EDGE_CURVE('',#1507,#1508,#873,.T.);
#1917=EDGE_CURVE('',#1508,#1508,#148,.T.);
#1918=EDGE_CURVE('',#1509,#1509,#149,.T.);
#1919=EDGE_CURVE('',#1509,#1510,#874,.T.);
#1920=EDGE_CURVE('',#1510,#1510,#150,.T.);
#1921=EDGE_CURVE('',#1511,#1511,#151,.T.);
#1922=EDGE_CURVE('',#1511,#1512,#875,.T.);
#1923=EDGE_CURVE('',#1512,#1512,#152,.T.);
#1924=EDGE_CURVE('',#1458,#1446,#876,.T.);
#1925=EDGE_CURVE('',#1460,#1444,#877,.T.);
#1926=EDGE_CURVE('',#1459,#1445,#878,.T.);
#1927=ORIENTED_EDGE('',*,*,#1513,.F.);
#1928=ORIENTED_EDGE('',*,*,#1514,.F.);
#1929=ORIENTED_EDGE('',*,*,#1515,.T.);
#1930=ORIENTED_EDGE('',*,*,#1516,.F.);
#1931=ORIENTED_EDGE('',*,*,#1517,.F.);
#1932=ORIENTED_EDGE('',*,*,#1518,.F.);
#1933=ORIENTED_EDGE('',*,*,#1519,.F.);
#1934=ORIENTED_EDGE('',*,*,#1520,.T.);
#1935=ORIENTED_EDGE('',*,*,#1521,.F.);
#1936=ORIENTED_EDGE('',*,*,#1522,.F.);
#1937=ORIENTED_EDGE('',*,*,#1518,.T.);
#1938=ORIENTED_EDGE('',*,*,#1523,.F.);
#1939=ORIENTED_EDGE('',*,*,#1524,.F.);
#1940=ORIENTED_EDGE('',*,*,#1516,.T.);
#1941=ORIENTED_EDGE('',*,*,#1525,.T.);
#1942=ORIENTED_EDGE('',*,*,#1526,.T.);
#1943=ORIENTED_EDGE('',*,*,#1527,.F.);
#1944=ORIENTED_EDGE('',*,*,#1528,.F.);
#1945=ORIENTED_EDGE('',*,*,#1529,.T.);
#1946=ORIENTED_EDGE('',*,*,#1530,.T.);
#1947=ORIENTED_EDGE('',*,*,#1525,.F.);
#1948=ORIENTED_EDGE('',*,*,#1531,.F.);
#1949=ORIENTED_EDGE('',*,*,#1532,.T.);
#1950=ORIENTED_EDGE('',*,*,#1533,.T.);
#1951=ORIENTED_EDGE('',*,*,#1529,.F.);
#1952=ORIENTED_EDGE('',*,*,#1534,.F.);
#1953=ORIENTED_EDGE('',*,*,#1519,.T.);
#1954=ORIENTED_EDGE('',*,*,#1535,.T.);
#1955=ORIENTED_EDGE('',*,*,#1513,.T.);
#1956=ORIENTED_EDGE('',*,*,#1524,.T.);
#1957=ORIENTED_EDGE('',*,*,#1536,.F.);
#1958=ORIENTED_EDGE('',*,*,#1537,.T.);
#1959=ORIENTED_EDGE('',*,*,#1538,.T.);
#1960=ORIENTED_EDGE('',*,*,#1539,.F.);
#1961=ORIENTED_EDGE('',*,*,#1540,.F.);
#1962=ORIENTED_EDGE('',*,*,#1541,.F.);
#1963=ORIENTED_EDGE('',*,*,#1542,.F.);
#1964=ORIENTED_EDGE('',*,*,#1543,.T.);
#1965=ORIENTED_EDGE('',*,*,#1544,.F.);
#1966=ORIENTED_EDGE('',*,*,#1545,.F.);
#1967=ORIENTED_EDGE('',*,*,#1546,.T.);
#1968=ORIENTED_EDGE('',*,*,#1547,.F.);
#1969=ORIENTED_EDGE('',*,*,#1544,.T.);
#1970=ORIENTED_EDGE('',*,*,#1548,.F.);
#1971=ORIENTED_EDGE('',*,*,#1549,.F.);
#1972=ORIENTED_EDGE('',*,*,#1550,.F.);
#1973=ORIENTED_EDGE('',*,*,#1546,.F.);
#1974=ORIENTED_EDGE('',*,*,#1551,.F.);
#1975=ORIENTED_EDGE('',*,*,#1552,.F.);
#1976=ORIENTED_EDGE('',*,*,#1545,.T.);
#1977=ORIENTED_EDGE('',*,*,#1553,.T.);
#1978=ORIENTED_EDGE('',*,*,#1554,.T.);
#1979=ORIENTED_EDGE('',*,*,#1555,.F.);
#1980=ORIENTED_EDGE('',*,*,#1549,.T.);
#1981=ORIENTED_EDGE('',*,*,#1556,.T.);
#1982=ORIENTED_EDGE('',*,*,#1557,.T.);
#1983=ORIENTED_EDGE('',*,*,#1553,.F.);
#1984=ORIENTED_EDGE('',*,*,#1548,.T.);
#1985=ORIENTED_EDGE('',*,*,#1558,.T.);
#1986=ORIENTED_EDGE('',*,*,#1559,.T.);
#1987=ORIENTED_EDGE('',*,*,#1556,.F.);
#1988=ORIENTED_EDGE('',*,*,#1560,.F.);
#1989=ORIENTED_EDGE('',*,*,#1561,.T.);
#1990=ORIENTED_EDGE('',*,*,#1562,.F.);
#1991=ORIENTED_EDGE('',*,*,#1563,.T.);
#1992=ORIENTED_EDGE('',*,*,#1564,.F.);
#1993=ORIENTED_EDGE('',*,*,#1565,.F.);
#1994=ORIENTED_EDGE('',*,*,#1566,.T.);
#1995=ORIENTED_EDGE('',*,*,#1567,.T.);
#1996=ORIENTED_EDGE('',*,*,#1568,.F.);
#1997=ORIENTED_EDGE('',*,*,#1569,.F.);
#1998=ORIENTED_EDGE('',*,*,#1567,.F.);
#1999=ORIENTED_EDGE('',*,*,#1570,.F.);
#2000=ORIENTED_EDGE('',*,*,#1571,.F.);
#2001=ORIENTED_EDGE('',*,*,#1572,.F.);
#2002=ORIENTED_EDGE('',*,*,#1573,.F.);
#2003=ORIENTED_EDGE('',*,*,#1561,.F.);
#2004=ORIENTED_EDGE('',*,*,#1574,.F.);
#2005=ORIENTED_EDGE('',*,*,#1568,.T.);
#2006=ORIENTED_EDGE('',*,*,#1560,.T.);
#2007=ORIENTED_EDGE('',*,*,#1575,.T.);
#2008=ORIENTED_EDGE('',*,*,#1576,.F.);
#2009=ORIENTED_EDGE('',*,*,#1577,.T.);
#2010=ORIENTED_EDGE('',*,*,#1578,.T.);
#2011=ORIENTED_EDGE('',*,*,#1579,.T.);
#2012=ORIENTED_EDGE('',*,*,#1580,.F.);
#2013=ORIENTED_EDGE('',*,*,#1581,.F.);
#2014=ORIENTED_EDGE('',*,*,#1582,.T.);
#2015=ORIENTED_EDGE('',*,*,#1583,.F.);
#2016=ORIENTED_EDGE('',*,*,#1584,.T.);
#2017=ORIENTED_EDGE('',*,*,#1585,.F.);
#2018=ORIENTED_EDGE('',*,*,#1586,.T.);
#2019=ORIENTED_EDGE('',*,*,#1587,.T.);
#2020=ORIENTED_EDGE('',*,*,#1588,.T.);
#2021=ORIENTED_EDGE('',*,*,#1589,.F.);
#2022=ORIENTED_EDGE('',*,*,#1588,.F.);
#2023=ORIENTED_EDGE('',*,*,#1590,.F.);
#2024=ORIENTED_EDGE('',*,*,#1591,.F.);
#2025=ORIENTED_EDGE('',*,*,#1592,.F.);
#2026=ORIENTED_EDGE('',*,*,#1582,.F.);
#2027=ORIENTED_EDGE('',*,*,#1593,.F.);
#2028=ORIENTED_EDGE('',*,*,#1594,.T.);
#2029=ORIENTED_EDGE('',*,*,#1595,.T.);
#2030=ORIENTED_EDGE('',*,*,#1596,.T.);
#2031=ORIENTED_EDGE('',*,*,#1597,.T.);
#2032=ORIENTED_EDGE('',*,*,#1598,.T.);
#2033=ORIENTED_EDGE('',*,*,#1599,.T.);
#2034=ORIENTED_EDGE('',*,*,#1600,.T.);
#2035=ORIENTED_EDGE('',*,*,#1539,.T.);
#2036=ORIENTED_EDGE('',*,*,#1601,.T.);
#2037=ORIENTED_EDGE('',*,*,#1602,.T.);
#2038=ORIENTED_EDGE('',*,*,#1603,.F.);
#2039=ORIENTED_EDGE('',*,*,#1604,.T.);
#2040=ORIENTED_EDGE('',*,*,#1605,.T.);
#2041=ORIENTED_EDGE('',*,*,#1595,.F.);
#2042=ORIENTED_EDGE('',*,*,#1606,.F.);
#2043=ORIENTED_EDGE('',*,*,#1607,.T.);
#2044=ORIENTED_EDGE('',*,*,#1608,.T.);
#2045=ORIENTED_EDGE('',*,*,#1604,.F.);
#2046=ORIENTED_EDGE('',*,*,#1609,.F.);
#2047=ORIENTED_EDGE('',*,*,#1610,.F.);
#2048=ORIENTED_EDGE('',*,*,#1611,.T.);
#2049=ORIENTED_EDGE('',*,*,#1612,.T.);
#2050=ORIENTED_EDGE('',*,*,#1613,.T.);
#2051=ORIENTED_EDGE('',*,*,#1577,.F.);
#2052=ORIENTED_EDGE('',*,*,#1614,.F.);
#2053=ORIENTED_EDGE('',*,*,#1615,.F.);
#2054=ORIENTED_EDGE('',*,*,#1616,.F.);
#2055=ORIENTED_EDGE('',*,*,#1617,.F.);
#2056=ORIENTED_EDGE('',*,*,#1618,.T.);
#2057=ORIENTED_EDGE('',*,*,#1610,.T.);
#2058=ORIENTED_EDGE('',*,*,#1619,.T.);
#2059=ORIENTED_EDGE('',*,*,#1620,.T.);
#2060=ORIENTED_EDGE('',*,*,#1621,.T.);
#2061=ORIENTED_EDGE('',*,*,#1612,.F.);
#2062=ORIENTED_EDGE('',*,*,#1622,.T.);
#2063=ORIENTED_EDGE('',*,*,#1623,.F.);
#2064=ORIENTED_EDGE('',*,*,#1555,.T.);
#2065=ORIENTED_EDGE('',*,*,#1624,.T.);
#2066=ORIENTED_EDGE('',*,*,#1625,.F.);
#2067=ORIENTED_EDGE('',*,*,#1626,.F.);
#2068=ORIENTED_EDGE('',*,*,#1551,.T.);
#2069=ORIENTED_EDGE('',*,*,#1627,.T.);
#2070=ORIENTED_EDGE('',*,*,#1628,.T.);
#2071=ORIENTED_EDGE('',*,*,#1558,.F.);
#2072=ORIENTED_EDGE('',*,*,#1543,.F.);
#2073=ORIENTED_EDGE('',*,*,#1629,.F.);
#2074=ORIENTED_EDGE('',*,*,#1625,.T.);
#2075=ORIENTED_EDGE('',*,*,#1630,.T.);
#2076=ORIENTED_EDGE('',*,*,#1627,.F.);
#2077=ORIENTED_EDGE('',*,*,#1631,.F.);
#2078=ORIENTED_EDGE('',*,*,#1630,.F.);
#2079=ORIENTED_EDGE('',*,*,#1624,.F.);
#2080=ORIENTED_EDGE('',*,*,#1554,.F.);
#2081=ORIENTED_EDGE('',*,*,#1557,.F.);
#2082=ORIENTED_EDGE('',*,*,#1559,.F.);
#2083=ORIENTED_EDGE('',*,*,#1628,.F.);
#2084=ORIENTED_EDGE('',*,*,#1632,.F.);
#2085=ORIENTED_EDGE('',*,*,#1631,.T.);
#2086=ORIENTED_EDGE('',*,*,#1629,.T.);
#2087=ORIENTED_EDGE('',*,*,#1542,.T.);
#2088=ORIENTED_EDGE('',*,*,#1633,.F.);
#2089=ORIENTED_EDGE('',*,*,#1552,.T.);
#2090=ORIENTED_EDGE('',*,*,#1626,.T.);
#2091=ORIENTED_EDGE('',*,*,#1634,.F.);
#2092=ORIENTED_EDGE('',*,*,#1522,.T.);
#2093=ORIENTED_EDGE('',*,*,#1635,.T.);
#2094=ORIENTED_EDGE('',*,*,#1636,.T.);
#2095=ORIENTED_EDGE('',*,*,#1532,.F.);
#2096=ORIENTED_EDGE('',*,*,#1521,.T.);
#2097=ORIENTED_EDGE('',*,*,#1637,.T.);
#2098=ORIENTED_EDGE('',*,*,#1638,.T.);
#2099=ORIENTED_EDGE('',*,*,#1635,.F.);
#2100=ORIENTED_EDGE('',*,*,#1527,.T.);
#2101=ORIENTED_EDGE('',*,*,#1639,.T.);
#2102=ORIENTED_EDGE('',*,*,#1637,.F.);
#2103=ORIENTED_EDGE('',*,*,#1515,.F.);
#2104=ORIENTED_EDGE('',*,*,#1640,.F.);
#2105=ORIENTED_EDGE('',*,*,#1526,.F.);
#2106=ORIENTED_EDGE('',*,*,#1530,.F.);
#2107=ORIENTED_EDGE('',*,*,#1533,.F.);
#2108=ORIENTED_EDGE('',*,*,#1636,.F.);
#2109=ORIENTED_EDGE('',*,*,#1638,.F.);
#2110=ORIENTED_EDGE('',*,*,#1639,.F.);
#2111=ORIENTED_EDGE('',*,*,#1641,.F.);
#2112=ORIENTED_EDGE('',*,*,#1528,.T.);
#2113=ORIENTED_EDGE('',*,*,#1640,.T.);
#2114=ORIENTED_EDGE('',*,*,#1514,.T.);
#2115=ORIENTED_EDGE('',*,*,#1535,.F.);
#2116=ORIENTED_EDGE('',*,*,#1642,.F.);
#2117=ORIENTED_EDGE('',*,*,#1520,.F.);
#2118=ORIENTED_EDGE('',*,*,#1534,.T.);
#2119=ORIENTED_EDGE('',*,*,#1531,.T.);
#2120=ORIENTED_EDGE('',*,*,#1643,.F.);
#2121=ORIENTED_EDGE('',*,*,#1602,.F.);
#2122=ORIENTED_EDGE('',*,*,#1644,.T.);
#2123=ORIENTED_EDGE('',*,*,#1634,.T.);
#2124=ORIENTED_EDGE('',*,*,#1644,.F.);
#2125=ORIENTED_EDGE('',*,*,#1601,.F.);
#2126=ORIENTED_EDGE('',*,*,#1645,.T.);
#2127=ORIENTED_EDGE('',*,*,#1643,.T.);
#2128=ORIENTED_EDGE('',*,*,#1645,.F.);
#2129=ORIENTED_EDGE('',*,*,#1646,.T.);
#2130=ORIENTED_EDGE('',*,*,#1583,.T.);
#2131=ORIENTED_EDGE('',*,*,#1592,.T.);
#2132=ORIENTED_EDGE('',*,*,#1647,.F.);
#2133=ORIENTED_EDGE('',*,*,#1648,.T.);
#2134=ORIENTED_EDGE('',*,*,#1649,.T.);
#2135=ORIENTED_EDGE('',*,*,#1590,.T.);
#2136=ORIENTED_EDGE('',*,*,#1587,.F.);
#2137=ORIENTED_EDGE('',*,*,#1650,.T.);
#2138=ORIENTED_EDGE('',*,*,#1647,.T.);
#2139=ORIENTED_EDGE('',*,*,#1591,.T.);
#2140=ORIENTED_EDGE('',*,*,#1649,.F.);
#2141=ORIENTED_EDGE('',*,*,#1650,.F.);
#2142=ORIENTED_EDGE('',*,*,#1648,.F.);
#2143=ORIENTED_EDGE('',*,*,#1586,.F.);
#2144=ORIENTED_EDGE('',*,*,#1651,.F.);
#2145=ORIENTED_EDGE('',*,*,#1584,.F.);
#2146=ORIENTED_EDGE('',*,*,#1646,.F.);
#2147=ORIENTED_EDGE('',*,*,#1652,.F.);
#2148=ORIENTED_EDGE('',*,*,#1653,.T.);
#2149=ORIENTED_EDGE('',*,*,#1562,.T.);
#2150=ORIENTED_EDGE('',*,*,#1573,.T.);
#2151=ORIENTED_EDGE('',*,*,#1654,.F.);
#2152=ORIENTED_EDGE('',*,*,#1655,.T.);
#2153=ORIENTED_EDGE('',*,*,#1656,.T.);
#2154=ORIENTED_EDGE('',*,*,#1570,.T.);
#2155=ORIENTED_EDGE('',*,*,#1566,.F.);
#2156=ORIENTED_EDGE('',*,*,#1657,.T.);
#2157=ORIENTED_EDGE('',*,*,#1658,.T.);
#2158=ORIENTED_EDGE('',*,*,#1571,.T.);
#2159=ORIENTED_EDGE('',*,*,#1656,.F.);
#2160=ORIENTED_EDGE('',*,*,#1659,.T.);
#2161=ORIENTED_EDGE('',*,*,#1654,.T.);
#2162=ORIENTED_EDGE('',*,*,#1572,.T.);
#2163=ORIENTED_EDGE('',*,*,#1658,.F.);
#2164=ORIENTED_EDGE('',*,*,#1659,.F.);
#2165=ORIENTED_EDGE('',*,*,#1657,.F.);
#2166=ORIENTED_EDGE('',*,*,#1655,.F.);
#2167=ORIENTED_EDGE('',*,*,#1565,.T.);
#2168=ORIENTED_EDGE('',*,*,#1660,.F.);
#2169=ORIENTED_EDGE('',*,*,#1575,.F.);
#2170=ORIENTED_EDGE('',*,*,#1563,.F.);
#2171=ORIENTED_EDGE('',*,*,#1653,.F.);
#2172=ORIENTED_EDGE('',*,*,#1661,.F.);
#2173=ORIENTED_EDGE('',*,*,#1593,.T.);
#2174=ORIENTED_EDGE('',*,*,#1662,.T.);
#2175=ORIENTED_EDGE('',*,*,#1663,.T.);
#2176=ORIENTED_EDGE('',*,*,#1662,.F.);
#2177=ORIENTED_EDGE('',*,*,#1574,.T.);
#2178=ORIENTED_EDGE('',*,*,#1664,.T.);
#2179=ORIENTED_EDGE('',*,*,#1665,.T.);
#2180=ORIENTED_EDGE('',*,*,#1664,.F.);
#2181=ORIENTED_EDGE('',*,*,#1632,.T.);
#2182=ORIENTED_EDGE('',*,*,#1666,.T.);
#2183=ORIENTED_EDGE('',*,*,#1667,.T.);
#2184=ORIENTED_EDGE('',*,*,#1666,.F.);
#2185=ORIENTED_EDGE('',*,*,#1667,.F.);
#2186=ORIENTED_EDGE('',*,*,#1641,.T.);
#2187=ORIENTED_EDGE('',*,*,#1668,.T.);
#2188=ORIENTED_EDGE('',*,*,#1669,.T.);
#2189=ORIENTED_EDGE('',*,*,#1668,.F.);
#2190=ORIENTED_EDGE('',*,*,#1669,.F.);
#2191=ORIENTED_EDGE('',*,*,#1620,.F.);
#2192=ORIENTED_EDGE('',*,*,#1670,.T.);
#2193=ORIENTED_EDGE('',*,*,#1652,.T.);
#2194=ORIENTED_EDGE('',*,*,#1670,.F.);
#2195=ORIENTED_EDGE('',*,*,#1663,.F.);
#2196=ORIENTED_EDGE('',*,*,#1619,.F.);
#2197=ORIENTED_EDGE('',*,*,#1671,.T.);
#2198=ORIENTED_EDGE('',*,*,#1661,.T.);
#2199=ORIENTED_EDGE('',*,*,#1671,.F.);
#2200=ORIENTED_EDGE('',*,*,#1665,.F.);
#2201=ORIENTED_EDGE('',*,*,#1672,.F.);
#2202=ORIENTED_EDGE('',*,*,#1673,.T.);
#2203=ORIENTED_EDGE('',*,*,#1674,.T.);
#2204=ORIENTED_EDGE('',*,*,#1675,.F.);
#2205=ORIENTED_EDGE('',*,*,#1676,.T.);
#2206=ORIENTED_EDGE('',*,*,#1677,.F.);
#2207=ORIENTED_EDGE('',*,*,#1678,.F.);
#2208=ORIENTED_EDGE('',*,*,#1679,.T.);
#2209=ORIENTED_EDGE('',*,*,#1680,.T.);
#2210=ORIENTED_EDGE('',*,*,#1681,.F.);
#2211=ORIENTED_EDGE('',*,*,#1682,.T.);
#2212=ORIENTED_EDGE('',*,*,#1683,.F.);
#2213=ORIENTED_EDGE('',*,*,#1684,.T.);
#2214=ORIENTED_EDGE('',*,*,#1685,.T.);
#2215=ORIENTED_EDGE('',*,*,#1686,.F.);
#2216=ORIENTED_EDGE('',*,*,#1685,.F.);
#2217=ORIENTED_EDGE('',*,*,#1687,.F.);
#2218=ORIENTED_EDGE('',*,*,#1688,.T.);
#2219=ORIENTED_EDGE('',*,*,#1689,.F.);
#2220=ORIENTED_EDGE('',*,*,#1688,.F.);
#2221=ORIENTED_EDGE('',*,*,#1607,.F.);
#2222=ORIENTED_EDGE('',*,*,#1690,.F.);
#2223=ORIENTED_EDGE('',*,*,#1623,.T.);
#2224=ORIENTED_EDGE('',*,*,#1691,.T.);
#2225=ORIENTED_EDGE('',*,*,#1673,.F.);
#2226=ORIENTED_EDGE('',*,*,#1692,.T.);
#2227=ORIENTED_EDGE('',*,*,#1677,.T.);
#2228=ORIENTED_EDGE('',*,*,#1693,.T.);
#2229=ORIENTED_EDGE('',*,*,#1679,.F.);
#2230=ORIENTED_EDGE('',*,*,#1694,.T.);
#2231=ORIENTED_EDGE('',*,*,#1683,.T.);
#2232=ORIENTED_EDGE('',*,*,#1695,.T.);
#2233=ORIENTED_EDGE('',*,*,#1678,.T.);
#2234=ORIENTED_EDGE('',*,*,#1696,.T.);
#2235=ORIENTED_EDGE('',*,*,#1681,.T.);
#2236=ORIENTED_EDGE('',*,*,#1694,.F.);
#2237=ORIENTED_EDGE('',*,*,#1672,.T.);
#2238=ORIENTED_EDGE('',*,*,#1697,.T.);
#2239=ORIENTED_EDGE('',*,*,#1675,.T.);
#2240=ORIENTED_EDGE('',*,*,#1692,.F.);
#2241=ORIENTED_EDGE('',*,*,#1698,.F.);
#2242=ORIENTED_EDGE('',*,*,#1699,.F.);
#2243=ORIENTED_EDGE('',*,*,#1700,.F.);
#2244=ORIENTED_EDGE('',*,*,#1537,.F.);
#2245=ORIENTED_EDGE('',*,*,#1701,.F.);
#2246=ORIENTED_EDGE('',*,*,#1579,.F.);
#2247=ORIENTED_EDGE('',*,*,#1702,.F.);
#2248=ORIENTED_EDGE('',*,*,#1703,.T.);
#2249=ORIENTED_EDGE('',*,*,#1704,.F.);
#2250=ORIENTED_EDGE('',*,*,#1699,.T.);
#2251=ORIENTED_EDGE('',*,*,#1705,.F.);
#2252=ORIENTED_EDGE('',*,*,#1703,.F.);
#2253=ORIENTED_EDGE('',*,*,#1569,.T.);
#2254=ORIENTED_EDGE('',*,*,#1580,.T.);
#2255=ORIENTED_EDGE('',*,*,#1701,.T.);
#2256=ORIENTED_EDGE('',*,*,#1706,.F.);
#2257=ORIENTED_EDGE('',*,*,#1614,.T.);
#2258=ORIENTED_EDGE('',*,*,#1576,.T.);
#2259=ORIENTED_EDGE('',*,*,#1660,.T.);
#2260=ORIENTED_EDGE('',*,*,#1564,.T.);
#2261=ORIENTED_EDGE('',*,*,#1642,.T.);
#2262=ORIENTED_EDGE('',*,*,#1540,.T.);
#2263=ORIENTED_EDGE('',*,*,#1600,.F.);
#2264=ORIENTED_EDGE('',*,*,#1707,.F.);
#2265=ORIENTED_EDGE('',*,*,#1698,.T.);
#2266=ORIENTED_EDGE('',*,*,#1536,.T.);
#2267=ORIENTED_EDGE('',*,*,#1523,.T.);
#2268=ORIENTED_EDGE('',*,*,#1517,.T.);
#2269=ORIENTED_EDGE('',*,*,#1594,.F.);
#2270=ORIENTED_EDGE('',*,*,#1538,.F.);
#2271=ORIENTED_EDGE('',*,*,#1700,.T.);
#2272=ORIENTED_EDGE('',*,*,#1704,.T.);
#2273=ORIENTED_EDGE('',*,*,#1702,.T.);
#2274=ORIENTED_EDGE('',*,*,#1578,.F.);
#2275=ORIENTED_EDGE('',*,*,#1613,.F.);
#2276=ORIENTED_EDGE('',*,*,#1609,.T.);
#2277=ORIENTED_EDGE('',*,*,#1621,.F.);
#2278=ORIENTED_EDGE('',*,*,#1690,.T.);
#2279=ORIENTED_EDGE('',*,*,#1606,.T.);
#2280=ORIENTED_EDGE('',*,*,#1603,.T.);
#2281=ORIENTED_EDGE('',*,*,#1708,.F.);
#2282=ORIENTED_EDGE('',*,*,#1709,.T.);
#2283=ORIENTED_EDGE('',*,*,#1710,.F.);
#2284=ORIENTED_EDGE('',*,*,#1709,.F.);
#2285=ORIENTED_EDGE('',*,*,#1711,.F.);
#2286=ORIENTED_EDGE('',*,*,#1712,.T.);
#2287=ORIENTED_EDGE('',*,*,#1713,.F.);
#2288=ORIENTED_EDGE('',*,*,#1712,.F.);
#2289=ORIENTED_EDGE('',*,*,#1714,.F.);
#2290=ORIENTED_EDGE('',*,*,#1715,.T.);
#2291=ORIENTED_EDGE('',*,*,#1716,.F.);
#2292=ORIENTED_EDGE('',*,*,#1715,.F.);
#2293=ORIENTED_EDGE('',*,*,#1674,.F.);
#2294=ORIENTED_EDGE('',*,*,#1691,.F.);
#2295=ORIENTED_EDGE('',*,*,#1622,.F.);
#2296=ORIENTED_EDGE('',*,*,#1611,.F.);
#2297=ORIENTED_EDGE('',*,*,#1618,.F.);
#2298=ORIENTED_EDGE('',*,*,#1717,.T.);
#2299=ORIENTED_EDGE('',*,*,#1596,.F.);
#2300=ORIENTED_EDGE('',*,*,#1605,.F.);
#2301=ORIENTED_EDGE('',*,*,#1608,.F.);
#2302=ORIENTED_EDGE('',*,*,#1695,.F.);
#2303=ORIENTED_EDGE('',*,*,#1682,.F.);
#2304=ORIENTED_EDGE('',*,*,#1696,.F.);
#2305=ORIENTED_EDGE('',*,*,#1680,.F.);
#2306=ORIENTED_EDGE('',*,*,#1693,.F.);
#2307=ORIENTED_EDGE('',*,*,#1676,.F.);
#2308=ORIENTED_EDGE('',*,*,#1697,.F.);
#2309=ORIENTED_EDGE('',*,*,#1684,.F.);
#2310=ORIENTED_EDGE('',*,*,#1687,.T.);
#2311=ORIENTED_EDGE('',*,*,#1711,.T.);
#2312=ORIENTED_EDGE('',*,*,#1708,.T.);
#2313=ORIENTED_EDGE('',*,*,#1714,.T.);
#2314=ORIENTED_EDGE('',*,*,#1615,.T.);
#2315=ORIENTED_EDGE('',*,*,#1706,.T.);
#2316=ORIENTED_EDGE('',*,*,#1705,.T.);
#2317=ORIENTED_EDGE('',*,*,#1707,.T.);
#2318=ORIENTED_EDGE('',*,*,#1599,.F.);
#2319=ORIENTED_EDGE('',*,*,#1718,.F.);
#2320=ORIENTED_EDGE('',*,*,#1550,.T.);
#2321=ORIENTED_EDGE('',*,*,#1633,.T.);
#2322=ORIENTED_EDGE('',*,*,#1541,.T.);
#2323=ORIENTED_EDGE('',*,*,#1547,.T.);
#2324=ORIENTED_EDGE('',*,*,#1585,.T.);
#2325=ORIENTED_EDGE('',*,*,#1589,.T.);
#2326=ORIENTED_EDGE('',*,*,#1581,.T.);
#2327=ORIENTED_EDGE('',*,*,#1651,.T.);
#2328=ORIENTED_EDGE('',*,*,#1686,.T.);
#2329=ORIENTED_EDGE('',*,*,#1689,.T.);
#2330=ORIENTED_EDGE('',*,*,#1710,.T.);
#2331=ORIENTED_EDGE('',*,*,#1713,.T.);
#2332=ORIENTED_EDGE('',*,*,#1716,.T.);
#2333=ORIENTED_EDGE('',*,*,#1616,.T.);
#2334=ORIENTED_EDGE('',*,*,#1718,.T.);
#2335=ORIENTED_EDGE('',*,*,#1598,.F.);
#2336=ORIENTED_EDGE('',*,*,#1719,.F.);
#2337=ORIENTED_EDGE('',*,*,#1617,.T.);
#2338=ORIENTED_EDGE('',*,*,#1719,.T.);
#2339=ORIENTED_EDGE('',*,*,#1597,.F.);
#2340=ORIENTED_EDGE('',*,*,#1717,.F.);
#2341=ORIENTED_EDGE('',*,*,#1720,.T.);
#2342=ORIENTED_EDGE('',*,*,#1721,.T.);
#2343=ORIENTED_EDGE('',*,*,#1722,.F.);
#2344=ORIENTED_EDGE('',*,*,#1723,.T.);
#2345=ORIENTED_EDGE('',*,*,#1724,.T.);
#2346=ORIENTED_EDGE('',*,*,#1725,.F.);
#2347=ORIENTED_EDGE('',*,*,#1726,.T.);
#2348=ORIENTED_EDGE('',*,*,#1727,.T.);
#2349=ORIENTED_EDGE('',*,*,#1728,.T.);
#2350=ORIENTED_EDGE('',*,*,#1721,.F.);
#2351=ORIENTED_EDGE('',*,*,#1729,.T.);
#2352=ORIENTED_EDGE('',*,*,#1730,.T.);
#2353=ORIENTED_EDGE('',*,*,#1727,.F.);
#2354=ORIENTED_EDGE('',*,*,#1731,.T.);
#2355=ORIENTED_EDGE('',*,*,#1732,.F.);
#2356=ORIENTED_EDGE('',*,*,#1733,.T.);
#2357=ORIENTED_EDGE('',*,*,#1734,.T.);
#2358=ORIENTED_EDGE('',*,*,#1735,.F.);
#2359=ORIENTED_EDGE('',*,*,#1736,.F.);
#2360=ORIENTED_EDGE('',*,*,#1737,.T.);
#2361=ORIENTED_EDGE('',*,*,#1732,.T.);
#2362=ORIENTED_EDGE('',*,*,#1738,.F.);
#2363=ORIENTED_EDGE('',*,*,#1739,.F.);
#2364=ORIENTED_EDGE('',*,*,#1726,.F.);
#2365=ORIENTED_EDGE('',*,*,#1740,.T.);
#2366=ORIENTED_EDGE('',*,*,#1736,.T.);
#2367=ORIENTED_EDGE('',*,*,#1741,.F.);
#2368=ORIENTED_EDGE('',*,*,#1742,.F.);
#2369=ORIENTED_EDGE('',*,*,#1743,.T.);
#2370=ORIENTED_EDGE('',*,*,#1744,.T.);
#2371=ORIENTED_EDGE('',*,*,#1745,.F.);
#2372=ORIENTED_EDGE('',*,*,#1746,.F.);
#2373=ORIENTED_EDGE('',*,*,#1747,.T.);
#2374=ORIENTED_EDGE('',*,*,#1729,.F.);
#2375=ORIENTED_EDGE('',*,*,#1720,.F.);
#2376=ORIENTED_EDGE('',*,*,#1748,.T.);
#2377=ORIENTED_EDGE('',*,*,#1749,.T.);
#2378=ORIENTED_EDGE('',*,*,#1750,.F.);
#2379=ORIENTED_EDGE('',*,*,#1751,.T.);
#2380=ORIENTED_EDGE('',*,*,#1752,.T.);
#2381=ORIENTED_EDGE('',*,*,#1753,.T.);
#2382=ORIENTED_EDGE('',*,*,#1754,.T.);
#2383=ORIENTED_EDGE('',*,*,#1749,.F.);
#2384=ORIENTED_EDGE('',*,*,#1755,.T.);
#2385=ORIENTED_EDGE('',*,*,#1756,.F.);
#2386=ORIENTED_EDGE('',*,*,#1757,.T.);
#2387=ORIENTED_EDGE('',*,*,#1758,.T.);
#2388=ORIENTED_EDGE('',*,*,#1759,.T.);
#2389=ORIENTED_EDGE('',*,*,#1756,.T.);
#2390=ORIENTED_EDGE('',*,*,#1752,.F.);
#2391=ORIENTED_EDGE('',*,*,#1760,.T.);
#2392=ORIENTED_EDGE('',*,*,#1761,.F.);
#2393=ORIENTED_EDGE('',*,*,#1762,.F.);
#2394=ORIENTED_EDGE('',*,*,#1753,.F.);
#2395=ORIENTED_EDGE('',*,*,#1762,.T.);
#2396=ORIENTED_EDGE('',*,*,#1763,.F.);
#2397=ORIENTED_EDGE('',*,*,#1764,.F.);
#2398=ORIENTED_EDGE('',*,*,#1754,.F.);
#2399=ORIENTED_EDGE('',*,*,#1764,.T.);
#2400=ORIENTED_EDGE('',*,*,#1765,.F.);
#2401=ORIENTED_EDGE('',*,*,#1766,.F.);
#2402=ORIENTED_EDGE('',*,*,#1767,.T.);
#2403=ORIENTED_EDGE('',*,*,#1768,.F.);
#2404=ORIENTED_EDGE('',*,*,#1769,.T.);
#2405=ORIENTED_EDGE('',*,*,#1770,.F.);
#2406=ORIENTED_EDGE('',*,*,#1771,.T.);
#2407=ORIENTED_EDGE('',*,*,#1772,.F.);
#2408=ORIENTED_EDGE('',*,*,#1773,.F.);
#2409=ORIENTED_EDGE('',*,*,#1774,.T.);
#2410=ORIENTED_EDGE('',*,*,#1775,.T.);
#2411=ORIENTED_EDGE('',*,*,#1770,.T.);
#2412=ORIENTED_EDGE('',*,*,#1776,.T.);
#2413=ORIENTED_EDGE('',*,*,#1777,.T.);
#2414=ORIENTED_EDGE('',*,*,#1778,.T.);
#2415=ORIENTED_EDGE('',*,*,#1779,.T.);
#2416=ORIENTED_EDGE('',*,*,#1772,.T.);
#2417=ORIENTED_EDGE('',*,*,#1780,.T.);
#2418=ORIENTED_EDGE('',*,*,#1781,.T.);
#2419=ORIENTED_EDGE('',*,*,#1775,.F.);
#2420=ORIENTED_EDGE('',*,*,#1782,.T.);
#2421=ORIENTED_EDGE('',*,*,#1783,.F.);
#2422=ORIENTED_EDGE('',*,*,#1784,.F.);
#2423=ORIENTED_EDGE('',*,*,#1785,.F.);
#2424=ORIENTED_EDGE('',*,*,#1786,.T.);
#2425=ORIENTED_EDGE('',*,*,#1787,.F.);
#2426=ORIENTED_EDGE('',*,*,#1767,.F.);
#2427=ORIENTED_EDGE('',*,*,#1788,.T.);
#2428=ORIENTED_EDGE('',*,*,#1789,.F.);
#2429=ORIENTED_EDGE('',*,*,#1790,.T.);
#2430=ORIENTED_EDGE('',*,*,#1791,.F.);
#2431=ORIENTED_EDGE('',*,*,#1792,.T.);
#2432=ORIENTED_EDGE('',*,*,#1793,.F.);
#2433=ORIENTED_EDGE('',*,*,#1794,.F.);
#2434=ORIENTED_EDGE('',*,*,#1795,.F.);
#2435=ORIENTED_EDGE('',*,*,#1796,.T.);
#2436=ORIENTED_EDGE('',*,*,#1791,.T.);
#2437=ORIENTED_EDGE('',*,*,#1797,.T.);
#2438=ORIENTED_EDGE('',*,*,#1798,.T.);
#2439=ORIENTED_EDGE('',*,*,#1799,.T.);
#2440=ORIENTED_EDGE('',*,*,#1793,.T.);
#2441=ORIENTED_EDGE('',*,*,#1800,.T.);
#2442=ORIENTED_EDGE('',*,*,#1801,.F.);
#2443=ORIENTED_EDGE('',*,*,#1744,.F.);
#2444=ORIENTED_EDGE('',*,*,#1802,.F.);
#2445=ORIENTED_EDGE('',*,*,#1803,.F.);
#2446=ORIENTED_EDGE('',*,*,#1804,.F.);
#2447=ORIENTED_EDGE('',*,*,#1805,.F.);
#2448=ORIENTED_EDGE('',*,*,#1806,.F.);
#2449=ORIENTED_EDGE('',*,*,#1807,.F.);
#2450=ORIENTED_EDGE('',*,*,#1808,.F.);
#2451=ORIENTED_EDGE('',*,*,#1809,.F.);
#2452=ORIENTED_EDGE('',*,*,#1810,.T.);
#2453=ORIENTED_EDGE('',*,*,#1807,.T.);
#2454=ORIENTED_EDGE('',*,*,#1811,.F.);
#2455=ORIENTED_EDGE('',*,*,#1812,.F.);
#2456=ORIENTED_EDGE('',*,*,#1813,.T.);
#2457=ORIENTED_EDGE('',*,*,#1812,.T.);
#2458=ORIENTED_EDGE('',*,*,#1814,.F.);
#2459=ORIENTED_EDGE('',*,*,#1815,.F.);
#2460=ORIENTED_EDGE('',*,*,#1816,.T.);
#2461=ORIENTED_EDGE('',*,*,#1817,.F.);
#2462=ORIENTED_EDGE('',*,*,#1818,.F.);
#2463=ORIENTED_EDGE('',*,*,#1819,.T.);
#2464=ORIENTED_EDGE('',*,*,#1820,.F.);
#2465=ORIENTED_EDGE('',*,*,#1819,.F.);
#2466=ORIENTED_EDGE('',*,*,#1821,.F.);
#2467=ORIENTED_EDGE('',*,*,#1822,.T.);
#2468=ORIENTED_EDGE('',*,*,#1823,.T.);
#2469=ORIENTED_EDGE('',*,*,#1824,.T.);
#2470=ORIENTED_EDGE('',*,*,#1825,.T.);
#2471=ORIENTED_EDGE('',*,*,#1785,.T.);
#2472=ORIENTED_EDGE('',*,*,#1826,.F.);
#2473=ORIENTED_EDGE('',*,*,#1827,.F.);
#2474=ORIENTED_EDGE('',*,*,#1828,.F.);
#2475=ORIENTED_EDGE('',*,*,#1829,.T.);
#2476=ORIENTED_EDGE('',*,*,#1830,.F.);
#2477=ORIENTED_EDGE('',*,*,#1817,.T.);
#2478=ORIENTED_EDGE('',*,*,#1760,.F.);
#2479=ORIENTED_EDGE('',*,*,#1759,.F.);
#2480=ORIENTED_EDGE('',*,*,#1831,.T.);
#2481=ORIENTED_EDGE('',*,*,#1832,.T.);
#2482=ORIENTED_EDGE('',*,*,#1833,.F.);
#2483=ORIENTED_EDGE('',*,*,#1834,.F.);
#2484=ORIENTED_EDGE('',*,*,#1835,.T.);
#2485=ORIENTED_EDGE('',*,*,#1750,.T.);
#2486=ORIENTED_EDGE('',*,*,#1766,.T.);
#2487=ORIENTED_EDGE('',*,*,#1836,.F.);
#2488=ORIENTED_EDGE('',*,*,#1832,.F.);
#2489=ORIENTED_EDGE('',*,*,#1837,.T.);
#2490=ORIENTED_EDGE('',*,*,#1834,.T.);
#2491=ORIENTED_EDGE('',*,*,#1838,.F.);
#2492=ORIENTED_EDGE('',*,*,#1838,.T.);
#2493=ORIENTED_EDGE('',*,*,#1836,.T.);
#2494=ORIENTED_EDGE('',*,*,#1765,.T.);
#2495=ORIENTED_EDGE('',*,*,#1763,.T.);
#2496=ORIENTED_EDGE('',*,*,#1761,.T.);
#2497=ORIENTED_EDGE('',*,*,#1833,.T.);
#2498=ORIENTED_EDGE('',*,*,#1839,.T.);
#2499=ORIENTED_EDGE('',*,*,#1837,.F.);
#2500=ORIENTED_EDGE('',*,*,#1831,.F.);
#2501=ORIENTED_EDGE('',*,*,#1758,.F.);
#2502=ORIENTED_EDGE('',*,*,#1840,.T.);
#2503=ORIENTED_EDGE('',*,*,#1751,.F.);
#2504=ORIENTED_EDGE('',*,*,#1835,.F.);
#2505=ORIENTED_EDGE('',*,*,#1841,.T.);
#2506=ORIENTED_EDGE('',*,*,#1731,.F.);
#2507=ORIENTED_EDGE('',*,*,#1739,.T.);
#2508=ORIENTED_EDGE('',*,*,#1842,.F.);
#2509=ORIENTED_EDGE('',*,*,#1843,.F.);
#2510=ORIENTED_EDGE('',*,*,#1728,.F.);
#2511=ORIENTED_EDGE('',*,*,#1843,.T.);
#2512=ORIENTED_EDGE('',*,*,#1844,.F.);
#2513=ORIENTED_EDGE('',*,*,#1845,.F.);
#2514=ORIENTED_EDGE('',*,*,#1734,.F.);
#2515=ORIENTED_EDGE('',*,*,#1846,.T.);
#2516=ORIENTED_EDGE('',*,*,#1722,.T.);
#2517=ORIENTED_EDGE('',*,*,#1845,.T.);
#2518=ORIENTED_EDGE('',*,*,#1847,.F.);
#2519=ORIENTED_EDGE('',*,*,#1735,.T.);
#2520=ORIENTED_EDGE('',*,*,#1847,.T.);
#2521=ORIENTED_EDGE('',*,*,#1844,.T.);
#2522=ORIENTED_EDGE('',*,*,#1842,.T.);
#2523=ORIENTED_EDGE('',*,*,#1741,.T.);
#2524=ORIENTED_EDGE('',*,*,#1738,.T.);
#2525=ORIENTED_EDGE('',*,*,#1848,.T.);
#2526=ORIENTED_EDGE('',*,*,#1733,.F.);
#2527=ORIENTED_EDGE('',*,*,#1737,.F.);
#2528=ORIENTED_EDGE('',*,*,#1740,.F.);
#2529=ORIENTED_EDGE('',*,*,#1725,.T.);
#2530=ORIENTED_EDGE('',*,*,#1849,.T.);
#2531=ORIENTED_EDGE('',*,*,#1742,.T.);
#2532=ORIENTED_EDGE('',*,*,#1723,.F.);
#2533=ORIENTED_EDGE('',*,*,#1846,.F.);
#2534=ORIENTED_EDGE('',*,*,#1850,.T.);
#2535=ORIENTED_EDGE('',*,*,#1809,.T.);
#2536=ORIENTED_EDGE('',*,*,#1851,.T.);
#2537=ORIENTED_EDGE('',*,*,#1841,.F.);
#2538=ORIENTED_EDGE('',*,*,#1851,.F.);
#2539=ORIENTED_EDGE('',*,*,#1808,.T.);
#2540=ORIENTED_EDGE('',*,*,#1852,.T.);
#2541=ORIENTED_EDGE('',*,*,#1850,.F.);
#2542=ORIENTED_EDGE('',*,*,#1852,.F.);
#2543=ORIENTED_EDGE('',*,*,#1853,.F.);
#2544=ORIENTED_EDGE('',*,*,#1854,.T.);
#2545=ORIENTED_EDGE('',*,*,#1797,.F.);
#2546=ORIENTED_EDGE('',*,*,#1790,.F.);
#2547=ORIENTED_EDGE('',*,*,#1855,.F.);
#2548=ORIENTED_EDGE('',*,*,#1794,.T.);
#2549=ORIENTED_EDGE('',*,*,#1799,.F.);
#2550=ORIENTED_EDGE('',*,*,#1856,.F.);
#2551=ORIENTED_EDGE('',*,*,#1857,.F.);
#2552=ORIENTED_EDGE('',*,*,#1856,.T.);
#2553=ORIENTED_EDGE('',*,*,#1798,.F.);
#2554=ORIENTED_EDGE('',*,*,#1854,.F.);
#2555=ORIENTED_EDGE('',*,*,#1857,.T.);
#2556=ORIENTED_EDGE('',*,*,#1853,.T.);
#2557=ORIENTED_EDGE('',*,*,#1789,.T.);
#2558=ORIENTED_EDGE('',*,*,#1858,.T.);
#2559=ORIENTED_EDGE('',*,*,#1795,.T.);
#2560=ORIENTED_EDGE('',*,*,#1855,.T.);
#2561=ORIENTED_EDGE('',*,*,#1859,.T.);
#2562=ORIENTED_EDGE('',*,*,#1860,.F.);
#2563=ORIENTED_EDGE('',*,*,#1861,.T.);
#2564=ORIENTED_EDGE('',*,*,#1776,.F.);
#2565=ORIENTED_EDGE('',*,*,#1769,.F.);
#2566=ORIENTED_EDGE('',*,*,#1862,.F.);
#2567=ORIENTED_EDGE('',*,*,#1773,.T.);
#2568=ORIENTED_EDGE('',*,*,#1779,.F.);
#2569=ORIENTED_EDGE('',*,*,#1863,.F.);
#2570=ORIENTED_EDGE('',*,*,#1864,.F.);
#2571=ORIENTED_EDGE('',*,*,#1863,.T.);
#2572=ORIENTED_EDGE('',*,*,#1778,.F.);
#2573=ORIENTED_EDGE('',*,*,#1865,.F.);
#2574=ORIENTED_EDGE('',*,*,#1866,.F.);
#2575=ORIENTED_EDGE('',*,*,#1865,.T.);
#2576=ORIENTED_EDGE('',*,*,#1777,.F.);
#2577=ORIENTED_EDGE('',*,*,#1861,.F.);
#2578=ORIENTED_EDGE('',*,*,#1866,.T.);
#2579=ORIENTED_EDGE('',*,*,#1860,.T.);
#2580=ORIENTED_EDGE('',*,*,#1768,.T.);
#2581=ORIENTED_EDGE('',*,*,#1787,.T.);
#2582=ORIENTED_EDGE('',*,*,#1867,.T.);
#2583=ORIENTED_EDGE('',*,*,#1774,.F.);
#2584=ORIENTED_EDGE('',*,*,#1862,.T.);
#2585=ORIENTED_EDGE('',*,*,#1864,.T.);
#2586=ORIENTED_EDGE('',*,*,#1868,.T.);
#2587=ORIENTED_EDGE('',*,*,#1800,.F.);
#2588=ORIENTED_EDGE('',*,*,#1869,.T.);
#2589=ORIENTED_EDGE('',*,*,#1870,.F.);
#2590=ORIENTED_EDGE('',*,*,#1869,.F.);
#2591=ORIENTED_EDGE('',*,*,#1781,.F.);
#2592=ORIENTED_EDGE('',*,*,#1871,.T.);
#2593=ORIENTED_EDGE('',*,*,#1872,.F.);
#2594=ORIENTED_EDGE('',*,*,#1871,.F.);
#2595=ORIENTED_EDGE('',*,*,#1839,.F.);
#2596=ORIENTED_EDGE('',*,*,#1873,.T.);
#2597=ORIENTED_EDGE('',*,*,#1874,.F.);
#2598=ORIENTED_EDGE('',*,*,#1873,.F.);
#2599=ORIENTED_EDGE('',*,*,#1874,.T.);
#2600=ORIENTED_EDGE('',*,*,#1848,.F.);
#2601=ORIENTED_EDGE('',*,*,#1875,.T.);
#2602=ORIENTED_EDGE('',*,*,#1876,.F.);
#2603=ORIENTED_EDGE('',*,*,#1875,.F.);
#2604=ORIENTED_EDGE('',*,*,#1876,.T.);
#2605=ORIENTED_EDGE('',*,*,#1827,.T.);
#2606=ORIENTED_EDGE('',*,*,#1877,.T.);
#2607=ORIENTED_EDGE('',*,*,#1859,.F.);
#2608=ORIENTED_EDGE('',*,*,#1877,.F.);
#2609=ORIENTED_EDGE('',*,*,#1870,.T.);
#2610=ORIENTED_EDGE('',*,*,#1826,.T.);
#2611=ORIENTED_EDGE('',*,*,#1878,.T.);
#2612=ORIENTED_EDGE('',*,*,#1868,.F.);
#2613=ORIENTED_EDGE('',*,*,#1878,.F.);
#2614=ORIENTED_EDGE('',*,*,#1872,.T.);
#2615=ORIENTED_EDGE('',*,*,#1879,.T.);
#2616=ORIENTED_EDGE('',*,*,#1880,.F.);
#2617=ORIENTED_EDGE('',*,*,#1881,.F.);
#2618=ORIENTED_EDGE('',*,*,#1882,.T.);
#2619=ORIENTED_EDGE('',*,*,#1883,.T.);
#2620=ORIENTED_EDGE('',*,*,#1884,.F.);
#2621=ORIENTED_EDGE('',*,*,#1885,.T.);
#2622=ORIENTED_EDGE('',*,*,#1886,.F.);
#2623=ORIENTED_EDGE('',*,*,#1887,.F.);
#2624=ORIENTED_EDGE('',*,*,#1888,.T.);
#2625=ORIENTED_EDGE('',*,*,#1889,.T.);
#2626=ORIENTED_EDGE('',*,*,#1890,.F.);
#2627=ORIENTED_EDGE('',*,*,#1891,.F.);
#2628=ORIENTED_EDGE('',*,*,#1892,.T.);
#2629=ORIENTED_EDGE('',*,*,#1893,.T.);
#2630=ORIENTED_EDGE('',*,*,#1892,.F.);
#2631=ORIENTED_EDGE('',*,*,#1894,.T.);
#2632=ORIENTED_EDGE('',*,*,#1895,.T.);
#2633=ORIENTED_EDGE('',*,*,#1896,.T.);
#2634=ORIENTED_EDGE('',*,*,#1895,.F.);
#2635=ORIENTED_EDGE('',*,*,#1815,.T.);
#2636=ORIENTED_EDGE('',*,*,#1897,.F.);
#2637=ORIENTED_EDGE('',*,*,#1889,.F.);
#2638=ORIENTED_EDGE('',*,*,#1898,.F.);
#2639=ORIENTED_EDGE('',*,*,#1887,.T.);
#2640=ORIENTED_EDGE('',*,*,#1899,.F.);
#2641=ORIENTED_EDGE('',*,*,#1883,.F.);
#2642=ORIENTED_EDGE('',*,*,#1900,.F.);
#2643=ORIENTED_EDGE('',*,*,#1881,.T.);
#2644=ORIENTED_EDGE('',*,*,#1901,.F.);
#2645=ORIENTED_EDGE('',*,*,#1829,.F.);
#2646=ORIENTED_EDGE('',*,*,#1902,.T.);
#2647=ORIENTED_EDGE('',*,*,#1885,.F.);
#2648=ORIENTED_EDGE('',*,*,#1898,.T.);
#2649=ORIENTED_EDGE('',*,*,#1888,.F.);
#2650=ORIENTED_EDGE('',*,*,#1903,.F.);
#2651=ORIENTED_EDGE('',*,*,#1879,.F.);
#2652=ORIENTED_EDGE('',*,*,#1900,.T.);
#2653=ORIENTED_EDGE('',*,*,#1882,.F.);
#2654=ORIENTED_EDGE('',*,*,#1904,.F.);
#2655=ORIENTED_EDGE('',*,*,#1905,.T.);
#2656=ORIENTED_EDGE('',*,*,#1746,.T.);
#2657=ORIENTED_EDGE('',*,*,#1906,.T.);
#2658=ORIENTED_EDGE('',*,*,#1907,.T.);
#2659=ORIENTED_EDGE('',*,*,#1908,.T.);
#2660=ORIENTED_EDGE('',*,*,#1909,.F.);
#2661=ORIENTED_EDGE('',*,*,#1910,.T.);
#2662=ORIENTED_EDGE('',*,*,#1783,.T.);
#2663=ORIENTED_EDGE('',*,*,#1911,.T.);
#2664=ORIENTED_EDGE('',*,*,#1909,.T.);
#2665=ORIENTED_EDGE('',*,*,#1912,.T.);
#2666=ORIENTED_EDGE('',*,*,#1907,.F.);
#2667=ORIENTED_EDGE('',*,*,#1780,.F.);
#2668=ORIENTED_EDGE('',*,*,#1771,.F.);
#2669=ORIENTED_EDGE('',*,*,#1867,.F.);
#2670=ORIENTED_EDGE('',*,*,#1786,.F.);
#2671=ORIENTED_EDGE('',*,*,#1825,.F.);
#2672=ORIENTED_EDGE('',*,*,#1913,.T.);
#2673=ORIENTED_EDGE('',*,*,#1908,.F.);
#2674=ORIENTED_EDGE('',*,*,#1782,.F.);
#2675=ORIENTED_EDGE('',*,*,#1849,.F.);
#2676=ORIENTED_EDGE('',*,*,#1724,.F.);
#2677=ORIENTED_EDGE('',*,*,#1730,.F.);
#2678=ORIENTED_EDGE('',*,*,#1747,.F.);
#2679=ORIENTED_EDGE('',*,*,#1905,.F.);
#2680=ORIENTED_EDGE('',*,*,#1914,.T.);
#2681=ORIENTED_EDGE('',*,*,#1802,.T.);
#2682=ORIENTED_EDGE('',*,*,#1743,.F.);
#2683=ORIENTED_EDGE('',*,*,#1801,.T.);
#2684=ORIENTED_EDGE('',*,*,#1810,.F.);
#2685=ORIENTED_EDGE('',*,*,#1813,.F.);
#2686=ORIENTED_EDGE('',*,*,#1902,.F.);
#2687=ORIENTED_EDGE('',*,*,#1828,.T.);
#2688=ORIENTED_EDGE('',*,*,#1816,.F.);
#2689=ORIENTED_EDGE('',*,*,#1820,.T.);
#2690=ORIENTED_EDGE('',*,*,#1784,.T.);
#2691=ORIENTED_EDGE('',*,*,#1910,.F.);
#2692=ORIENTED_EDGE('',*,*,#1911,.F.);
#2693=ORIENTED_EDGE('',*,*,#1906,.F.);
#2694=ORIENTED_EDGE('',*,*,#1745,.T.);
#2695=ORIENTED_EDGE('',*,*,#1915,.T.);
#2696=ORIENTED_EDGE('',*,*,#1916,.T.);
#2697=ORIENTED_EDGE('',*,*,#1917,.T.);
#2698=ORIENTED_EDGE('',*,*,#1916,.F.);
#2699=ORIENTED_EDGE('',*,*,#1918,.T.);
#2700=ORIENTED_EDGE('',*,*,#1919,.T.);
#2701=ORIENTED_EDGE('',*,*,#1920,.T.);
#2702=ORIENTED_EDGE('',*,*,#1919,.F.);
#2703=ORIENTED_EDGE('',*,*,#1921,.T.);
#2704=ORIENTED_EDGE('',*,*,#1922,.T.);
#2705=ORIENTED_EDGE('',*,*,#1923,.T.);
#2706=ORIENTED_EDGE('',*,*,#1922,.F.);
#2707=ORIENTED_EDGE('',*,*,#1880,.T.);
#2708=ORIENTED_EDGE('',*,*,#1904,.T.);
#2709=ORIENTED_EDGE('',*,*,#1884,.T.);
#2710=ORIENTED_EDGE('',*,*,#1899,.T.);
#2711=ORIENTED_EDGE('',*,*,#1886,.T.);
#2712=ORIENTED_EDGE('',*,*,#1903,.T.);
#2713=ORIENTED_EDGE('',*,*,#1890,.T.);
#2714=ORIENTED_EDGE('',*,*,#1897,.T.);
#2715=ORIENTED_EDGE('',*,*,#1814,.T.);
#2716=ORIENTED_EDGE('',*,*,#1811,.T.);
#2717=ORIENTED_EDGE('',*,*,#1806,.T.);
#2718=ORIENTED_EDGE('',*,*,#1924,.F.);
#2719=ORIENTED_EDGE('',*,*,#1821,.T.);
#2720=ORIENTED_EDGE('',*,*,#1818,.T.);
#2721=ORIENTED_EDGE('',*,*,#1830,.T.);
#2722=ORIENTED_EDGE('',*,*,#1901,.T.);
#2723=ORIENTED_EDGE('',*,*,#1891,.T.);
#2724=ORIENTED_EDGE('',*,*,#1894,.F.);
#2725=ORIENTED_EDGE('',*,*,#1918,.F.);
#2726=ORIENTED_EDGE('',*,*,#1915,.F.);
#2727=ORIENTED_EDGE('',*,*,#1921,.F.);
#2728=ORIENTED_EDGE('',*,*,#1824,.F.);
#2729=ORIENTED_EDGE('',*,*,#1925,.T.);
#2730=ORIENTED_EDGE('',*,*,#1803,.T.);
#2731=ORIENTED_EDGE('',*,*,#1914,.F.);
#2732=ORIENTED_EDGE('',*,*,#1912,.F.);
#2733=ORIENTED_EDGE('',*,*,#1913,.F.);
#2734=ORIENTED_EDGE('',*,*,#1757,.F.);
#2735=ORIENTED_EDGE('',*,*,#1755,.F.);
#2736=ORIENTED_EDGE('',*,*,#1748,.F.);
#2737=ORIENTED_EDGE('',*,*,#1840,.F.);
#2738=ORIENTED_EDGE('',*,*,#1792,.F.);
#2739=ORIENTED_EDGE('',*,*,#1858,.F.);
#2740=ORIENTED_EDGE('',*,*,#1788,.F.);
#2741=ORIENTED_EDGE('',*,*,#1796,.F.);
#2742=ORIENTED_EDGE('',*,*,#1893,.F.);
#2743=ORIENTED_EDGE('',*,*,#1896,.F.);
#2744=ORIENTED_EDGE('',*,*,#1917,.F.);
#2745=ORIENTED_EDGE('',*,*,#1920,.F.);
#2746=ORIENTED_EDGE('',*,*,#1923,.F.);
#2747=ORIENTED_EDGE('',*,*,#1823,.F.);
#2748=ORIENTED_EDGE('',*,*,#1926,.T.);
#2749=ORIENTED_EDGE('',*,*,#1804,.T.);
#2750=ORIENTED_EDGE('',*,*,#1925,.F.);
#2751=ORIENTED_EDGE('',*,*,#1822,.F.);
#2752=ORIENTED_EDGE('',*,*,#1924,.T.);
#2753=ORIENTED_EDGE('',*,*,#1805,.T.);
#2754=ORIENTED_EDGE('',*,*,#1926,.F.);
#2755=PLANE('',#3072);
#2756=PLANE('',#3073);
#2757=PLANE('',#3074);
#2758=PLANE('',#3075);
#2759=PLANE('',#3076);
#2760=PLANE('',#3077);
#2761=PLANE('',#3078);
#2762=PLANE('',#3079);
#2763=PLANE('',#3080);
#2764=PLANE('',#3081);
#2765=PLANE('',#3082);
#2766=PLANE('',#3083);
#2767=PLANE('',#3084);
#2768=PLANE('',#3085);
#2769=PLANE('',#3086);
#2770=PLANE('',#3087);
#2771=PLANE('',#3089);
#2772=PLANE('',#3090);
#2773=PLANE('',#3091);
#2774=PLANE('',#3092);
#2775=PLANE('',#3094);
#2776=PLANE('',#3097);
#2777=PLANE('',#3098);
#2778=PLANE('',#3099);
#2779=PLANE('',#3100);
#2780=PLANE('',#3103);
#2781=PLANE('',#3104);
#2782=PLANE('',#3105);
#2783=PLANE('',#3106);
#2784=PLANE('',#3107);
#2785=PLANE('',#3109);
#2786=PLANE('',#3111);
#2787=PLANE('',#3112);
#2788=PLANE('',#3113);
#2789=PLANE('',#3114);
#2790=PLANE('',#3116);
#2791=PLANE('',#3120);
#2792=PLANE('',#3121);
#2793=PLANE('',#3122);
#2794=PLANE('',#3123);
#2795=PLANE('',#3125);
#2796=PLANE('',#3126);
#2797=PLANE('',#3127);
#2798=PLANE('',#3128);
#2799=PLANE('',#3129);
#2800=PLANE('',#3137);
#2801=PLANE('',#3140);
#2802=PLANE('',#3142);
#2803=PLANE('',#3144);
#2804=PLANE('',#3145);
#2805=PLANE('',#3146);
#2806=PLANE('',#3147);
#2807=PLANE('',#3148);
#2808=PLANE('',#3155);
#2809=PLANE('',#3156);
#2810=PLANE('',#3157);
#2811=PLANE('',#3158);
#2812=PLANE('',#3159);
#2813=PLANE('',#3160);
#2814=PLANE('',#3161);
#2815=PLANE('',#3162);
#2816=PLANE('',#3163);
#2817=PLANE('',#3173);
#2818=PLANE('',#3174);
#2819=PLANE('',#3175);
#2820=PLANE('',#3176);
#2821=PLANE('',#3178);
#2822=PLANE('',#3179);
#2823=PLANE('',#3180);
#2824=PLANE('',#3181);
#2825=PLANE('',#3182);
#2826=PLANE('',#3183);
#2827=PLANE('',#3184);
#2828=PLANE('',#3185);
#2829=PLANE('',#3186);
#2830=PLANE('',#3187);
#2831=PLANE('',#3188);
#2832=PLANE('',#3189);
#2833=PLANE('',#3190);
#2834=PLANE('',#3191);
#2835=PLANE('',#3192);
#2836=PLANE('',#3193);
#2837=PLANE('',#3195);
#2838=PLANE('',#3196);
#2839=PLANE('',#3197);
#2840=PLANE('',#3198);
#2841=PLANE('',#3200);
#2842=PLANE('',#3203);
#2843=PLANE('',#3204);
#2844=PLANE('',#3205);
#2845=PLANE('',#3206);
#2846=PLANE('',#3209);
#2847=PLANE('',#3210);
#2848=PLANE('',#3211);
#2849=PLANE('',#3212);
#2850=PLANE('',#3213);
#2851=PLANE('',#3215);
#2852=PLANE('',#3217);
#2853=PLANE('',#3218);
#2854=PLANE('',#3219);
#2855=PLANE('',#3220);
#2856=PLANE('',#3222);
#2857=PLANE('',#3226);
#2858=PLANE('',#3227);
#2859=PLANE('',#3228);
#2860=PLANE('',#3229);
#2861=PLANE('',#3231);
#2862=PLANE('',#3232);
#2863=PLANE('',#3233);
#2864=PLANE('',#3234);
#2865=PLANE('',#3235);
#2866=PLANE('',#3243);
#2867=PLANE('',#3246);
#2868=PLANE('',#3248);
#2869=PLANE('',#3250);
#2870=PLANE('',#3251);
#2871=PLANE('',#3252);
#2872=PLANE('',#3253);
#2873=PLANE('',#3254);
#2874=PLANE('',#3261);
#2875=PLANE('',#3262);
#2876=PLANE('',#3263);
#2877=PLANE('',#3264);
#2878=PLANE('',#3265);
#2879=PLANE('',#3266);
#2880=PLANE('',#3267);
#2881=PLANE('',#3268);
#2882=PLANE('',#3269);
#2883=PLANE('',#3279);
#2884=PLANE('',#3280);
#2885=PLANE('',#3281);
#2886=PLANE('',#3282);
#2887=ADVANCED_FACE('',(#153),#2755,.T.);
#2888=ADVANCED_FACE('',(#154),#2756,.T.);
#2889=ADVANCED_FACE('',(#155),#2757,.F.);
#2890=ADVANCED_FACE('',(#156),#2758,.F.);
#2891=ADVANCED_FACE('',(#157),#2759,.F.);
#2892=ADVANCED_FACE('',(#158),#2760,.F.);
#2893=ADVANCED_FACE('',(#159),#2761,.T.);
#2894=ADVANCED_FACE('',(#160),#2762,.T.);
#2895=ADVANCED_FACE('',(#161),#2763,.T.);
#2896=ADVANCED_FACE('',(#162),#2764,.T.);
#2897=ADVANCED_FACE('',(#163),#2765,.F.);
#2898=ADVANCED_FACE('',(#164),#2766,.F.);
#2899=ADVANCED_FACE('',(#165),#2767,.F.);
#2900=ADVANCED_FACE('',(#166),#2768,.F.);
#2901=ADVANCED_FACE('',(#167),#2769,.F.);
#2902=ADVANCED_FACE('',(#168,#53),#2770,.T.);
#2903=ADVANCED_FACE('',(#169),#2771,.T.);
#2904=ADVANCED_FACE('',(#170),#2772,.F.);
#2905=ADVANCED_FACE('',(#171),#2773,.F.);
#2906=ADVANCED_FACE('',(#172,#54),#2774,.F.);
#2907=ADVANCED_FACE('',(#173,#55,#56),#2775,.T.);
#2908=ADVANCED_FACE('',(#174),#2776,.T.);
#2909=ADVANCED_FACE('',(#175),#2777,.F.);
#2910=ADVANCED_FACE('',(#176),#2778,.T.);
#2911=ADVANCED_FACE('',(#177,#57,#58),#2779,.T.);
#2912=ADVANCED_FACE('',(#178),#2780,.F.);
#2913=ADVANCED_FACE('',(#179),#2781,.F.);
#2914=ADVANCED_FACE('',(#180),#2782,.F.);
#2915=ADVANCED_FACE('',(#181),#2783,.F.);
#2916=ADVANCED_FACE('',(#182,#59),#2784,.F.);
#2917=ADVANCED_FACE('',(#183,#60),#2785,.T.);
#2918=ADVANCED_FACE('',(#184),#2786,.F.);
#2919=ADVANCED_FACE('',(#185),#2787,.F.);
#2920=ADVANCED_FACE('',(#186),#2788,.F.);
#2921=ADVANCED_FACE('',(#187,#61),#2789,.F.);
#2922=ADVANCED_FACE('',(#188,#62),#2790,.T.);
#2923=ADVANCED_FACE('',(#189),#27,.F.);
#2924=ADVANCED_FACE('',(#190),#28,.F.);
#2925=ADVANCED_FACE('',(#191),#2791,.F.);
#2926=ADVANCED_FACE('',(#192),#2792,.F.);
#2927=ADVANCED_FACE('',(#193),#2793,.F.);
#2928=ADVANCED_FACE('',(#194,#63),#2794,.F.);
#2929=ADVANCED_FACE('',(#195),#2795,.F.);
#2930=ADVANCED_FACE('',(#196),#2796,.F.);
#2931=ADVANCED_FACE('',(#197),#2797,.F.);
#2932=ADVANCED_FACE('',(#198),#2798,.F.);
#2933=ADVANCED_FACE('',(#199,#64),#2799,.F.);
#2934=ADVANCED_FACE('',(#200),#29,.F.);
#2935=ADVANCED_FACE('',(#201),#30,.F.);
#2936=ADVANCED_FACE('',(#202),#31,.F.);
#2937=ADVANCED_FACE('',(#203),#2800,.F.);
#2938=ADVANCED_FACE('',(#204),#32,.F.);
#2939=ADVANCED_FACE('',(#205),#2801,.F.);
#2940=ADVANCED_FACE('',(#206),#33,.F.);
#2941=ADVANCED_FACE('',(#207),#2802,.T.);
#2942=ADVANCED_FACE('',(#208),#34,.F.);
#2943=ADVANCED_FACE('',(#209),#2803,.T.);
#2944=ADVANCED_FACE('',(#210),#2804,.F.);
#2945=ADVANCED_FACE('',(#211),#2805,.F.);
#2946=ADVANCED_FACE('',(#212),#2806,.F.);
#2947=ADVANCED_FACE('',(#213),#2807,.F.);
#2948=ADVANCED_FACE('',(#214),#35,.F.);
#2949=ADVANCED_FACE('',(#215),#36,.F.);
#2950=ADVANCED_FACE('',(#216),#2808,.T.);
#2951=ADVANCED_FACE('',(#217),#2809,.T.);
#2952=ADVANCED_FACE('',(#218),#2810,.T.);
#2953=ADVANCED_FACE('',(#219),#2811,.F.);
#2954=ADVANCED_FACE('',(#220),#2812,.F.);
#2955=ADVANCED_FACE('',(#221),#2813,.F.);
#2956=ADVANCED_FACE('',(#222),#2814,.T.);
#2957=ADVANCED_FACE('',(#223),#2815,.T.);
#2958=ADVANCED_FACE('',(#224),#2816,.T.);
#2959=ADVANCED_FACE('',(#225),#37,.F.);
#2960=ADVANCED_FACE('',(#226),#38,.F.);
#2961=ADVANCED_FACE('',(#227),#39,.F.);
#2962=ADVANCED_FACE('',(#228,#65,#66,#67,#68,#69),#2817,.T.);
#2963=ADVANCED_FACE('',(#229,#70,#71,#72,#73,#74,#75,#76),#2818,.T.);
#2964=ADVANCED_FACE('',(#230),#2819,.T.);
#2965=ADVANCED_FACE('',(#231),#2820,.T.);
#2966=ADVANCED_FACE('',(#232),#2821,.F.);
#2967=ADVANCED_FACE('',(#233),#2822,.F.);
#2968=ADVANCED_FACE('',(#234),#2823,.T.);
#2969=ADVANCED_FACE('',(#235),#2824,.T.);
#2970=ADVANCED_FACE('',(#236),#2825,.T.);
#2971=ADVANCED_FACE('',(#237),#2826,.T.);
#2972=ADVANCED_FACE('',(#238),#2827,.F.);
#2973=ADVANCED_FACE('',(#239),#2828,.F.);
#2974=ADVANCED_FACE('',(#240),#2829,.F.);
#2975=ADVANCED_FACE('',(#241),#2830,.F.);
#2976=ADVANCED_FACE('',(#242),#2831,.T.);
#2977=ADVANCED_FACE('',(#243),#2832,.T.);
#2978=ADVANCED_FACE('',(#244),#2833,.T.);
#2979=ADVANCED_FACE('',(#245),#2834,.T.);
#2980=ADVANCED_FACE('',(#246),#2835,.T.);
#2981=ADVANCED_FACE('',(#247,#77),#2836,.F.);
#2982=ADVANCED_FACE('',(#248),#2837,.F.);
#2983=ADVANCED_FACE('',(#249),#2838,.T.);
#2984=ADVANCED_FACE('',(#250),#2839,.T.);
#2985=ADVANCED_FACE('',(#251,#78),#2840,.T.);
#2986=ADVANCED_FACE('',(#252,#79,#80),#2841,.F.);
#2987=ADVANCED_FACE('',(#253),#2842,.F.);
#2988=ADVANCED_FACE('',(#254),#2843,.T.);
#2989=ADVANCED_FACE('',(#255),#2844,.F.);
#2990=ADVANCED_FACE('',(#256,#81,#82),#2845,.F.);
#2991=ADVANCED_FACE('',(#257),#2846,.T.);
#2992=ADVANCED_FACE('',(#258),#2847,.T.);
#2993=ADVANCED_FACE('',(#259),#2848,.T.);
#2994=ADVANCED_FACE('',(#260),#2849,.T.);
#2995=ADVANCED_FACE('',(#261,#83),#2850,.T.);
#2996=ADVANCED_FACE('',(#262,#84),#2851,.F.);
#2997=ADVANCED_FACE('',(#263),#2852,.T.);
#2998=ADVANCED_FACE('',(#264),#2853,.T.);
#2999=ADVANCED_FACE('',(#265),#2854,.T.);
#3000=ADVANCED_FACE('',(#266,#85),#2855,.T.);
#3001=ADVANCED_FACE('',(#267,#86),#2856,.F.);
#3002=ADVANCED_FACE('',(#268),#40,.F.);
#3003=ADVANCED_FACE('',(#269),#41,.F.);
#3004=ADVANCED_FACE('',(#270),#2857,.T.);
#3005=ADVANCED_FACE('',(#271),#2858,.T.);
#3006=ADVANCED_FACE('',(#272),#2859,.T.);
#3007=ADVANCED_FACE('',(#273,#87),#2860,.T.);
#3008=ADVANCED_FACE('',(#274),#2861,.T.);
#3009=ADVANCED_FACE('',(#275),#2862,.T.);
#3010=ADVANCED_FACE('',(#276),#2863,.T.);
#3011=ADVANCED_FACE('',(#277),#2864,.T.);
#3012=ADVANCED_FACE('',(#278,#88),#2865,.T.);
#3013=ADVANCED_FACE('',(#279),#42,.F.);
#3014=ADVANCED_FACE('',(#280),#43,.F.);
#3015=ADVANCED_FACE('',(#281),#44,.F.);
#3016=ADVANCED_FACE('',(#282),#2866,.T.);
#3017=ADVANCED_FACE('',(#283),#45,.F.);
#3018=ADVANCED_FACE('',(#284),#2867,.T.);
#3019=ADVANCED_FACE('',(#285),#46,.F.);
#3020=ADVANCED_FACE('',(#286),#2868,.F.);
#3021=ADVANCED_FACE('',(#287),#47,.F.);
#3022=ADVANCED_FACE('',(#288),#2869,.F.);
#3023=ADVANCED_FACE('',(#289),#2870,.T.);
#3024=ADVANCED_FACE('',(#290),#2871,.T.);
#3025=ADVANCED_FACE('',(#291),#2872,.T.);
#3026=ADVANCED_FACE('',(#292),#2873,.T.);
#3027=ADVANCED_FACE('',(#293),#48,.F.);
#3028=ADVANCED_FACE('',(#294),#49,.F.);
#3029=ADVANCED_FACE('',(#295),#2874,.F.);
#3030=ADVANCED_FACE('',(#296),#2875,.F.);
#3031=ADVANCED_FACE('',(#297),#2876,.F.);
#3032=ADVANCED_FACE('',(#298),#2877,.T.);
#3033=ADVANCED_FACE('',(#299),#2878,.T.);
#3034=ADVANCED_FACE('',(#300),#2879,.T.);
#3035=ADVANCED_FACE('',(#301),#2880,.F.);
#3036=ADVANCED_FACE('',(#302),#2881,.F.);
#3037=ADVANCED_FACE('',(#303),#2882,.F.);
#3038=ADVANCED_FACE('',(#304),#50,.F.);
#3039=ADVANCED_FACE('',(#305),#51,.F.);
#3040=ADVANCED_FACE('',(#306),#52,.F.);
#3041=ADVANCED_FACE('',(#307,#89,#90,#91,#92,#93),#2883,.F.);
#3042=ADVANCED_FACE('',(#308,#94,#95,#96,#97,#98,#99,#100),#2884,.F.);
#3043=ADVANCED_FACE('',(#309),#2885,.F.);
#3044=ADVANCED_FACE('',(#310),#2886,.F.);
#3045=CLOSED_SHELL('',(#2887,#2888,#2889,#2890,#2891,#2892,#2893,#2894,
#2895,#2896,#2897,#2898,#2899,#2900,#2901,#2902,#2903,#2904,#2905,#2906,
#2907,#2908,#2909,#2910,#2911,#2912,#2913,#2914,#2915,#2916,#2917,#2918,
#2919,#2920,#2921,#2922,#2923,#2924,#2925,#2926,#2927,#2928,#2929,#2930,
#2931,#2932,#2933,#2934,#2935,#2936,#2937,#2938,#2939,#2940,#2941,#2942,
#2943,#2944,#2945,#2946,#2947,#2948,#2949,#2950,#2951,#2952,#2953,#2954,
#2955,#2956,#2957,#2958,#2959,#2960,#2961,#2962,#2963,#2964,#2965));
#3046=CLOSED_SHELL('',(#2966,#2967,#2968,#2969,#2970,#2971,#2972,#2973,
#2974,#2975,#2976,#2977,#2978,#2979,#2980,#2981,#2982,#2983,#2984,#2985,
#2986,#2987,#2988,#2989,#2990,#2991,#2992,#2993,#2994,#2995,#2996,#2997,
#2998,#2999,#3000,#3001,#3002,#3003,#3004,#3005,#3006,#3007,#3008,#3009,
#3010,#3011,#3012,#3013,#3014,#3015,#3016,#3017,#3018,#3019,#3020,#3021,
#3022,#3023,#3024,#3025,#3026,#3027,#3028,#3029,#3030,#3031,#3032,#3033,
#3034,#3035,#3036,#3037,#3038,#3039,#3040,#3041,#3042,#3043,#3044));
#3047=DERIVED_UNIT_ELEMENT(#3051,1.);
#3048=DERIVED_UNIT_ELEMENT(#4935,-3.);
#3049=DERIVED_UNIT_ELEMENT(#3051,1.);
#3050=DERIVED_UNIT_ELEMENT(#4935,-3.);
#3051=(
MASS_UNIT()
NAMED_UNIT(*)
SI_UNIT(.KILO.,.GRAM.)
);
#3052=DERIVED_UNIT((#3047,#3048));
#3053=DERIVED_UNIT((#3049,#3050));
#3054=MEASURE_REPRESENTATION_ITEM('density measure',
POSITIVE_RATIO_MEASURE(7850.),#3052);
#3055=MEASURE_REPRESENTATION_ITEM('density measure',
POSITIVE_RATIO_MEASURE(7850.),#3053);
#3056=PROPERTY_DEFINITION_REPRESENTATION(#3066,#3060);
#3057=PROPERTY_DEFINITION_REPRESENTATION(#3067,#3061);
#3058=PROPERTY_DEFINITION_REPRESENTATION(#3068,#3062);
#3059=PROPERTY_DEFINITION_REPRESENTATION(#3069,#3063);
#3060=REPRESENTATION('material name',(#3064),#4931);
#3061=REPRESENTATION('density',(#3054),#4931);
#3062=REPRESENTATION('material name',(#3065),#4932);
#3063=REPRESENTATION('density',(#3055),#4932);
#3064=DESCRIPTIVE_REPRESENTATION_ITEM('Steel','Steel');
#3065=DESCRIPTIVE_REPRESENTATION_ITEM('Steel','Steel');
#3066=PROPERTY_DEFINITION('material property','material name',#4951);
#3067=PROPERTY_DEFINITION('material property','density of part',#4951);
#3068=PROPERTY_DEFINITION('material property','material name',#4952);
#3069=PROPERTY_DEFINITION('material property','density of part',#4952);
#3070=AXIS2_PLACEMENT_3D('',#4077,#3285,#3286);
#3071=AXIS2_PLACEMENT_3D('',#4078,#3287,#3288);
#3072=AXIS2_PLACEMENT_3D('',#4079,#3289,#3290);
#3073=AXIS2_PLACEMENT_3D('',#4088,#3295,#3296);
#3074=AXIS2_PLACEMENT_3D('',#4097,#3301,#3302);
#3075=AXIS2_PLACEMENT_3D('',#4104,#3307,#3308);
#3076=AXIS2_PLACEMENT_3D('',#4113,#3313,#3314);
#3077=AXIS2_PLACEMENT_3D('',#4119,#3318,#3319);
#3078=AXIS2_PLACEMENT_3D('',#4124,#3323,#3324);
#3079=AXIS2_PLACEMENT_3D('',#4136,#3331,#3332);
#3080=AXIS2_PLACEMENT_3D('',#4145,#3337,#3338);
#3081=AXIS2_PLACEMENT_3D('',#4155,#3344,#3345);
#3082=AXIS2_PLACEMENT_3D('',#4161,#3349,#3350);
#3083=AXIS2_PLACEMENT_3D('',#4167,#3354,#3355);
#3084=AXIS2_PLACEMENT_3D('',#4171,#3358,#3359);
#3085=AXIS2_PLACEMENT_3D('',#4175,#3362,#3363);
#3086=AXIS2_PLACEMENT_3D('',#4184,#3368,#3369);
#3087=AXIS2_PLACEMENT_3D('',#4193,#3374,#3375);
#3088=AXIS2_PLACEMENT_3D('',#4205,#3382,#3383);
#3089=AXIS2_PLACEMENT_3D('',#4206,#3384,#3385);
#3090=AXIS2_PLACEMENT_3D('',#4218,#3392,#3393);
#3091=AXIS2_PLACEMENT_3D('',#4227,#3398,#3399);
#3092=AXIS2_PLACEMENT_3D('',#4236,#3404,#3405);
#3093=AXIS2_PLACEMENT_3D('',#4244,#3410,#3411);
#3094=AXIS2_PLACEMENT_3D('',#4245,#3412,#3413);
#3095=AXIS2_PLACEMENT_3D('',#4260,#3421,#3422);
#3096=AXIS2_PLACEMENT_3D('',#4262,#3423,#3424);
#3097=AXIS2_PLACEMENT_3D('',#4263,#3425,#3426);
#3098=AXIS2_PLACEMENT_3D('',#4269,#3430,#3431);
#3099=AXIS2_PLACEMENT_3D('',#4275,#3435,#3436);
#3100=AXIS2_PLACEMENT_3D('',#4284,#3441,#3442);
#3101=AXIS2_PLACEMENT_3D('',#4296,#3449,#3450);
#3102=AXIS2_PLACEMENT_3D('',#4298,#3451,#3452);
#3103=AXIS2_PLACEMENT_3D('',#4299,#3453,#3454);
#3104=AXIS2_PLACEMENT_3D('',#4305,#3458,#3459);
#3105=AXIS2_PLACEMENT_3D('',#4311,#3463,#3464);
#3106=AXIS2_PLACEMENT_3D('',#4317,#3468,#3469);
#3107=AXIS2_PLACEMENT_3D('',#4320,#3472,#3473);
#3108=AXIS2_PLACEMENT_3D('',#4322,#3474,#3475);
#3109=AXIS2_PLACEMENT_3D('',#4323,#3476,#3477);
#3110=AXIS2_PLACEMENT_3D('',#4326,#3479,#3480);
#3111=AXIS2_PLACEMENT_3D('',#4327,#3481,#3482);
#3112=AXIS2_PLACEMENT_3D('',#4331,#3485,#3486);
#3113=AXIS2_PLACEMENT_3D('',#4335,#3489,#3490);
#3114=AXIS2_PLACEMENT_3D('',#4338,#3493,#3494);
#3115=AXIS2_PLACEMENT_3D('',#4340,#3495,#3496);
#3116=AXIS2_PLACEMENT_3D('',#4341,#3497,#3498);
#3117=AXIS2_PLACEMENT_3D('',#4344,#3500,#3501);
#3118=AXIS2_PLACEMENT_3D('',#4345,#3502,#3503);
#3119=AXIS2_PLACEMENT_3D('',#4347,#3505,#3506);
#3120=AXIS2_PLACEMENT_3D('',#4349,#3508,#3509);
#3121=AXIS2_PLACEMENT_3D('',#4353,#3512,#3513);
#3122=AXIS2_PLACEMENT_3D('',#4357,#3516,#3517);
#3123=AXIS2_PLACEMENT_3D('',#4359,#3519,#3520);
#3124=AXIS2_PLACEMENT_3D('',#4362,#3522,#3523);
#3125=AXIS2_PLACEMENT_3D('',#4363,#3524,#3525);
#3126=AXIS2_PLACEMENT_3D('',#4367,#3528,#3529);
#3127=AXIS2_PLACEMENT_3D('',#4371,#3532,#3533);
#3128=AXIS2_PLACEMENT_3D('',#4375,#3536,#3537);
#3129=AXIS2_PLACEMENT_3D('',#4377,#3539,#3540);
#3130=AXIS2_PLACEMENT_3D('',#4380,#3542,#3543);
#3131=AXIS2_PLACEMENT_3D('',#4381,#3544,#3545);
#3132=AXIS2_PLACEMENT_3D('',#4384,#3547,#3548);
#3133=AXIS2_PLACEMENT_3D('',#4385,#3549,#3550);
#3134=AXIS2_PLACEMENT_3D('',#4388,#3552,#3553);
#3135=AXIS2_PLACEMENT_3D('',#4389,#3554,#3555);
#3136=AXIS2_PLACEMENT_3D('',#4392,#3557,#3558);
#3137=AXIS2_PLACEMENT_3D('',#4393,#3559,#3560);
#3138=AXIS2_PLACEMENT_3D('',#4394,#3561,#3562);
#3139=AXIS2_PLACEMENT_3D('',#4397,#3564,#3565);
#3140=AXIS2_PLACEMENT_3D('',#4398,#3566,#3567);
#3141=AXIS2_PLACEMENT_3D('',#4399,#3568,#3569);
#3142=AXIS2_PLACEMENT_3D('',#4401,#3571,#3572);
#3143=AXIS2_PLACEMENT_3D('',#4402,#3573,#3574);
#3144=AXIS2_PLACEMENT_3D('',#4404,#3576,#3577);
#3145=AXIS2_PLACEMENT_3D('',#4405,#3578,#3579);
#3146=AXIS2_PLACEMENT_3D('',#4412,#3583,#3584);
#3147=AXIS2_PLACEMENT_3D('',#4419,#3588,#3589);
#3148=AXIS2_PLACEMENT_3D('',#4426,#3593,#3594);
#3149=AXIS2_PLACEMENT_3D('',#4433,#3598,#3599);
#3150=AXIS2_PLACEMENT_3D('',#4435,#3600,#3601);
#3151=AXIS2_PLACEMENT_3D('',#4438,#3603,#3604);
#3152=AXIS2_PLACEMENT_3D('',#4439,#3605,#3606);
#3153=AXIS2_PLACEMENT_3D('',#4441,#3607,#3608);
#3154=AXIS2_PLACEMENT_3D('',#4444,#3610,#3611);
#3155=AXIS2_PLACEMENT_3D('',#4445,#3612,#3613);
#3156=AXIS2_PLACEMENT_3D('',#4452,#3620,#3621);
#3157=AXIS2_PLACEMENT_3D('',#4454,#3623,#3624);
#3158=AXIS2_PLACEMENT_3D('',#4456,#3626,#3627);
#3159=AXIS2_PLACEMENT_3D('',#4462,#3631,#3632);
#3160=AXIS2_PLACEMENT_3D('',#4468,#3636,#3637);
#3161=AXIS2_PLACEMENT_3D('',#4471,#3640,#3641);
#3162=AXIS2_PLACEMENT_3D('',#4473,#3643,#3644);
#3163=AXIS2_PLACEMENT_3D('',#4475,#3646,#3647);
#3164=AXIS2_PLACEMENT_3D('',#4476,#3648,#3649);
#3165=AXIS2_PLACEMENT_3D('',#4478,#3650,#3651);
#3166=AXIS2_PLACEMENT_3D('',#4481,#3653,#3654);
#3167=AXIS2_PLACEMENT_3D('',#4482,#3655,#3656);
#3168=AXIS2_PLACEMENT_3D('',#4484,#3657,#3658);
#3169=AXIS2_PLACEMENT_3D('',#4487,#3660,#3661);
#3170=AXIS2_PLACEMENT_3D('',#4488,#3662,#3663);
#3171=AXIS2_PLACEMENT_3D('',#4490,#3664,#3665);
#3172=AXIS2_PLACEMENT_3D('',#4493,#3667,#3668);
#3173=AXIS2_PLACEMENT_3D('',#4494,#3669,#3670);
#3174=AXIS2_PLACEMENT_3D('',#4496,#3672,#3673);
#3175=AXIS2_PLACEMENT_3D('',#4498,#3675,#3676);
#3176=AXIS2_PLACEMENT_3D('',#4500,#3678,#3679);
#3177=AXIS2_PLACEMENT_3D('',#4501,#3680,#3681);
#3178=AXIS2_PLACEMENT_3D('',#4502,#3682,#3683);
#3179=AXIS2_PLACEMENT_3D('',#4511,#3688,#3689);
#3180=AXIS2_PLACEMENT_3D('',#4520,#3694,#3695);
#3181=AXIS2_PLACEMENT_3D('',#4527,#3700,#3701);
#3182=AXIS2_PLACEMENT_3D('',#4536,#3706,#3707);
#3183=AXIS2_PLACEMENT_3D('',#4542,#3711,#3712);
#3184=AXIS2_PLACEMENT_3D('',#4547,#3716,#3717);
#3185=AXIS2_PLACEMENT_3D('',#4559,#3724,#3725);
#3186=AXIS2_PLACEMENT_3D('',#4568,#3730,#3731);
#3187=AXIS2_PLACEMENT_3D('',#4578,#3737,#3738);
#3188=AXIS2_PLACEMENT_3D('',#4584,#3742,#3743);
#3189=AXIS2_PLACEMENT_3D('',#4590,#3747,#3748);
#3190=AXIS2_PLACEMENT_3D('',#4594,#3751,#3752);
#3191=AXIS2_PLACEMENT_3D('',#4598,#3755,#3756);
#3192=AXIS2_PLACEMENT_3D('',#4607,#3761,#3762);
#3193=AXIS2_PLACEMENT_3D('',#4616,#3767,#3768);
#3194=AXIS2_PLACEMENT_3D('',#4628,#3775,#3776);
#3195=AXIS2_PLACEMENT_3D('',#4629,#3777,#3778);
#3196=AXIS2_PLACEMENT_3D('',#4641,#3785,#3786);
#3197=AXIS2_PLACEMENT_3D('',#4650,#3791,#3792);
#3198=AXIS2_PLACEMENT_3D('',#4659,#3797,#3798);
#3199=AXIS2_PLACEMENT_3D('',#4667,#3803,#3804);
#3200=AXIS2_PLACEMENT_3D('',#4668,#3805,#3806);
#3201=AXIS2_PLACEMENT_3D('',#4683,#3814,#3815);
#3202=AXIS2_PLACEMENT_3D('',#4685,#3816,#3817);
#3203=AXIS2_PLACEMENT_3D('',#4686,#3818,#3819);
#3204=AXIS2_PLACEMENT_3D('',#4692,#3823,#3824);
#3205=AXIS2_PLACEMENT_3D('',#4698,#3828,#3829);
#3206=AXIS2_PLACEMENT_3D('',#4707,#3834,#3835);
#3207=AXIS2_PLACEMENT_3D('',#4719,#3842,#3843);
#3208=AXIS2_PLACEMENT_3D('',#4721,#3844,#3845);
#3209=AXIS2_PLACEMENT_3D('',#4722,#3846,#3847);
#3210=AXIS2_PLACEMENT_3D('',#4728,#3851,#3852);
#3211=AXIS2_PLACEMENT_3D('',#4734,#3856,#3857);
#3212=AXIS2_PLACEMENT_3D('',#4740,#3861,#3862);
#3213=AXIS2_PLACEMENT_3D('',#4743,#3865,#3866);
#3214=AXIS2_PLACEMENT_3D('',#4745,#3867,#3868);
#3215=AXIS2_PLACEMENT_3D('',#4746,#3869,#3870);
#3216=AXIS2_PLACEMENT_3D('',#4749,#3872,#3873);
#3217=AXIS2_PLACEMENT_3D('',#4750,#3874,#3875);
#3218=AXIS2_PLACEMENT_3D('',#4754,#3878,#3879);
#3219=AXIS2_PLACEMENT_3D('',#4758,#3882,#3883);
#3220=AXIS2_PLACEMENT_3D('',#4761,#3886,#3887);
#3221=AXIS2_PLACEMENT_3D('',#4763,#3888,#3889);
#3222=AXIS2_PLACEMENT_3D('',#4764,#3890,#3891);
#3223=AXIS2_PLACEMENT_3D('',#4767,#3893,#3894);
#3224=AXIS2_PLACEMENT_3D('',#4768,#3895,#3896);
#3225=AXIS2_PLACEMENT_3D('',#4770,#3898,#3899);
#3226=AXIS2_PLACEMENT_3D('',#4772,#3901,#3902);
#3227=AXIS2_PLACEMENT_3D('',#4776,#3905,#3906);
#3228=AXIS2_PLACEMENT_3D('',#4780,#3909,#3910);
#3229=AXIS2_PLACEMENT_3D('',#4782,#3912,#3913);
#3230=AXIS2_PLACEMENT_3D('',#4785,#3915,#3916);
#3231=AXIS2_PLACEMENT_3D('',#4786,#3917,#3918);
#3232=AXIS2_PLACEMENT_3D('',#4790,#3921,#3922);
#3233=AXIS2_PLACEMENT_3D('',#4794,#3925,#3926);
#3234=AXIS2_PLACEMENT_3D('',#4798,#3929,#3930);
#3235=AXIS2_PLACEMENT_3D('',#4800,#3932,#3933);
#3236=AXIS2_PLACEMENT_3D('',#4803,#3935,#3936);
#3237=AXIS2_PLACEMENT_3D('',#4804,#3937,#3938);
#3238=AXIS2_PLACEMENT_3D('',#4807,#3940,#3941);
#3239=AXIS2_PLACEMENT_3D('',#4808,#3942,#3943);
#3240=AXIS2_PLACEMENT_3D('',#4811,#3945,#3946);
#3241=AXIS2_PLACEMENT_3D('',#4812,#3947,#3948);
#3242=AXIS2_PLACEMENT_3D('',#4815,#3950,#3951);
#3243=AXIS2_PLACEMENT_3D('',#4816,#3952,#3953);
#3244=AXIS2_PLACEMENT_3D('',#4817,#3954,#3955);
#3245=AXIS2_PLACEMENT_3D('',#4820,#3957,#3958);
#3246=AXIS2_PLACEMENT_3D('',#4821,#3959,#3960);
#3247=AXIS2_PLACEMENT_3D('',#4822,#3961,#3962);
#3248=AXIS2_PLACEMENT_3D('',#4824,#3964,#3965);
#3249=AXIS2_PLACEMENT_3D('',#4825,#3966,#3967);
#3250=AXIS2_PLACEMENT_3D('',#4827,#3969,#3970);
#3251=AXIS2_PLACEMENT_3D('',#4828,#3971,#3972);
#3252=AXIS2_PLACEMENT_3D('',#4835,#3976,#3977);
#3253=AXIS2_PLACEMENT_3D('',#4842,#3981,#3982);
#3254=AXIS2_PLACEMENT_3D('',#4849,#3986,#3987);
#3255=AXIS2_PLACEMENT_3D('',#4856,#3991,#3992);
#3256=AXIS2_PLACEMENT_3D('',#4858,#3993,#3994);
#3257=AXIS2_PLACEMENT_3D('',#4861,#3996,#3997);
#3258=AXIS2_PLACEMENT_3D('',#4862,#3998,#3999);
#3259=AXIS2_PLACEMENT_3D('',#4864,#4000,#4001);
#3260=AXIS2_PLACEMENT_3D('',#4867,#4003,#4004);
#3261=AXIS2_PLACEMENT_3D('',#4868,#4005,#4006);
#3262=AXIS2_PLACEMENT_3D('',#4875,#4013,#4014);
#3263=AXIS2_PLACEMENT_3D('',#4877,#4016,#4017);
#3264=AXIS2_PLACEMENT_3D('',#4879,#4019,#4020);
#3265=AXIS2_PLACEMENT_3D('',#4885,#4024,#4025);
#3266=AXIS2_PLACEMENT_3D('',#4891,#4029,#4030);
#3267=AXIS2_PLACEMENT_3D('',#4894,#4033,#4034);
#3268=AXIS2_PLACEMENT_3D('',#4896,#4036,#4037);
#3269=AXIS2_PLACEMENT_3D('',#4898,#4039,#4040);
#3270=AXIS2_PLACEMENT_3D('',#4899,#4041,#4042);
#3271=AXIS2_PLACEMENT_3D('',#4901,#4043,#4044);
#3272=AXIS2_PLACEMENT_3D('',#4904,#4046,#4047);
#3273=AXIS2_PLACEMENT_3D('',#4905,#4048,#4049);
#3274=AXIS2_PLACEMENT_3D('',#4907,#4050,#4051);
#3275=AXIS2_PLACEMENT_3D('',#4910,#4053,#4054);
#3276=AXIS2_PLACEMENT_3D('',#4911,#4055,#4056);
#3277=AXIS2_PLACEMENT_3D('',#4913,#4057,#4058);
#3278=AXIS2_PLACEMENT_3D('',#4916,#4060,#4061);
#3279=AXIS2_PLACEMENT_3D('',#4917,#4062,#4063);
#3280=AXIS2_PLACEMENT_3D('',#4919,#4065,#4066);
#3281=AXIS2_PLACEMENT_3D('',#4921,#4068,#4069);
#3282=AXIS2_PLACEMENT_3D('',#4923,#4071,#4072);
#3283=AXIS2_PLACEMENT_3D('',#4924,#4073,#4074);
#3284=AXIS2_PLACEMENT_3D('',#4925,#4075,#4076);
#3285=DIRECTION('axis',(0.,0.,1.));
#3286=DIRECTION('refdir',(1.,0.,0.));
#3287=DIRECTION('axis',(0.,0.,1.));
#3288=DIRECTION('refdir',(1.,0.,0.));
#3289=DIRECTION('center_axis',(0.,-0.258819045102519,0.965925826289069));
#3290=DIRECTION('ref_axis',(0.,-0.965925826289069,-0.258819045102519));
#3291=DIRECTION('',(1.,0.,0.));
#3292=DIRECTION('',(0.,0.965925826289069,0.258819045102519));
#3293=DIRECTION('',(1.,0.,0.));
#3294=DIRECTION('',(0.,-0.965925826289069,-0.258819045102519));
#3295=DIRECTION('center_axis',(0.,0.707106781186548,-0.707106781186547));
#3296=DIRECTION('ref_axis',(0.,0.707106781186547,0.707106781186548));
#3297=DIRECTION('',(-1.,0.,0.));
#3298=DIRECTION('',(0.,0.707106781186547,0.707106781186548));
#3299=DIRECTION('',(1.,0.,0.));
#3300=DIRECTION('',(0.,0.707106781186547,0.707106781186548));
#3301=DIRECTION('center_axis',(1.,0.,0.));
#3302=DIRECTION('ref_axis',(0.,1.,0.));
#3303=DIRECTION('',(0.,-8.65333195978135E-16,-1.));
#3304=DIRECTION('',(0.,0.866025403784438,-0.500000000000001));
#3305=DIRECTION('',(0.,-0.707106219228255,0.707107343144394));
#3306=DIRECTION('',(0.,0.,1.));
#3307=DIRECTION('center_axis',(0.,-0.500000000000001,-0.866025403784438));
#3308=DIRECTION('ref_axis',(0.,0.866025403784438,-0.500000000000001));
#3309=DIRECTION('',(1.,0.,0.));
#3310=DIRECTION('',(0.,0.866025403784438,-0.500000000000001));
#3311=DIRECTION('',(1.,0.,0.));
#3312=DIRECTION('',(0.,0.866025403784438,-0.500000000000001));
#3313=DIRECTION('center_axis',(0.,-1.,1.53837012618335E-15));
#3314=DIRECTION('ref_axis',(0.,-1.53837012618335E-15,-1.));
#3315=DIRECTION('',(1.,0.,0.));
#3316=DIRECTION('',(0.,-1.53837012618335E-15,-1.));
#3317=DIRECTION('',(0.,-1.53837012618335E-15,-1.));
#3318=DIRECTION('center_axis',(0.,-0.5,0.866025403784439));
#3319=DIRECTION('ref_axis',(0.,-0.866025403784439,-0.5));
#3320=DIRECTION('',(1.,0.,0.));
#3321=DIRECTION('',(0.,-0.866025403784439,-0.5));
#3322=DIRECTION('',(0.,-0.866025403784439,-0.5));
#3323=DIRECTION('center_axis',(0.,1.,0.));
#3324=DIRECTION('ref_axis',(0.,0.,-1.));
#3325=DIRECTION('',(0.,0.,-1.));
#3326=DIRECTION('',(-1.,0.,0.));
#3327=DIRECTION('',(0.,0.,-1.));
#3328=DIRECTION('',(-1.,0.,0.));
#3329=DIRECTION('',(0.,0.,-1.));
#3330=DIRECTION('',(-1.,0.,0.));
#3331=DIRECTION('center_axis',(0.,-1.,0.));
#3332=DIRECTION('ref_axis',(0.,0.,-1.));
#3333=DIRECTION('',(1.,0.,0.));
#3334=DIRECTION('',(0.,0.,1.));
#3335=DIRECTION('',(1.,0.,0.));
#3336=DIRECTION('',(0.,0.,-1.));
#3337=DIRECTION('center_axis',(-1.,0.,0.));
#3338=DIRECTION('ref_axis',(0.,0.,1.));
#3339=DIRECTION('',(0.,0.5,0.866025403784438));
#3340=DIRECTION('',(0.,0.,1.));
#3341=DIRECTION('',(0.,-1.,0.));
#3342=DIRECTION('',(0.,0.5,-0.866025403784439));
#3343=DIRECTION('',(0.,1.,-7.69185063091675E-16));
#3344=DIRECTION('center_axis',(0.,1.,0.));
#3345=DIRECTION('ref_axis',(0.,0.,1.));
#3346=DIRECTION('',(-1.,0.,0.));
#3347=DIRECTION('',(1.,0.,0.));
#3348=DIRECTION('',(0.,0.,-1.));
#3349=DIRECTION('center_axis',(0.,-0.866025403784438,0.5));
#3350=DIRECTION('ref_axis',(0.,-0.5,-0.866025403784438));
#3351=DIRECTION('',(1.,0.,0.));
#3352=DIRECTION('',(0.,-0.5,-0.866025403784438));
#3353=DIRECTION('',(1.,0.,0.));
#3354=DIRECTION('center_axis',(0.,7.69185063091675E-16,1.));
#3355=DIRECTION('ref_axis',(0.,-1.,7.69185063091675E-16));
#3356=DIRECTION('',(1.,0.,0.));
#3357=DIRECTION('',(0.,-1.,7.69185063091675E-16));
#3358=DIRECTION('center_axis',(0.,0.866025403784439,0.5));
#3359=DIRECTION('ref_axis',(0.,-0.5,0.866025403784439));
#3360=DIRECTION('',(1.,0.,0.));
#3361=DIRECTION('',(0.,-0.5,0.866025403784439));
#3362=DIRECTION('center_axis',(0.,0.258819045102519,-0.965925826289069));
#3363=DIRECTION('ref_axis',(0.,-0.965925826289069,-0.258819045102519));
#3364=DIRECTION('',(1.,0.,0.));
#3365=DIRECTION('',(0.,-0.965925826289069,-0.258819045102519));
#3366=DIRECTION('',(-1.,0.,0.));
#3367=DIRECTION('',(0.,0.965925826289069,0.258819045102519));
#3368=DIRECTION('center_axis',(0.,-0.707106781186548,0.707106781186547));
#3369=DIRECTION('ref_axis',(0.,0.707106781186547,0.707106781186548));
#3370=DIRECTION('',(-1.,0.,0.));
#3371=DIRECTION('',(0.,0.707106781186547,0.707106781186548));
#3372=DIRECTION('',(-1.,0.,0.));
#3373=DIRECTION('',(0.,0.707106781186547,0.707106781186548));
#3374=DIRECTION('center_axis',(1.,0.,0.));
#3375=DIRECTION('ref_axis',(0.,1.,0.));
#3376=DIRECTION('',(0.,0.,-1.));
#3377=DIRECTION('',(0.,0.707106219228255,-0.707107343144394));
#3378=DIRECTION('',(0.,0.866025403784439,0.5));
#3379=DIRECTION('',(0.,1.53837012618335E-15,1.));
#3380=DIRECTION('',(0.,-0.866025403784438,0.500000000000001));
#3381=DIRECTION('',(0.,-0.866025403784439,-0.499999999999999));
#3382=DIRECTION('center_axis',(1.,0.,0.));
#3383=DIRECTION('ref_axis',(0.,0.866025403784439,0.5));
#3384=DIRECTION('center_axis',(0.,1.,0.));
#3385=DIRECTION('ref_axis',(0.,0.,-1.));
#3386=DIRECTION('',(0.,0.,1.));
#3387=DIRECTION('',(-1.,0.,0.));
#3388=DIRECTION('',(0.,0.,-1.));
#3389=DIRECTION('',(-1.,0.,0.));
#3390=DIRECTION('',(0.,0.,1.));
#3391=DIRECTION('',(-1.,0.,0.));
#3392=DIRECTION('center_axis',(0.,1.,0.));
#3393=DIRECTION('ref_axis',(0.,0.,-1.));
#3394=DIRECTION('',(1.,0.,0.));
#3395=DIRECTION('',(0.,0.,-1.));
#3396=DIRECTION('',(-1.,0.,0.));
#3397=DIRECTION('',(0.,0.,1.));
#3398=DIRECTION('center_axis',(0.,-1.,0.));
#3399=DIRECTION('ref_axis',(0.,0.,1.));
#3400=DIRECTION('',(-1.,0.,0.));
#3401=DIRECTION('',(0.,0.,-1.));
#3402=DIRECTION('',(-1.,0.,0.));
#3403=DIRECTION('',(0.,0.,1.));
#3404=DIRECTION('center_axis',(-1.,0.,0.));
#3405=DIRECTION('ref_axis',(0.,0.,1.));
#3406=DIRECTION('',(0.,1.,0.));
#3407=DIRECTION('',(0.,-0.5,0.866025403784439));
#3408=DIRECTION('',(0.,-1.,1.15377759463751E-15));
#3409=DIRECTION('',(0.,-0.5,-0.866025403784438));
#3410=DIRECTION('center_axis',(1.,0.,0.));
#3411=DIRECTION('ref_axis',(0.,1.,0.));
#3412=DIRECTION('center_axis',(-1.,0.,0.));
#3413=DIRECTION('ref_axis',(0.,0.,1.));
#3414=DIRECTION('',(0.,-1.,0.));
#3415=DIRECTION('',(0.,0.707107202654555,-0.707106359718289));
#3416=DIRECTION('',(0.,-1.,0.));
#3417=DIRECTION('',(0.,0.,1.));
#3418=DIRECTION('',(0.,0.707106781186548,0.707106781186548));
#3419=DIRECTION('',(0.,1.,0.));
#3420=DIRECTION('',(0.,0.707106219228255,-0.707107343144394));
#3421=DIRECTION('center_axis',(1.,0.,0.));
#3422=DIRECTION('ref_axis',(0.,0.866025403784439,0.5));
#3423=DIRECTION('center_axis',(1.,0.,0.));
#3424=DIRECTION('ref_axis',(0.,1.,0.));
#3425=DIRECTION('center_axis',(0.,-0.707106359718289,-0.707107202654555));
#3426=DIRECTION('ref_axis',(0.,-0.707107202654555,0.707106359718289));
#3427=DIRECTION('',(-1.,0.,0.));
#3428=DIRECTION('',(0.468520922400314,0.624695556125844,-0.624694811431775));
#3429=DIRECTION('',(1.,0.,0.));
#3430=DIRECTION('center_axis',(-0.800000457763046,0.599999389648787,0.));
#3431=DIRECTION('ref_axis',(-0.599999389648787,-0.800000457763046,0.));
#3432=DIRECTION('',(-0.599999389648787,-0.800000457763046,0.));
#3433=DIRECTION('',(0.,0.,1.));
#3434=DIRECTION('',(-0.599999389648787,-0.800000457763046,0.));
#3435=DIRECTION('center_axis',(0.,-0.707106359718289,-0.707107202654555));
#3436=DIRECTION('ref_axis',(0.,-0.707107202654555,0.707106359718289));
#3437=DIRECTION('',(-1.,0.,0.));
#3438=DIRECTION('',(0.,-0.707107202654555,0.707106359718289));
#3439=DIRECTION('',(1.,0.,0.));
#3440=DIRECTION('',(0.577349580934362,-0.577350957444342,0.577350269189352));
#3441=DIRECTION('center_axis',(1.,0.,0.));
#3442=DIRECTION('ref_axis',(0.,1.,0.));
#3443=DIRECTION('',(0.,1.,0.));
#3444=DIRECTION('',(0.,0.707106219228255,-0.707107343144394));
#3445=DIRECTION('',(0.,1.,0.));
#3446=DIRECTION('',(0.,0.707106781186548,0.707106781186548));
#3447=DIRECTION('',(0.,0.,1.));
#3448=DIRECTION('',(0.,1.,0.));
#3449=DIRECTION('center_axis',(-1.,0.,0.));
#3450=DIRECTION('ref_axis',(0.,0.866025403784439,0.5));
#3451=DIRECTION('center_axis',(-1.,0.,0.));
#3452=DIRECTION('ref_axis',(0.,1.,0.));
#3453=DIRECTION('center_axis',(0.707107624122814,0.707105938249276,0.));
#3454=DIRECTION('ref_axis',(-0.707105938249276,0.707107624122814,0.));
#3455=DIRECTION('',(0.707105938249276,-0.707107624122814,0.));
#3456=DIRECTION('',(-0.707105938249276,0.707107624122814,0.));
#3457=DIRECTION('',(0.,0.,1.));
#3458=DIRECTION('center_axis',(0.,-0.866025403784439,-0.5));
#3459=DIRECTION('ref_axis',(0.,0.5,-0.866025403784439));
#3460=DIRECTION('',(0.,0.5,-0.866025403784439));
#3461=DIRECTION('',(1.,0.,0.));
#3462=DIRECTION('',(0.,0.5,-0.866025403784439));
#3463=DIRECTION('center_axis',(0.,0.866025403784438,-0.5));
#3464=DIRECTION('ref_axis',(0.,0.5,0.866025403784438));
#3465=DIRECTION('',(1.,0.,0.));
#3466=DIRECTION('',(0.,0.5,0.866025403784438));
#3467=DIRECTION('',(0.,0.5,0.866025403784438));
#3468=DIRECTION('center_axis',(0.,-1.15377759463751E-15,-1.));
#3469=DIRECTION('ref_axis',(0.,1.,-1.15377759463751E-15));
#3470=DIRECTION('',(0.,1.,-1.15377759463751E-15));
#3471=DIRECTION('',(0.,1.,-1.15377759463751E-15));
#3472=DIRECTION('center_axis',(1.,0.,0.));
#3473=DIRECTION('ref_axis',(0.,1.,0.));
#3474=DIRECTION('center_axis',(-1.,0.,0.));
#3475=DIRECTION('ref_axis',(0.,1.,0.));
#3476=DIRECTION('center_axis',(1.,0.,0.));
#3477=DIRECTION('ref_axis',(0.,1.,0.));
#3478=DIRECTION('',(0.,1.,0.));
#3479=DIRECTION('center_axis',(1.,0.,0.));
#3480=DIRECTION('ref_axis',(0.,1.,0.));
#3481=DIRECTION('center_axis',(0.,0.500000000000001,0.866025403784438));
#3482=DIRECTION('ref_axis',(0.,-0.866025403784438,0.500000000000001));
#3483=DIRECTION('',(1.,0.,0.));
#3484=DIRECTION('',(0.,-0.866025403784438,0.500000000000001));
#3485=DIRECTION('center_axis',(0.,1.,-8.65333195978135E-16));
#3486=DIRECTION('ref_axis',(0.,8.65333195978135E-16,1.));
#3487=DIRECTION('',(1.,0.,0.));
#3488=DIRECTION('',(0.,8.65333195978135E-16,1.));
#3489=DIRECTION('center_axis',(0.,0.499999999999999,-0.866025403784439));
#3490=DIRECTION('ref_axis',(0.,0.866025403784439,0.499999999999999));
#3491=DIRECTION('',(0.,0.866025403784439,0.499999999999999));
#3492=DIRECTION('',(0.,0.866025403784439,0.499999999999999));
#3493=DIRECTION('center_axis',(1.,0.,0.));
#3494=DIRECTION('ref_axis',(0.,1.,0.));
#3495=DIRECTION('center_axis',(-1.,0.,0.));
#3496=DIRECTION('ref_axis',(0.,0.866025403784439,0.5));
#3497=DIRECTION('center_axis',(1.,0.,0.));
#3498=DIRECTION('ref_axis',(0.,1.,0.));
#3499=DIRECTION('',(0.,0.707106219228255,-0.707107343144394));
#3500=DIRECTION('center_axis',(1.,0.,0.));
#3501=DIRECTION('ref_axis',(0.,0.866025403784439,0.5));
#3502=DIRECTION('center_axis',(1.,0.,0.));
#3503=DIRECTION('ref_axis',(0.,1.,0.));
#3504=DIRECTION('',(1.,0.,0.));
#3505=DIRECTION('center_axis',(1.,0.,0.));
#3506=DIRECTION('ref_axis',(0.,0.866025403784439,0.5));
#3507=DIRECTION('',(1.,0.,0.));
#3508=DIRECTION('center_axis',(0.,0.866025403784438,-0.5));
#3509=DIRECTION('ref_axis',(0.,-0.5,-0.866025403784438));
#3510=DIRECTION('',(0.,0.5,0.866025403784438));
#3511=DIRECTION('',(-1.,0.,0.));
#3512=DIRECTION('center_axis',(0.,-0.866025403784439,-0.5));
#3513=DIRECTION('ref_axis',(0.,-0.5,0.866025403784439));
#3514=DIRECTION('',(0.,0.5,-0.866025403784439));
#3515=DIRECTION('',(-1.,0.,0.));
#3516=DIRECTION('center_axis',(0.,-1.15377759463751E-15,-1.));
#3517=DIRECTION('ref_axis',(0.,-1.,1.15377759463751E-15));
#3518=DIRECTION('',(0.,1.,-1.15377759463751E-15));
#3519=DIRECTION('center_axis',(1.,0.,0.));
#3520=DIRECTION('ref_axis',(0.,1.,0.));
#3521=DIRECTION('',(0.,-1.,0.));
#3522=DIRECTION('center_axis',(-1.,0.,0.));
#3523=DIRECTION('ref_axis',(0.,1.,0.));
#3524=DIRECTION('center_axis',(0.,0.499999999999999,-0.866025403784439));
#3525=DIRECTION('ref_axis',(0.,-0.866025403784439,-0.499999999999999));
#3526=DIRECTION('',(0.,0.866025403784439,0.499999999999999));
#3527=DIRECTION('',(-1.,0.,0.));
#3528=DIRECTION('center_axis',(0.,-0.5,0.866025403784439));
#3529=DIRECTION('ref_axis',(0.,0.866025403784439,0.5));
#3530=DIRECTION('',(0.,-0.866025403784439,-0.5));
#3531=DIRECTION('',(-1.,0.,0.));
#3532=DIRECTION('center_axis',(0.,-1.,1.53837012618335E-15));
#3533=DIRECTION('ref_axis',(0.,1.53837012618335E-15,1.));
#3534=DIRECTION('',(0.,-1.53837012618335E-15,-1.));
#3535=DIRECTION('',(-1.,0.,0.));
#3536=DIRECTION('center_axis',(0.,-0.500000000000001,-0.866025403784438));
#3537=DIRECTION('ref_axis',(0.,-0.866025403784438,0.500000000000001));
#3538=DIRECTION('',(0.,0.866025403784438,-0.500000000000001));
#3539=DIRECTION('center_axis',(1.,0.,0.));
#3540=DIRECTION('ref_axis',(0.,1.,0.));
#3541=DIRECTION('',(0.,-0.707106219228255,0.707107343144394));
#3542=DIRECTION('center_axis',(-1.,0.,0.));
#3543=DIRECTION('ref_axis',(0.,0.866025403784439,0.5));
#3544=DIRECTION('center_axis',(-1.,0.,0.));
#3545=DIRECTION('ref_axis',(0.,1.,0.));
#3546=DIRECTION('',(-1.,0.,0.));
#3547=DIRECTION('center_axis',(-1.,0.,0.));
#3548=DIRECTION('ref_axis',(0.,1.,0.));
#3549=DIRECTION('center_axis',(-1.,0.,0.));
#3550=DIRECTION('ref_axis',(0.,0.866025403784439,0.5));
#3551=DIRECTION('',(-1.,0.,0.));
#3552=DIRECTION('center_axis',(-1.,0.,0.));
#3553=DIRECTION('ref_axis',(0.,0.866025403784439,0.5));
#3554=DIRECTION('center_axis',(1.,0.,0.));
#3555=DIRECTION('ref_axis',(0.,1.,0.));
#3556=DIRECTION('',(1.,0.,0.));
#3557=DIRECTION('center_axis',(1.,0.,0.));
#3558=DIRECTION('ref_axis',(0.,1.,0.));
#3559=DIRECTION('center_axis',(1.,0.,0.));
#3560=DIRECTION('ref_axis',(0.,1.,0.));
#3561=DIRECTION('center_axis',(1.,0.,0.));
#3562=DIRECTION('ref_axis',(0.,0.866025403784439,0.5));
#3563=DIRECTION('',(1.,0.,0.));
#3564=DIRECTION('center_axis',(1.,0.,0.));
#3565=DIRECTION('ref_axis',(0.,0.866025403784439,0.5));
#3566=DIRECTION('center_axis',(1.,0.,0.));
#3567=DIRECTION('ref_axis',(0.,1.,0.));
#3568=DIRECTION('center_axis',(-1.,0.,0.));
#3569=DIRECTION('ref_axis',(0.,1.,0.));
#3570=DIRECTION('',(-1.,0.,0.));
#3571=DIRECTION('center_axis',(1.,0.,0.));
#3572=DIRECTION('ref_axis',(0.,1.,0.));
#3573=DIRECTION('center_axis',(-1.,0.,0.));
#3574=DIRECTION('ref_axis',(0.,0.866025403784439,0.5));
#3575=DIRECTION('',(-1.,0.,0.));
#3576=DIRECTION('center_axis',(1.,0.,0.));
#3577=DIRECTION('ref_axis',(0.,1.,0.));
#3578=DIRECTION('center_axis',(-0.707107624122814,0.707105938249276,0.));
#3579=DIRECTION('ref_axis',(-0.707105938249276,-0.707107624122814,0.));
#3580=DIRECTION('',(-0.577349580934362,-0.577350957444342,0.577350269189352));
#3581=DIRECTION('',(0.,0.,1.));
#3582=DIRECTION('',(-0.707105938249276,-0.707107624122814,0.));
#3583=DIRECTION('center_axis',(0.800000686644591,0.599999084472787,0.));
#3584=DIRECTION('ref_axis',(-0.599999084472787,0.800000686644591,0.));
#3585=DIRECTION('',(-0.468520631787792,0.624695665105453,-0.624694920411255));
#3586=DIRECTION('',(-0.599999084472787,0.800000686644591,0.));
#3587=DIRECTION('',(0.,0.,1.));
#3588=DIRECTION('center_axis',(-0.800000228881516,0.599999694824524,0.));
#3589=DIRECTION('ref_axis',(-0.599999694824524,-0.800000228881516,0.));
#3590=DIRECTION('',(-0.468521213012684,-0.624695447146205,0.624694702452266));
#3591=DIRECTION('',(0.,0.,1.));
#3592=DIRECTION('',(-0.599999694824524,-0.800000228881516,0.));
#3593=DIRECTION('center_axis',(0.800000457763046,0.599999389648787,0.));
#3594=DIRECTION('ref_axis',(-0.599999389648787,0.800000457763046,0.));
#3595=DIRECTION('',(-0.468520922400314,0.624695556125844,-0.624694811431775));
#3596=DIRECTION('',(-0.599999389648787,0.800000457763046,0.));
#3597=DIRECTION('',(0.,0.,1.));
#3598=DIRECTION('center_axis',(0.,0.,1.));
#3599=DIRECTION('ref_axis',(1.,0.,0.));
#3600=DIRECTION('center_axis',(0.,0.,-1.));
#3601=DIRECTION('ref_axis',(1.,0.,0.));
#3602=DIRECTION('',(0.,0.,1.));
#3603=DIRECTION('center_axis',(0.,0.,-1.));
#3604=DIRECTION('ref_axis',(1.,0.,0.));
#3605=DIRECTION('center_axis',(0.,0.,1.));
#3606=DIRECTION('ref_axis',(1.,0.,0.));
#3607=DIRECTION('center_axis',(0.,0.,1.));
#3608=DIRECTION('ref_axis',(1.,0.,0.));
#3609=DIRECTION('',(0.,0.,1.));
#3610=DIRECTION('center_axis',(0.,0.,-1.));
#3611=DIRECTION('ref_axis',(1.,0.,0.));
#3612=DIRECTION('center_axis',(0.,-1.,0.));
#3613=DIRECTION('ref_axis',(0.,0.,1.));
#3614=DIRECTION('',(-1.,0.,0.));
#3615=DIRECTION('',(-1.,0.,0.));
#3616=DIRECTION('',(-1.,0.,0.));
#3617=DIRECTION('',(-1.,0.,0.));
#3618=DIRECTION('',(-1.,0.,0.));
#3619=DIRECTION('',(-1.,0.,0.));
#3620=DIRECTION('center_axis',(0.,-0.707106359718289,-0.707107202654555));
#3621=DIRECTION('ref_axis',(0.,-0.707107202654555,0.707106359718289));
#3622=DIRECTION('',(-1.,0.,0.));
#3623=DIRECTION('center_axis',(0.,-0.707106359718289,-0.707107202654555));
#3624=DIRECTION('ref_axis',(0.,-0.707107202654555,0.707106359718289));
#3625=DIRECTION('',(-1.,0.,0.));
#3626=DIRECTION('center_axis',(-0.707106359717786,-0.707107202655058,0.));
#3627=DIRECTION('ref_axis',(0.707107202655058,-0.707106359717786,0.));
#3628=DIRECTION('',(-0.577350422135088,0.577349733879916,-0.577350651553479));
#3629=DIRECTION('',(0.,0.,1.));
#3630=DIRECTION('',(0.707107202655058,-0.707106359717786,0.));
#3631=DIRECTION('center_axis',(0.707106500207345,-0.707107062165638,0.));
#3632=DIRECTION('ref_axis',(0.707107062165638,0.707106500207345,0.));
#3633=DIRECTION('',(-0.577350269189504,-0.577349810352662,0.577350728026347));
#3634=DIRECTION('',(0.707107062165638,0.707106500207345,0.));
#3635=DIRECTION('',(0.,0.,1.));
#3636=DIRECTION('center_axis',(-3.82835544617317E-17,-1.,0.));
#3637=DIRECTION('ref_axis',(1.,-3.82835544617317E-17,0.));
#3638=DIRECTION('',(1.,-3.82835544617317E-17,0.));
#3639=DIRECTION('',(-1.,0.,0.));
#3640=DIRECTION('center_axis',(0.,0.707107343144394,0.707106219228255));
#3641=DIRECTION('ref_axis',(0.,0.707106219228255,-0.707107343144394));
#3642=DIRECTION('',(-1.,0.,0.));
#3643=DIRECTION('center_axis',(0.,0.707107343144394,0.707106219228255));
#3644=DIRECTION('ref_axis',(0.,0.707106219228255,-0.707107343144394));
#3645=DIRECTION('',(-1.,0.,0.));
#3646=DIRECTION('center_axis',(0.,0.,-1.));
#3647=DIRECTION('ref_axis',(0.,-1.,0.));
#3648=DIRECTION('center_axis',(0.,0.,1.));
#3649=DIRECTION('ref_axis',(1.,0.,0.));
#3650=DIRECTION('center_axis',(0.,0.,1.));
#3651=DIRECTION('ref_axis',(1.,0.,0.));
#3652=DIRECTION('',(0.,0.,1.));
#3653=DIRECTION('center_axis',(0.,0.,-1.));
#3654=DIRECTION('ref_axis',(1.,0.,0.));
#3655=DIRECTION('center_axis',(0.,0.,1.));
#3656=DIRECTION('ref_axis',(1.,0.,0.));
#3657=DIRECTION('center_axis',(0.,0.,1.));
#3658=DIRECTION('ref_axis',(1.,0.,0.));
#3659=DIRECTION('',(0.,0.,1.));
#3660=DIRECTION('center_axis',(0.,0.,-1.));
#3661=DIRECTION('ref_axis',(1.,0.,0.));
#3662=DIRECTION('center_axis',(0.,0.,1.));
#3663=DIRECTION('ref_axis',(1.,0.,0.));
#3664=DIRECTION('center_axis',(0.,0.,1.));
#3665=DIRECTION('ref_axis',(1.,0.,0.));
#3666=DIRECTION('',(0.,0.,1.));
#3667=DIRECTION('center_axis',(0.,0.,-1.));
#3668=DIRECTION('ref_axis',(1.,0.,0.));
#3669=DIRECTION('center_axis',(0.,0.,-1.));
#3670=DIRECTION('ref_axis',(0.,-1.,0.));
#3671=DIRECTION('',(-1.,0.,0.));
#3672=DIRECTION('center_axis',(0.,0.,1.));
#3673=DIRECTION('ref_axis',(0.,1.,0.));
#3674=DIRECTION('',(-1.,0.,0.));
#3675=DIRECTION('center_axis',(0.,-0.707106781186548,0.707106781186548));
#3676=DIRECTION('ref_axis',(0.,0.707106781186548,0.707106781186548));
#3677=DIRECTION('',(-1.,0.,0.));
#3678=DIRECTION('center_axis',(0.,-1.,0.));
#3679=DIRECTION('ref_axis',(0.,0.,1.));
#3680=DIRECTION('axis',(0.,0.,1.));
#3681=DIRECTION('refdir',(1.,0.,0.));
#3682=DIRECTION('center_axis',(0.,0.258819045102519,0.965925826289069));
#3683=DIRECTION('ref_axis',(0.,-0.965925826289069,0.258819045102519));
#3684=DIRECTION('',(1.,0.,0.));
#3685=DIRECTION('',(0.,-0.965925826289069,0.258819045102519));
#3686=DIRECTION('',(1.,0.,0.));
#3687=DIRECTION('',(0.,0.965925826289069,-0.258819045102519));
#3688=DIRECTION('center_axis',(0.,-0.707106781186548,-0.707106781186547));
#3689=DIRECTION('ref_axis',(0.,0.707106781186547,-0.707106781186548));
#3690=DIRECTION('',(-1.,0.,0.));
#3691=DIRECTION('',(0.,0.707106781186547,-0.707106781186548));
#3692=DIRECTION('',(1.,0.,0.));
#3693=DIRECTION('',(0.,0.707106781186547,-0.707106781186548));
#3694=DIRECTION('center_axis',(-1.,0.,0.));
#3695=DIRECTION('ref_axis',(0.,1.,0.));
#3696=DIRECTION('',(0.,-8.65333195978135E-16,1.));
#3697=DIRECTION('',(0.,0.,-1.));
#3698=DIRECTION('',(0.,-0.707106219228255,-0.707107343144394));
#3699=DIRECTION('',(0.,0.866025403784438,0.500000000000001));
#3700=DIRECTION('center_axis',(0.,0.500000000000001,-0.866025403784438));
#3701=DIRECTION('ref_axis',(0.,0.866025403784438,0.500000000000001));
#3702=DIRECTION('',(1.,0.,0.));
#3703=DIRECTION('',(0.,0.866025403784438,0.500000000000001));
#3704=DIRECTION('',(1.,0.,0.));
#3705=DIRECTION('',(0.,0.866025403784438,0.500000000000001));
#3706=DIRECTION('center_axis',(0.,1.,1.53837012618335E-15));
#3707=DIRECTION('ref_axis',(0.,-1.53837012618335E-15,1.));
#3708=DIRECTION('',(1.,0.,0.));
#3709=DIRECTION('',(0.,-1.53837012618335E-15,1.));
#3710=DIRECTION('',(0.,-1.53837012618335E-15,1.));
#3711=DIRECTION('center_axis',(0.,0.5,0.866025403784439));
#3712=DIRECTION('ref_axis',(0.,-0.866025403784439,0.5));
#3713=DIRECTION('',(1.,0.,0.));
#3714=DIRECTION('',(0.,-0.866025403784439,0.5));
#3715=DIRECTION('',(0.,-0.866025403784439,0.5));
#3716=DIRECTION('center_axis',(0.,-1.,0.));
#3717=DIRECTION('ref_axis',(0.,0.,1.));
#3718=DIRECTION('',(0.,0.,1.));
#3719=DIRECTION('',(-1.,0.,0.));
#3720=DIRECTION('',(0.,0.,1.));
#3721=DIRECTION('',(-1.,0.,0.));
#3722=DIRECTION('',(0.,0.,1.));
#3723=DIRECTION('',(-1.,0.,0.));
#3724=DIRECTION('center_axis',(0.,1.,0.));
#3725=DIRECTION('ref_axis',(0.,0.,1.));
#3726=DIRECTION('',(1.,0.,0.));
#3727=DIRECTION('',(0.,0.,1.));
#3728=DIRECTION('',(1.,0.,0.));
#3729=DIRECTION('',(0.,0.,-1.));
#3730=DIRECTION('center_axis',(1.,0.,0.));
#3731=DIRECTION('ref_axis',(0.,0.,-1.));
#3732=DIRECTION('',(0.,0.5,-0.866025403784438));
#3733=DIRECTION('',(0.,1.,7.69185063091675E-16));
#3734=DIRECTION('',(0.,0.5,0.866025403784439));
#3735=DIRECTION('',(0.,-1.,0.));
#3736=DIRECTION('',(0.,0.,-1.));
#3737=DIRECTION('center_axis',(0.,-1.,0.));
#3738=DIRECTION('ref_axis',(0.,0.,-1.));
#3739=DIRECTION('',(-1.,0.,0.));
#3740=DIRECTION('',(0.,0.,1.));
#3741=DIRECTION('',(1.,0.,0.));
#3742=DIRECTION('center_axis',(0.,0.866025403784438,0.5));
#3743=DIRECTION('ref_axis',(0.,-0.5,0.866025403784438));
#3744=DIRECTION('',(1.,0.,0.));
#3745=DIRECTION('',(0.,-0.5,0.866025403784438));
#3746=DIRECTION('',(1.,0.,0.));
#3747=DIRECTION('center_axis',(0.,-7.69185063091675E-16,1.));
#3748=DIRECTION('ref_axis',(0.,-1.,-7.69185063091675E-16));
#3749=DIRECTION('',(0.,-1.,-7.69185063091675E-16));
#3750=DIRECTION('',(1.,0.,0.));
#3751=DIRECTION('center_axis',(0.,-0.866025403784439,0.5));
#3752=DIRECTION('ref_axis',(0.,-0.5,-0.866025403784439));
#3753=DIRECTION('',(0.,-0.5,-0.866025403784439));
#3754=DIRECTION('',(1.,0.,0.));
#3755=DIRECTION('center_axis',(0.,-0.258819045102519,-0.965925826289069));
#3756=DIRECTION('ref_axis',(0.,-0.965925826289069,0.258819045102519));
#3757=DIRECTION('',(1.,0.,0.));
#3758=DIRECTION('',(0.,0.965925826289069,-0.258819045102519));
#3759=DIRECTION('',(-1.,0.,0.));
#3760=DIRECTION('',(0.,-0.965925826289069,0.258819045102519));
#3761=DIRECTION('center_axis',(0.,0.707106781186548,0.707106781186547));
#3762=DIRECTION('ref_axis',(0.,0.707106781186547,-0.707106781186548));
#3763=DIRECTION('',(-1.,0.,0.));
#3764=DIRECTION('',(0.,0.707106781186547,-0.707106781186548));
#3765=DIRECTION('',(-1.,0.,0.));
#3766=DIRECTION('',(0.,0.707106781186547,-0.707106781186548));
#3767=DIRECTION('center_axis',(-1.,0.,0.));
#3768=DIRECTION('ref_axis',(0.,1.,0.));
#3769=DIRECTION('',(0.,0.,1.));
#3770=DIRECTION('',(0.,-0.866025403784439,0.499999999999999));
#3771=DIRECTION('',(0.,-0.866025403784438,-0.500000000000001));
#3772=DIRECTION('',(0.,1.53837012618335E-15,-1.));
#3773=DIRECTION('',(0.,0.866025403784439,-0.5));
#3774=DIRECTION('',(0.,0.707106219228255,0.707107343144394));
#3775=DIRECTION('center_axis',(-1.,0.,0.));
#3776=DIRECTION('ref_axis',(0.,0.866025403784439,-0.5));
#3777=DIRECTION('center_axis',(0.,-1.,0.));
#3778=DIRECTION('ref_axis',(0.,0.,1.));
#3779=DIRECTION('',(-1.,0.,0.));
#3780=DIRECTION('',(0.,0.,-1.));
#3781=DIRECTION('',(-1.,0.,0.));
#3782=DIRECTION('',(0.,0.,1.));
#3783=DIRECTION('',(-1.,0.,0.));
#3784=DIRECTION('',(0.,0.,-1.));
#3785=DIRECTION('center_axis',(0.,-1.,0.));
#3786=DIRECTION('ref_axis',(0.,0.,1.));
#3787=DIRECTION('',(1.,0.,0.));
#3788=DIRECTION('',(0.,0.,-1.));
#3789=DIRECTION('',(-1.,0.,0.));
#3790=DIRECTION('',(0.,0.,1.));
#3791=DIRECTION('center_axis',(0.,1.,0.));
#3792=DIRECTION('ref_axis',(0.,0.,-1.));
#3793=DIRECTION('',(-1.,0.,0.));
#3794=DIRECTION('',(0.,0.,-1.));
#3795=DIRECTION('',(-1.,0.,0.));
#3796=DIRECTION('',(0.,0.,1.));
#3797=DIRECTION('center_axis',(1.,0.,0.));
#3798=DIRECTION('ref_axis',(0.,0.,-1.));
#3799=DIRECTION('',(0.,1.,0.));
#3800=DIRECTION('',(0.,-0.5,0.866025403784438));
#3801=DIRECTION('',(0.,-1.,-1.15377759463751E-15));
#3802=DIRECTION('',(0.,-0.5,-0.866025403784439));
#3803=DIRECTION('center_axis',(-1.,0.,0.));
#3804=DIRECTION('ref_axis',(0.,1.,0.));
#3805=DIRECTION('center_axis',(1.,0.,0.));
#3806=DIRECTION('ref_axis',(0.,0.,-1.));
#3807=DIRECTION('',(0.,-1.,0.));
#3808=DIRECTION('',(0.,0.707106219228255,0.707107343144394));
#3809=DIRECTION('',(0.,1.,0.));
#3810=DIRECTION('',(0.,0.707106781186548,-0.707106781186548));
#3811=DIRECTION('',(0.,0.,-1.));
#3812=DIRECTION('',(0.,-1.,0.));
#3813=DIRECTION('',(0.,0.707107202654555,0.707106359718289));
#3814=DIRECTION('center_axis',(-1.,0.,0.));
#3815=DIRECTION('ref_axis',(0.,0.866025403784439,-0.5));
#3816=DIRECTION('center_axis',(-1.,0.,0.));
#3817=DIRECTION('ref_axis',(0.,1.,0.));
#3818=DIRECTION('center_axis',(0.,0.707106359718289,-0.707107202654555));
#3819=DIRECTION('ref_axis',(0.,-0.707107202654555,-0.707106359718289));
#3820=DIRECTION('',(-1.,0.,0.));
#3821=DIRECTION('',(1.,0.,0.));
#3822=DIRECTION('',(0.468520922400314,0.624695556125844,0.624694811431775));
#3823=DIRECTION('center_axis',(0.800000457763046,-0.599999389648787,0.));
#3824=DIRECTION('ref_axis',(-0.599999389648787,-0.800000457763046,0.));
#3825=DIRECTION('',(-0.599999389648787,-0.800000457763046,0.));
#3826=DIRECTION('',(-0.599999389648787,-0.800000457763046,0.));
#3827=DIRECTION('',(0.,0.,-1.));
#3828=DIRECTION('center_axis',(0.,0.707106359718289,-0.707107202654555));
#3829=DIRECTION('ref_axis',(0.,-0.707107202654555,-0.707106359718289));
#3830=DIRECTION('',(-1.,0.,0.));
#3831=DIRECTION('',(0.577349580934362,-0.577350957444342,-0.577350269189352));
#3832=DIRECTION('',(1.,0.,0.));
#3833=DIRECTION('',(0.,-0.707107202654555,-0.707106359718289));
#3834=DIRECTION('center_axis',(-1.,0.,0.));
#3835=DIRECTION('ref_axis',(0.,1.,0.));
#3836=DIRECTION('',(0.,1.,0.));
#3837=DIRECTION('',(0.,1.,0.));
#3838=DIRECTION('',(0.,0.,-1.));
#3839=DIRECTION('',(0.,0.707106781186548,-0.707106781186548));
#3840=DIRECTION('',(0.,1.,0.));
#3841=DIRECTION('',(0.,0.707106219228255,0.707107343144394));
#3842=DIRECTION('center_axis',(1.,0.,0.));
#3843=DIRECTION('ref_axis',(0.,0.866025403784439,-0.5));
#3844=DIRECTION('center_axis',(1.,0.,0.));
#3845=DIRECTION('ref_axis',(0.,1.,0.));
#3846=DIRECTION('center_axis',(-0.707107624122814,-0.707105938249276,0.));
#3847=DIRECTION('ref_axis',(-0.707105938249276,0.707107624122814,0.));
#3848=DIRECTION('',(0.707105938249276,-0.707107624122814,0.));
#3849=DIRECTION('',(0.,0.,-1.));
#3850=DIRECTION('',(-0.707105938249276,0.707107624122814,0.));
#3851=DIRECTION('center_axis',(0.,0.866025403784439,-0.5));
#3852=DIRECTION('ref_axis',(0.,0.5,0.866025403784439));
#3853=DIRECTION('',(0.,0.5,0.866025403784439));
#3854=DIRECTION('',(1.,0.,0.));
#3855=DIRECTION('',(0.,0.5,0.866025403784439));
#3856=DIRECTION('center_axis',(0.,-0.866025403784438,-0.5));
#3857=DIRECTION('ref_axis',(0.,0.5,-0.866025403784438));
#3858=DIRECTION('',(1.,0.,0.));
#3859=DIRECTION('',(0.,0.5,-0.866025403784438));
#3860=DIRECTION('',(0.,0.5,-0.866025403784438));
#3861=DIRECTION('center_axis',(0.,1.15377759463751E-15,-1.));
#3862=DIRECTION('ref_axis',(0.,1.,1.15377759463751E-15));
#3863=DIRECTION('',(0.,1.,1.15377759463751E-15));
#3864=DIRECTION('',(0.,1.,1.15377759463751E-15));
#3865=DIRECTION('center_axis',(-1.,0.,0.));
#3866=DIRECTION('ref_axis',(0.,1.,0.));
#3867=DIRECTION('center_axis',(1.,0.,0.));
#3868=DIRECTION('ref_axis',(0.,1.,0.));
#3869=DIRECTION('center_axis',(-1.,0.,0.));
#3870=DIRECTION('ref_axis',(0.,1.,0.));
#3871=DIRECTION('',(0.,1.,0.));
#3872=DIRECTION('center_axis',(-1.,0.,0.));
#3873=DIRECTION('ref_axis',(0.,1.,0.));
#3874=DIRECTION('center_axis',(0.,-0.500000000000001,0.866025403784438));
#3875=DIRECTION('ref_axis',(0.,-0.866025403784438,-0.500000000000001));
#3876=DIRECTION('',(0.,-0.866025403784438,-0.500000000000001));
#3877=DIRECTION('',(1.,0.,0.));
#3878=DIRECTION('center_axis',(0.,-1.,-8.65333195978135E-16));
#3879=DIRECTION('ref_axis',(0.,8.65333195978135E-16,-1.));
#3880=DIRECTION('',(0.,8.65333195978135E-16,-1.));
#3881=DIRECTION('',(1.,0.,0.));
#3882=DIRECTION('center_axis',(0.,-0.499999999999999,-0.866025403784439));
#3883=DIRECTION('ref_axis',(0.,0.866025403784439,-0.499999999999999));
#3884=DIRECTION('',(0.,0.866025403784439,-0.499999999999999));
#3885=DIRECTION('',(0.,0.866025403784439,-0.499999999999999));
#3886=DIRECTION('center_axis',(-1.,0.,0.));
#3887=DIRECTION('ref_axis',(0.,1.,0.));
#3888=DIRECTION('center_axis',(1.,0.,0.));
#3889=DIRECTION('ref_axis',(0.,0.866025403784439,-0.5));
#3890=DIRECTION('center_axis',(-1.,0.,0.));
#3891=DIRECTION('ref_axis',(0.,1.,0.));
#3892=DIRECTION('',(0.,0.707106219228255,0.707107343144394));
#3893=DIRECTION('center_axis',(-1.,0.,0.));
#3894=DIRECTION('ref_axis',(0.,0.866025403784439,-0.5));
#3895=DIRECTION('center_axis',(-1.,0.,0.));
#3896=DIRECTION('ref_axis',(0.,1.,0.));
#3897=DIRECTION('',(1.,0.,0.));
#3898=DIRECTION('center_axis',(-1.,0.,0.));
#3899=DIRECTION('ref_axis',(0.,0.866025403784439,-0.5));
#3900=DIRECTION('',(1.,0.,0.));
#3901=DIRECTION('center_axis',(0.,-0.866025403784438,-0.5));
#3902=DIRECTION('ref_axis',(0.,-0.5,0.866025403784438));
#3903=DIRECTION('',(0.,0.5,-0.866025403784438));
#3904=DIRECTION('',(-1.,0.,0.));
#3905=DIRECTION('center_axis',(0.,0.866025403784439,-0.5));
#3906=DIRECTION('ref_axis',(0.,-0.5,-0.866025403784439));
#3907=DIRECTION('',(0.,0.5,0.866025403784439));
#3908=DIRECTION('',(-1.,0.,0.));
#3909=DIRECTION('center_axis',(0.,1.15377759463751E-15,-1.));
#3910=DIRECTION('ref_axis',(0.,-1.,-1.15377759463751E-15));
#3911=DIRECTION('',(0.,1.,1.15377759463751E-15));
#3912=DIRECTION('center_axis',(-1.,0.,0.));
#3913=DIRECTION('ref_axis',(0.,1.,0.));
#3914=DIRECTION('',(0.,-1.,0.));
#3915=DIRECTION('center_axis',(1.,0.,0.));
#3916=DIRECTION('ref_axis',(0.,1.,0.));
#3917=DIRECTION('center_axis',(0.,-0.499999999999999,-0.866025403784439));
#3918=DIRECTION('ref_axis',(0.,-0.866025403784439,0.499999999999999));
#3919=DIRECTION('',(0.,0.866025403784439,-0.499999999999999));
#3920=DIRECTION('',(-1.,0.,0.));
#3921=DIRECTION('center_axis',(0.,0.5,0.866025403784439));
#3922=DIRECTION('ref_axis',(0.,0.866025403784439,-0.5));
#3923=DIRECTION('',(0.,-0.866025403784439,0.5));
#3924=DIRECTION('',(-1.,0.,0.));
#3925=DIRECTION('center_axis',(0.,1.,1.53837012618335E-15));
#3926=DIRECTION('ref_axis',(0.,1.53837012618335E-15,-1.));
#3927=DIRECTION('',(0.,-1.53837012618335E-15,1.));
#3928=DIRECTION('',(-1.,0.,0.));
#3929=DIRECTION('center_axis',(0.,0.500000000000001,-0.866025403784438));
#3930=DIRECTION('ref_axis',(0.,-0.866025403784438,-0.500000000000001));
#3931=DIRECTION('',(0.,0.866025403784438,0.500000000000001));
#3932=DIRECTION('center_axis',(-1.,0.,0.));
#3933=DIRECTION('ref_axis',(0.,1.,0.));
#3934=DIRECTION('',(0.,-0.707106219228255,-0.707107343144394));
#3935=DIRECTION('center_axis',(1.,0.,0.));
#3936=DIRECTION('ref_axis',(0.,0.866025403784439,-0.5));
#3937=DIRECTION('center_axis',(1.,0.,0.));
#3938=DIRECTION('ref_axis',(0.,1.,0.));
#3939=DIRECTION('',(-1.,0.,0.));
#3940=DIRECTION('center_axis',(1.,0.,0.));
#3941=DIRECTION('ref_axis',(0.,1.,0.));
#3942=DIRECTION('center_axis',(1.,0.,0.));
#3943=DIRECTION('ref_axis',(0.,0.866025403784439,-0.5));
#3944=DIRECTION('',(-1.,0.,0.));
#3945=DIRECTION('center_axis',(1.,0.,0.));
#3946=DIRECTION('ref_axis',(0.,0.866025403784439,-0.5));
#3947=DIRECTION('center_axis',(-1.,0.,0.));
#3948=DIRECTION('ref_axis',(0.,1.,0.));
#3949=DIRECTION('',(1.,0.,0.));
#3950=DIRECTION('center_axis',(-1.,0.,0.));
#3951=DIRECTION('ref_axis',(0.,1.,0.));
#3952=DIRECTION('center_axis',(-1.,0.,0.));
#3953=DIRECTION('ref_axis',(0.,1.,0.));
#3954=DIRECTION('center_axis',(-1.,0.,0.));
#3955=DIRECTION('ref_axis',(0.,0.866025403784439,-0.5));
#3956=DIRECTION('',(1.,0.,0.));
#3957=DIRECTION('center_axis',(-1.,0.,0.));
#3958=DIRECTION('ref_axis',(0.,0.866025403784439,-0.5));
#3959=DIRECTION('center_axis',(-1.,0.,0.));
#3960=DIRECTION('ref_axis',(0.,1.,0.));
#3961=DIRECTION('center_axis',(1.,0.,0.));
#3962=DIRECTION('ref_axis',(0.,1.,0.));
#3963=DIRECTION('',(-1.,0.,0.));
#3964=DIRECTION('center_axis',(-1.,0.,0.));
#3965=DIRECTION('ref_axis',(0.,1.,0.));
#3966=DIRECTION('center_axis',(1.,0.,0.));
#3967=DIRECTION('ref_axis',(0.,0.866025403784439,-0.5));
#3968=DIRECTION('',(-1.,0.,0.));
#3969=DIRECTION('center_axis',(-1.,0.,0.));
#3970=DIRECTION('ref_axis',(0.,1.,0.));
#3971=DIRECTION('center_axis',(0.707107624122814,-0.707105938249276,0.));
#3972=DIRECTION('ref_axis',(-0.707105938249276,-0.707107624122814,0.));
#3973=DIRECTION('',(-0.577349580934362,-0.577350957444342,-0.577350269189352));
#3974=DIRECTION('',(-0.707105938249276,-0.707107624122814,0.));
#3975=DIRECTION('',(0.,0.,-1.));
#3976=DIRECTION('center_axis',(-0.800000686644591,-0.599999084472787,0.));
#3977=DIRECTION('ref_axis',(-0.599999084472787,0.800000686644591,0.));
#3978=DIRECTION('',(-0.468520631787792,0.624695665105453,0.624694920411255));
#3979=DIRECTION('',(0.,0.,-1.));
#3980=DIRECTION('',(-0.599999084472787,0.800000686644591,0.));
#3981=DIRECTION('center_axis',(0.800000228881516,-0.599999694824524,0.));
#3982=DIRECTION('ref_axis',(-0.599999694824524,-0.800000228881516,0.));
#3983=DIRECTION('',(-0.468521213012684,-0.624695447146205,-0.624694702452266));
#3984=DIRECTION('',(-0.599999694824524,-0.800000228881516,0.));
#3985=DIRECTION('',(0.,0.,-1.));
#3986=DIRECTION('center_axis',(-0.800000457763046,-0.599999389648787,0.));
#3987=DIRECTION('ref_axis',(-0.599999389648787,0.800000457763046,0.));
#3988=DIRECTION('',(-0.468520922400314,0.624695556125844,0.624694811431775));
#3989=DIRECTION('',(0.,0.,-1.));
#3990=DIRECTION('',(-0.599999389648787,0.800000457763046,0.));
#3991=DIRECTION('center_axis',(0.,0.,1.));
#3992=DIRECTION('ref_axis',(1.,0.,0.));
#3993=DIRECTION('center_axis',(0.,0.,-1.));
#3994=DIRECTION('ref_axis',(1.,0.,0.));
#3995=DIRECTION('',(0.,0.,-1.));
#3996=DIRECTION('center_axis',(0.,0.,-1.));
#3997=DIRECTION('ref_axis',(1.,0.,0.));
#3998=DIRECTION('center_axis',(0.,0.,1.));
#3999=DIRECTION('ref_axis',(1.,0.,0.));
#4000=DIRECTION('center_axis',(0.,0.,1.));
#4001=DIRECTION('ref_axis',(1.,0.,0.));
#4002=DIRECTION('',(0.,0.,-1.));
#4003=DIRECTION('center_axis',(0.,0.,-1.));
#4004=DIRECTION('ref_axis',(1.,0.,0.));
#4005=DIRECTION('center_axis',(0.,1.,0.));
#4006=DIRECTION('ref_axis',(0.,0.,-1.));
#4007=DIRECTION('',(-1.,0.,0.));
#4008=DIRECTION('',(-1.,0.,0.));
#4009=DIRECTION('',(-1.,0.,0.));
#4010=DIRECTION('',(-1.,0.,0.));
#4011=DIRECTION('',(-1.,0.,0.));
#4012=DIRECTION('',(-1.,0.,0.));
#4013=DIRECTION('center_axis',(0.,0.707106359718289,-0.707107202654555));
#4014=DIRECTION('ref_axis',(0.,-0.707107202654555,-0.707106359718289));
#4015=DIRECTION('',(-1.,0.,0.));
#4016=DIRECTION('center_axis',(0.,0.707106359718289,-0.707107202654555));
#4017=DIRECTION('ref_axis',(0.,-0.707107202654555,-0.707106359718289));
#4018=DIRECTION('',(-1.,0.,0.));
#4019=DIRECTION('center_axis',(0.707106359717786,0.707107202655058,0.));
#4020=DIRECTION('ref_axis',(0.707107202655058,-0.707106359717786,0.));
#4021=DIRECTION('',(-0.577350422135088,0.577349733879916,0.577350651553479));
#4022=DIRECTION('',(0.707107202655058,-0.707106359717786,0.));
#4023=DIRECTION('',(0.,0.,-1.));
#4024=DIRECTION('center_axis',(-0.707106500207345,0.707107062165638,0.));
#4025=DIRECTION('ref_axis',(0.707107062165638,0.707106500207345,0.));
#4026=DIRECTION('',(-0.577350269189504,-0.577349810352662,-0.577350728026347));
#4027=DIRECTION('',(0.,0.,-1.));
#4028=DIRECTION('',(0.707107062165638,0.707106500207345,0.));
#4029=DIRECTION('center_axis',(3.82835544617317E-17,1.,0.));
#4030=DIRECTION('ref_axis',(1.,-3.82835544617317E-17,0.));
#4031=DIRECTION('',(1.,-3.82835544617317E-17,0.));
#4032=DIRECTION('',(-1.,0.,0.));
#4033=DIRECTION('center_axis',(0.,-0.707107343144394,0.707106219228255));
#4034=DIRECTION('ref_axis',(0.,0.707106219228255,0.707107343144394));
#4035=DIRECTION('',(-1.,0.,0.));
#4036=DIRECTION('center_axis',(0.,-0.707107343144394,0.707106219228255));
#4037=DIRECTION('ref_axis',(0.,0.707106219228255,0.707107343144394));
#4038=DIRECTION('',(-1.,0.,0.));
#4039=DIRECTION('center_axis',(0.,0.,-1.));
#4040=DIRECTION('ref_axis',(0.,-1.,0.));
#4041=DIRECTION('center_axis',(0.,0.,1.));
#4042=DIRECTION('ref_axis',(1.,0.,0.));
#4043=DIRECTION('center_axis',(0.,0.,1.));
#4044=DIRECTION('ref_axis',(1.,0.,0.));
#4045=DIRECTION('',(0.,0.,-1.));
#4046=DIRECTION('center_axis',(0.,0.,-1.));
#4047=DIRECTION('ref_axis',(1.,0.,0.));
#4048=DIRECTION('center_axis',(0.,0.,1.));
#4049=DIRECTION('ref_axis',(1.,0.,0.));
#4050=DIRECTION('center_axis',(0.,0.,1.));
#4051=DIRECTION('ref_axis',(1.,0.,0.));
#4052=DIRECTION('',(0.,0.,-1.));
#4053=DIRECTION('center_axis',(0.,0.,-1.));
#4054=DIRECTION('ref_axis',(1.,0.,0.));
#4055=DIRECTION('center_axis',(0.,0.,1.));
#4056=DIRECTION('ref_axis',(1.,0.,0.));
#4057=DIRECTION('center_axis',(0.,0.,1.));
#4058=DIRECTION('ref_axis',(1.,0.,0.));
#4059=DIRECTION('',(0.,0.,-1.));
#4060=DIRECTION('center_axis',(0.,0.,-1.));
#4061=DIRECTION('ref_axis',(1.,0.,0.));
#4062=DIRECTION('center_axis',(0.,0.,-1.));
#4063=DIRECTION('ref_axis',(0.,-1.,0.));
#4064=DIRECTION('',(-1.,0.,0.));
#4065=DIRECTION('center_axis',(0.,0.,1.));
#4066=DIRECTION('ref_axis',(0.,1.,0.));
#4067=DIRECTION('',(-1.,0.,0.));
#4068=DIRECTION('center_axis',(0.,0.707106781186548,0.707106781186548));
#4069=DIRECTION('ref_axis',(0.,0.707106781186548,-0.707106781186548));
#4070=DIRECTION('',(-1.,0.,0.));
#4071=DIRECTION('center_axis',(0.,1.,0.));
#4072=DIRECTION('ref_axis',(0.,0.,-1.));
#4073=DIRECTION('',(0.,0.,1.));
#4074=DIRECTION('',(1.,0.,0.));
#4075=DIRECTION('',(0.,0.,-1.));
#4076=DIRECTION('',(1.,0.,0.));
#4077=CARTESIAN_POINT('',(0.,0.,0.));
#4078=CARTESIAN_POINT('',(0.,0.,0.));
#4079=CARTESIAN_POINT('Origin',(-231.,6.66687860644424,8.29700514554903));
#4080=CARTESIAN_POINT('',(-231.,0.,6.51062040691598));
#4081=CARTESIAN_POINT('',(-225.5,0.,6.51062040691598));
#4082=CARTESIAN_POINT('',(-115.5,0.,6.51062040691598));
#4083=CARTESIAN_POINT('',(-231.,-0.549999801442034,6.36324840428231));
#4084=CARTESIAN_POINT('',(-231.,-0.549999801442032,6.36324840428231));
#4085=CARTESIAN_POINT('',(-225.5,-0.549999801442032,6.36324840428231));
#4086=CARTESIAN_POINT('',(-231.,-0.549999801442034,6.36324840428231));
#4087=CARTESIAN_POINT('',(-225.5,-0.549999801442032,6.36324840428231));
#4088=CARTESIAN_POINT('Origin',(-231.,-5.54999987594783,15.0235025711745));
#4089=CARTESIAN_POINT('',(-225.5,-1.28675163145337,19.286750815669));
#4090=CARTESIAN_POINT('',(-231.,-1.28675163145337,19.286750815669));
#4091=CARTESIAN_POINT('',(-115.5,-1.28675163145337,19.286750815669));
#4092=CARTESIAN_POINT('',(-225.5,-5.54999987594783,15.0235025711745));
#4093=CARTESIAN_POINT('',(-225.5,-5.54999987594783,15.0235025711745));
#4094=CARTESIAN_POINT('',(-231.,-5.54999987594783,15.0235025711745));
#4095=CARTESIAN_POINT('',(-231.,-5.54999987594783,15.0235025711745));
#4096=CARTESIAN_POINT('',(-231.,-5.54999987594783,15.0235025711745));
#4097=CARTESIAN_POINT('Origin',(-225.5,-1.9415606720047,11.8915606265562));
#4098=CARTESIAN_POINT('',(-225.5,-0.549999801442029,12.1367511822105));
#4099=CARTESIAN_POINT('',(-225.5,-0.549999801442031,9.12740451541923));
#4100=CARTESIAN_POINT('',(-225.5,-1.01874981541187,12.4073841289586));
#4101=CARTESIAN_POINT('',(-225.5,0.,17.9999971389771));
#4102=CARTESIAN_POINT('',(-225.5,-1.95827740736791,19.958277658946));
#4103=CARTESIAN_POINT('',(-225.5,0.,14.9457788827666));
#4104=CARTESIAN_POINT('Origin',(-231.,-10.5499999504536,6.36324840428232));
#4105=CARTESIAN_POINT('',(-231.,-10.5499999504536,6.36324840428232));
#4106=CARTESIAN_POINT('',(-225.,-10.5499999504536,6.36324840428232));
#4107=CARTESIAN_POINT('',(-231.,-10.5499999504536,6.36324840428232));
#4108=CARTESIAN_POINT('',(-225.,-5.54999987594784,3.47649701531824));
#4109=CARTESIAN_POINT('',(-225.,-10.5499999504536,6.36324840428232));
#4110=CARTESIAN_POINT('',(-231.,-5.54999987594784,3.47649701531824));
#4111=CARTESIAN_POINT('',(-231.,-5.54999987594784,3.47649701531824));
#4112=CARTESIAN_POINT('',(-231.,-10.5499999504536,6.36324840428232));
#4113=CARTESIAN_POINT('Origin',(-231.,-10.5499999504536,12.1367511822105));
#4114=CARTESIAN_POINT('',(-231.,-10.5499999504536,12.1367511822105));
#4115=CARTESIAN_POINT('',(-225.,-10.5499999504536,12.1367511822105));
#4116=CARTESIAN_POINT('',(-231.,-10.5499999504536,12.1367511822105));
#4117=CARTESIAN_POINT('',(-225.,-10.5499999504536,12.1367511822105));
#4118=CARTESIAN_POINT('',(-231.,-10.5499999504536,12.1367511822105));
#4119=CARTESIAN_POINT('Origin',(-231.,-5.54999987594783,15.0235025711745));
#4120=CARTESIAN_POINT('',(-225.,-5.54999987594783,15.0235025711745));
#4121=CARTESIAN_POINT('',(-231.,-5.54999987594783,15.0235025711745));
#4122=CARTESIAN_POINT('',(-225.,-5.54999987594783,15.0235025711745));
#4123=CARTESIAN_POINT('',(-231.,-5.54999987594783,15.0235025711745));
#4124=CARTESIAN_POINT('Origin',(0.,0.,17.9999971389771));
#4125=CARTESIAN_POINT('',(-231.,0.,17.9999971389771));
#4126=CARTESIAN_POINT('',(-231.,0.,14.9457788827666));
#4127=CARTESIAN_POINT('',(-207.000007629395,0.,17.9999971389771));
#4128=CARTESIAN_POINT('',(0.,0.,17.9999971389771));
#4129=CARTESIAN_POINT('',(-207.000007629395,0.,0.));
#4130=CARTESIAN_POINT('',(-207.000007629395,8.88178419700125E-15,8.99999856948853));
#4131=CARTESIAN_POINT('',(-237.,0.,0.));
#4132=CARTESIAN_POINT('',(0.,0.,0.));
#4133=CARTESIAN_POINT('',(-237.,0.,17.9999971389771));
#4134=CARTESIAN_POINT('',(-237.,0.,17.9999971389771));
#4135=CARTESIAN_POINT('',(0.,0.,17.9999971389771));
#4136=CARTESIAN_POINT('Origin',(-231.,-11.2264974753916,24.6924207517539));
#4137=CARTESIAN_POINT('',(-231.,-11.2264974753916,24.0000009536743));
#4138=CARTESIAN_POINT('',(-225.5,-11.2264974753916,24.0000009536743));
#4139=CARTESIAN_POINT('',(-115.5,-11.2264974753916,24.0000009536743));
#4140=CARTESIAN_POINT('',(-231.,-11.2264974753916,18.0000002682209));
#4141=CARTESIAN_POINT('',(-231.,-11.2264974753916,18.0000002682209));
#4142=CARTESIAN_POINT('',(-225.5,-11.2264974753916,18.0000002682209));
#4143=CARTESIAN_POINT('',(-231.,-11.2264974753916,18.0000002682209));
#4144=CARTESIAN_POINT('',(-225.5,-11.2264974753916,18.0000002682209));
#4145=CARTESIAN_POINT('Origin',(-225.5,-17.0000002533197,18.8462104727345));
#4146=CARTESIAN_POINT('',(-225.5,-22.7735030312479,18.0000002682209));
#4147=CARTESIAN_POINT('',(-225.5,-19.8867516422838,23.0000003427267));
#4148=CARTESIAN_POINT('',(-225.5,-20.4252296060122,22.0673291507929));
#4149=CARTESIAN_POINT('',(-225.5,-22.7735030312479,24.0000009536743));
#4150=CARTESIAN_POINT('',(-225.5,-22.7735030312479,24.6924207517539));
#4151=CARTESIAN_POINT('',(-225.5,-22.5000010803342,24.0000009536743));
#4152=CARTESIAN_POINT('',(-225.5,-14.1132488643557,23.0000003427267));
#4153=CARTESIAN_POINT('',(-225.5,-12.1313952061452,19.5673291135399));
#4154=CARTESIAN_POINT('',(-225.5,-15.5566245588377,23.0000003427267));
#4155=CARTESIAN_POINT('Origin',(-231.,-22.7735030312479,18.0000002682209));
#4156=CARTESIAN_POINT('',(-231.,-22.7735030312479,24.0000009536743));
#4157=CARTESIAN_POINT('',(-115.5,-22.7735030312479,24.0000009536743));
#4158=CARTESIAN_POINT('',(-231.,-22.7735030312479,18.0000002682209));
#4159=CARTESIAN_POINT('',(-231.,-22.7735030312479,18.0000002682209));
#4160=CARTESIAN_POINT('',(-231.,-22.7735030312479,24.6924207517539));
#4161=CARTESIAN_POINT('Origin',(-231.,-19.8867516422838,23.0000003427267));
#4162=CARTESIAN_POINT('',(-225.,-19.8867516422838,23.0000003427267));
#4163=CARTESIAN_POINT('',(-231.,-19.8867516422838,23.0000003427267));
#4164=CARTESIAN_POINT('',(-225.,-22.7735030312479,18.0000002682209));
#4165=CARTESIAN_POINT('',(-225.,-19.8867516422838,23.0000003427267));
#4166=CARTESIAN_POINT('',(-231.,-22.7735030312479,18.0000002682209));
#4167=CARTESIAN_POINT('Origin',(-231.,-14.1132488643557,23.0000003427267));
#4168=CARTESIAN_POINT('',(-225.,-14.1132488643557,23.0000003427267));
#4169=CARTESIAN_POINT('',(-231.,-14.1132488643557,23.0000003427267));
#4170=CARTESIAN_POINT('',(-225.,-14.1132488643557,23.0000003427267));
#4171=CARTESIAN_POINT('Origin',(-231.,-11.2264974753916,18.0000002682209));
#4172=CARTESIAN_POINT('',(-225.,-11.2264974753916,18.0000002682209));
#4173=CARTESIAN_POINT('',(-231.,-11.2264974753916,18.0000002682209));
#4174=CARTESIAN_POINT('',(-225.,-11.2264974753916,18.0000002682209));
#4175=CARTESIAN_POINT('Origin',(-6.,6.66687860644424,8.29700514554903));
#4176=CARTESIAN_POINT('',(-11.5,0.,6.51062040691598));
#4177=CARTESIAN_POINT('',(-6.,0.,6.51062040691598));
#4178=CARTESIAN_POINT('',(-3.,0.,6.51062040691598));
#4179=CARTESIAN_POINT('',(-11.5,-0.549999801442032,6.36324840428231));
#4180=CARTESIAN_POINT('',(-11.5,-0.549999801442032,6.36324840428231));
#4181=CARTESIAN_POINT('',(-6.,-0.549999801442034,6.36324840428231));
#4182=CARTESIAN_POINT('',(-6.,-0.549999801442034,6.36324840428231));
#4183=CARTESIAN_POINT('',(-6.,-0.549999801442032,6.36324840428231));
#4184=CARTESIAN_POINT('Origin',(-6.,-5.54999987594783,15.0235025711745));
#4185=CARTESIAN_POINT('',(-6.,-1.28675163145337,19.286750815669));
#4186=CARTESIAN_POINT('',(-11.5,-1.28675163145337,19.286750815669));
#4187=CARTESIAN_POINT('',(-3.,-1.28675163145337,19.286750815669));
#4188=CARTESIAN_POINT('',(-6.,-5.54999987594783,15.0235025711745));
#4189=CARTESIAN_POINT('',(-6.,-5.54999987594783,15.0235025711745));
#4190=CARTESIAN_POINT('',(-11.5,-5.54999987594783,15.0235025711745));
#4191=CARTESIAN_POINT('',(-6.,-5.54999987594783,15.0235025711745));
#4192=CARTESIAN_POINT('',(-11.5,-5.54999987594783,15.0235025711745));
#4193=CARTESIAN_POINT('Origin',(-11.5,-1.9415606720047,11.8915606265562));
#4194=CARTESIAN_POINT('',(-11.5,0.,17.9999971389771));
#4195=CARTESIAN_POINT('',(-11.5,0.,14.9457788827666));
#4196=CARTESIAN_POINT('',(-11.5,-1.95827740736791,19.958277658946));
#4197=CARTESIAN_POINT('',(-11.5,-10.5499999504536,12.1367511822105));
#4198=CARTESIAN_POINT('',(-11.5,-5.54999987594783,15.0235025711745));
#4199=CARTESIAN_POINT('',(-11.5,-10.5499999504536,6.36324840428232));
#4200=CARTESIAN_POINT('',(-11.5,-10.5499999504536,12.1367511822105));
#4201=CARTESIAN_POINT('',(-11.5,-5.54999987594784,3.47649701531824));
#4202=CARTESIAN_POINT('',(-11.5,-10.5499999504536,6.36324840428232));
#4203=CARTESIAN_POINT('',(-11.5,-5.54999987594784,3.47649701531824));
#4204=CARTESIAN_POINT('',(-11.5,-8.36458243824726,7.62499979324639));
#4205=CARTESIAN_POINT('Origin',(-11.5,-5.54999987594783,9.24999979324639));
#4206=CARTESIAN_POINT('Origin',(0.,0.,17.9999971389771));
#4207=CARTESIAN_POINT('',(-6.,0.,17.9999971389771));
#4208=CARTESIAN_POINT('',(-6.,0.,14.9457788827666));
#4209=CARTESIAN_POINT('',(0.,0.,17.9999971389771));
#4210=CARTESIAN_POINT('',(0.,0.,17.9999971389771));
#4211=CARTESIAN_POINT('',(0.,0.,0.));
#4212=CARTESIAN_POINT('',(0.,0.,17.9999971389771));
#4213=CARTESIAN_POINT('',(-166.000008583069,-1.11022302462516E-15,0.));
#4214=CARTESIAN_POINT('',(0.,0.,0.));
#4215=CARTESIAN_POINT('',(-166.000008583069,0.,17.9999971389771));
#4216=CARTESIAN_POINT('',(-166.000008583069,0.,8.99999856948853));
#4217=CARTESIAN_POINT('',(0.,0.,17.9999971389771));
#4218=CARTESIAN_POINT('Origin',(-6.,-11.2264974753916,24.6924207517539));
#4219=CARTESIAN_POINT('',(-11.5,-11.2264974753916,24.0000009536743));
#4220=CARTESIAN_POINT('',(-6.,-11.2264974753916,24.0000009536743));
#4221=CARTESIAN_POINT('',(-3.,-11.2264974753916,24.0000009536743));
#4222=CARTESIAN_POINT('',(-11.5,-11.2264974753916,18.0000002682209));
#4223=CARTESIAN_POINT('',(-11.5,-11.2264974753916,18.0000002682209));
#4224=CARTESIAN_POINT('',(-6.,-11.2264974753916,18.0000002682209));
#4225=CARTESIAN_POINT('',(-6.,-11.2264974753916,18.0000002682209));
#4226=CARTESIAN_POINT('',(-6.,-11.2264974753916,18.0000002682209));
#4227=CARTESIAN_POINT('Origin',(-6.,-22.7735030312479,18.0000002682209));
#4228=CARTESIAN_POINT('',(-6.,-22.7735030312479,24.0000009536743));
#4229=CARTESIAN_POINT('',(-11.5,-22.7735030312479,24.0000009536743));
#4230=CARTESIAN_POINT('',(-3.,-22.7735030312479,24.0000009536743));
#4231=CARTESIAN_POINT('',(-6.,-22.7735030312479,18.0000002682209));
#4232=CARTESIAN_POINT('',(-6.,-22.7735030312479,24.6924207517539));
#4233=CARTESIAN_POINT('',(-11.5,-22.7735030312479,18.0000002682209));
#4234=CARTESIAN_POINT('',(-6.,-22.7735030312479,18.0000002682209));
#4235=CARTESIAN_POINT('',(-11.5,-22.7735030312479,24.6924207517539));
#4236=CARTESIAN_POINT('Origin',(-11.5,-17.0000002533197,18.8462104727345));
#4237=CARTESIAN_POINT('',(-11.5,-22.5000010803342,24.0000009536743));
#4238=CARTESIAN_POINT('',(-11.5,-19.8867516422838,13.0000001937151));
#4239=CARTESIAN_POINT('',(-11.5,-22.7735030312479,18.0000002682209));
#4240=CARTESIAN_POINT('',(-11.5,-14.1132488643557,13.0000001937151));
#4241=CARTESIAN_POINT('',(-11.5,-19.8867516422838,13.0000001937151));
#4242=CARTESIAN_POINT('',(-11.5,-14.1132488643557,13.0000001937151));
#4243=CARTESIAN_POINT('',(-11.5,-20.2500002533197,18.0000002682209));
#4244=CARTESIAN_POINT('Origin',(-11.5,-17.0000002533197,18.0000002682209));
#4245=CARTESIAN_POINT('Origin',(-237.,-18.0000019073486,12.0000004768372));
#4246=CARTESIAN_POINT('',(-237.,-17.1421316553407,0.));
#4247=CARTESIAN_POINT('',(-237.,-10.9999942779541,0.));
#4248=CARTESIAN_POINT('',(-237.,-29.1421440531012,11.9999980926514));
#4249=CARTESIAN_POINT('',(-237.,-20.821062703113,3.67892666215102));
#4250=CARTESIAN_POINT('',(-237.,-36.0000038146973,11.9999980926514));
#4251=CARTESIAN_POINT('',(-237.,-36.0000038146973,11.9999980926514));
#4252=CARTESIAN_POINT('',(-237.,-36.0000038146973,15.9999990463257));
#4253=CARTESIAN_POINT('',(-237.,-36.0000038146973,11.9999980926514));
#4254=CARTESIAN_POINT('',(-237.,-28.0000019073486,24.0000009536743));
#4255=CARTESIAN_POINT('',(-237.,-36.0000038146973,15.9999990463257));
#4256=CARTESIAN_POINT('',(-237.,-5.9999942779541,24.0000009536743));
#4257=CARTESIAN_POINT('',(-237.,-28.0000019073486,24.0000009536743));
#4258=CARTESIAN_POINT('',(-237.,-5.9999942779541,24.0000009536743));
#4259=CARTESIAN_POINT('',(-237.,-8.36458243824726,7.62499979324639));
#4260=CARTESIAN_POINT('Origin',(-237.,-5.54999987594783,9.24999979324639));
#4261=CARTESIAN_POINT('',(-237.,-20.2500002533197,18.0000002682209));
#4262=CARTESIAN_POINT('Origin',(-237.,-17.0000002533197,18.0000002682209));
#4263=CARTESIAN_POINT('Origin',(0.,-18.071057875137,0.928925112431498));
#4264=CARTESIAN_POINT('',(-218.606603817284,-17.1421316553407,0.));
#4265=CARTESIAN_POINT('',(0.,-17.1421316553407,0.));
#4266=CARTESIAN_POINT('',(-227.606600241006,-29.1421459604521,12.));
#4267=CARTESIAN_POINT('',(-193.480663227401,16.3591757133205,-33.5012674320479));
#4268=CARTESIAN_POINT('',(0.,-29.1421440531012,11.9999980926514));
#4269=CARTESIAN_POINT('Origin',(-214.000008106232,-10.9999942779541,0.));
#4270=CARTESIAN_POINT('',(-214.000008106232,-10.9999942779541,0.));
#4271=CARTESIAN_POINT('',(-172.840087564388,43.8799870070936,0.));
#4272=CARTESIAN_POINT('',(-214.000008106232,-10.9999942779541,12.));
#4273=CARTESIAN_POINT('',(-214.000008106232,-10.9999942779541,0.));
#4274=CARTESIAN_POINT('',(-217.000007629395,-15.,12.));
#4275=CARTESIAN_POINT('Origin',(0.,-18.071057875137,0.928925112431498));
#4276=CARTESIAN_POINT('',(0.,-17.1421316553407,0.));
#4277=CARTESIAN_POINT('',(-15.8578848959836,-17.1421316553407,0.));
#4278=CARTESIAN_POINT('',(0.,-17.1421316553407,0.));
#4279=CARTESIAN_POINT('',(0.,-29.1421440531012,11.9999980926514));
#4280=CARTESIAN_POINT('',(0.,-20.821062703113,3.67892666215102));
#4281=CARTESIAN_POINT('',(-3.85789920109495,-29.1421459604521,12.));
#4282=CARTESIAN_POINT('',(0.,-29.1421440531012,11.9999980926514));
#4283=CARTESIAN_POINT('',(-13.6193108599006,-19.3807110286052,2.23857670467372));
#4284=CARTESIAN_POINT('Origin',(0.,-18.0000019073486,12.0000004768372));
#4285=CARTESIAN_POINT('',(0.,-10.9999942779541,0.));
#4286=CARTESIAN_POINT('',(0.,-5.9999942779541,24.0000009536743));
#4287=CARTESIAN_POINT('',(0.,-5.9999942779541,24.0000009536743));
#4288=CARTESIAN_POINT('',(0.,-28.0000019073486,24.0000009536743));
#4289=CARTESIAN_POINT('',(0.,-28.0000019073486,24.0000009536743));
#4290=CARTESIAN_POINT('',(0.,-36.0000038146973,15.9999990463257));
#4291=CARTESIAN_POINT('',(0.,-36.0000038146973,15.9999990463257));
#4292=CARTESIAN_POINT('',(0.,-36.0000038146973,11.9999980926514));
#4293=CARTESIAN_POINT('',(0.,-36.0000038146973,11.9999980926514));
#4294=CARTESIAN_POINT('',(0.,-36.0000038146973,11.9999980926514));
#4295=CARTESIAN_POINT('',(0.,-8.36458243824726,7.62499979324639));
#4296=CARTESIAN_POINT('Origin',(0.,-5.54999987594783,9.24999979324639));
#4297=CARTESIAN_POINT('',(0.,-20.2500002533197,18.0000002682209));
#4298=CARTESIAN_POINT('Origin',(0.,-17.0000002533197,18.0000002682209));
#4299=CARTESIAN_POINT('Origin',(-18.0000114440918,-15.,0.));
#4300=CARTESIAN_POINT('',(-22.0000076293945,-10.9999942779541,0.));
#4301=CARTESIAN_POINT('',(-17.2500193118985,-15.7499939203156,0.));
#4302=CARTESIAN_POINT('',(-22.0000076293945,-10.9999942779541,12.));
#4303=CARTESIAN_POINT('',(-22.0000076293945,-10.9999942779541,12.));
#4304=CARTESIAN_POINT('',(-22.0000076293945,-10.9999942779541,0.));
#4305=CARTESIAN_POINT('Origin',(-231.,-22.7735030312479,18.0000002682209));
#4306=CARTESIAN_POINT('',(-225.,-19.8867516422838,13.0000001937151));
#4307=CARTESIAN_POINT('',(-225.,-22.7735030312479,18.0000002682209));
#4308=CARTESIAN_POINT('',(-231.,-19.8867516422838,13.0000001937151));
#4309=CARTESIAN_POINT('',(-231.,-19.8867516422838,13.0000001937151));
#4310=CARTESIAN_POINT('',(-231.,-22.7735030312479,18.0000002682209));
#4311=CARTESIAN_POINT('Origin',(-231.,-14.1132488643557,13.0000001937151));
#4312=CARTESIAN_POINT('',(-231.,-14.1132488643557,13.0000001937151));
#4313=CARTESIAN_POINT('',(-225.,-14.1132488643557,13.0000001937151));
#4314=CARTESIAN_POINT('',(-231.,-14.1132488643557,13.0000001937151));
#4315=CARTESIAN_POINT('',(-225.,-14.1132488643557,13.0000001937151));
#4316=CARTESIAN_POINT('',(-231.,-14.1132488643557,13.0000001937151));
#4317=CARTESIAN_POINT('Origin',(-231.,-19.8867516422838,13.0000001937151));
#4318=CARTESIAN_POINT('',(-225.,-19.8867516422838,13.0000001937151));
#4319=CARTESIAN_POINT('',(-231.,-19.8867516422838,13.0000001937151));
#4320=CARTESIAN_POINT('Origin',(-225.,-17.0000002533197,18.0000002682209));
#4321=CARTESIAN_POINT('',(-225.,-20.2500002533197,18.0000002682209));
#4322=CARTESIAN_POINT('Origin',(-225.,-17.0000002533197,18.0000002682209));
#4323=CARTESIAN_POINT('Origin',(-231.,-17.0000002533197,18.0000002682209));
#4324=CARTESIAN_POINT('',(-231.,-22.5000010803342,24.0000009536743));
#4325=CARTESIAN_POINT('',(-231.,-20.2500002533197,18.0000002682209));
#4326=CARTESIAN_POINT('Origin',(-231.,-17.0000002533197,18.0000002682209));
#4327=CARTESIAN_POINT('Origin',(-231.,-0.549999801442029,12.1367511822105));
#4328=CARTESIAN_POINT('',(-225.,-0.549999801442029,12.1367511822105));
#4329=CARTESIAN_POINT('',(-231.,-0.549999801442029,12.1367511822105));
#4330=CARTESIAN_POINT('',(-225.,-0.549999801442029,12.1367511822105));
#4331=CARTESIAN_POINT('Origin',(-231.,-0.549999801442034,6.36324840428231));
#4332=CARTESIAN_POINT('',(-225.,-0.549999801442034,6.36324840428231));
#4333=CARTESIAN_POINT('',(-231.,-0.549999801442034,6.36324840428231));
#4334=CARTESIAN_POINT('',(-225.,-0.549999801442034,6.36324840428231));
#4335=CARTESIAN_POINT('Origin',(-231.,-5.54999987594784,3.47649701531824));
#4336=CARTESIAN_POINT('',(-225.,-5.54999987594784,3.47649701531824));
#4337=CARTESIAN_POINT('',(-231.,-5.54999987594784,3.47649701531824));
#4338=CARTESIAN_POINT('Origin',(-225.,-5.54999987594784,9.24999979324639));
#4339=CARTESIAN_POINT('',(-225.,-8.36458243824726,7.62499979324639));
#4340=CARTESIAN_POINT('Origin',(-225.,-5.54999987594783,9.24999979324639));
#4341=CARTESIAN_POINT('Origin',(-231.,-5.54999987594784,9.24999979324639));
#4342=CARTESIAN_POINT('',(-231.,-1.95827740736791,19.958277658946));
#4343=CARTESIAN_POINT('',(-231.,-8.36458243824726,7.62499979324639));
#4344=CARTESIAN_POINT('Origin',(-231.,-5.54999987594783,9.24999979324639));
#4345=CARTESIAN_POINT('Origin',(-237.,-17.0000002533197,18.0000002682209));
#4346=CARTESIAN_POINT('',(-237.,-20.2500002533197,18.0000002682209));
#4347=CARTESIAN_POINT('Origin',(-237.,-5.54999987594783,9.24999979324639));
#4348=CARTESIAN_POINT('',(-237.,-8.36458243824726,7.62499979324639));
#4349=CARTESIAN_POINT('Origin',(-6.,-11.2264974753916,18.0000002682209));
#4350=CARTESIAN_POINT('',(-6.,-14.1132488643557,13.0000001937151));
#4351=CARTESIAN_POINT('',(-6.,-14.1132488643557,13.0000001937151));
#4352=CARTESIAN_POINT('',(-6.,-14.1132488643557,13.0000001937151));
#4353=CARTESIAN_POINT('Origin',(-6.,-19.8867516422838,13.0000001937151));
#4354=CARTESIAN_POINT('',(-6.,-19.8867516422838,13.0000001937151));
#4355=CARTESIAN_POINT('',(-6.,-22.7735030312479,18.0000002682209));
#4356=CARTESIAN_POINT('',(-6.,-19.8867516422838,13.0000001937151));
#4357=CARTESIAN_POINT('Origin',(-6.,-14.1132488643557,13.0000001937151));
#4358=CARTESIAN_POINT('',(-6.,-19.8867516422838,13.0000001937151));
#4359=CARTESIAN_POINT('Origin',(-6.,-17.0000002533197,18.0000002682209));
#4360=CARTESIAN_POINT('',(-6.,-22.5000010803342,24.0000009536743));
#4361=CARTESIAN_POINT('',(-6.,-20.2500002533197,18.0000002682209));
#4362=CARTESIAN_POINT('Origin',(-6.,-17.0000002533197,18.0000002682209));
#4363=CARTESIAN_POINT('Origin',(-6.,-0.549999801442034,6.36324840428231));
#4364=CARTESIAN_POINT('',(-6.,-5.54999987594784,3.47649701531824));
#4365=CARTESIAN_POINT('',(-6.,-5.54999987594784,3.47649701531824));
#4366=CARTESIAN_POINT('',(-6.,-5.54999987594784,3.47649701531824));
#4367=CARTESIAN_POINT('Origin',(-6.,-10.5499999504536,12.1367511822105));
#4368=CARTESIAN_POINT('',(-6.,-10.5499999504536,12.1367511822105));
#4369=CARTESIAN_POINT('',(-6.,-5.54999987594783,15.0235025711745));
#4370=CARTESIAN_POINT('',(-6.,-10.5499999504536,12.1367511822105));
#4371=CARTESIAN_POINT('Origin',(-6.,-10.5499999504536,6.36324840428232));
#4372=CARTESIAN_POINT('',(-6.,-10.5499999504536,6.36324840428232));
#4373=CARTESIAN_POINT('',(-6.,-10.5499999504536,12.1367511822105));
#4374=CARTESIAN_POINT('',(-6.,-10.5499999504536,6.36324840428232));
#4375=CARTESIAN_POINT('Origin',(-6.,-5.54999987594784,3.47649701531824));
#4376=CARTESIAN_POINT('',(-6.,-10.5499999504536,6.36324840428232));
#4377=CARTESIAN_POINT('Origin',(-6.,-5.54999987594784,9.24999979324639));
#4378=CARTESIAN_POINT('',(-6.,-1.95827740736791,19.958277658946));
#4379=CARTESIAN_POINT('',(-6.,-8.36458243824726,7.62499979324639));
#4380=CARTESIAN_POINT('Origin',(-6.,-5.54999987594783,9.24999979324639));
#4381=CARTESIAN_POINT('Origin',(0.,-17.0000002533197,18.0000002682209));
#4382=CARTESIAN_POINT('',(-20.,-20.2500002533197,18.0000002682209));
#4383=CARTESIAN_POINT('',(0.,-20.2500002533197,18.0000002682209));
#4384=CARTESIAN_POINT('Origin',(-20.,-17.0000002533197,18.0000002682209));
#4385=CARTESIAN_POINT('Origin',(0.,-5.54999987594783,9.24999979324639));
#4386=CARTESIAN_POINT('',(-20.,-8.36458243824726,7.62499979324639));
#4387=CARTESIAN_POINT('',(0.,-8.36458243824726,7.62499979324639));
#4388=CARTESIAN_POINT('Origin',(-20.,-5.54999987594783,9.24999979324639));
#4389=CARTESIAN_POINT('Origin',(-237.,-17.0000002533197,18.0000002682209));
#4390=CARTESIAN_POINT('',(-217.,-20.2500002533197,18.0000002682209));
#4391=CARTESIAN_POINT('',(-237.,-20.2500002533197,18.0000002682209));
#4392=CARTESIAN_POINT('Origin',(-217.,-17.0000002533197,18.0000002682209));
#4393=CARTESIAN_POINT('Origin',(-217.,-17.0000002533197,18.0000002682209));
#4394=CARTESIAN_POINT('Origin',(-237.,-5.54999987594783,9.24999979324639));
#4395=CARTESIAN_POINT('',(-217.,-8.36458243824726,7.62499979324639));
#4396=CARTESIAN_POINT('',(-237.,-8.36458243824726,7.62499979324639));
#4397=CARTESIAN_POINT('Origin',(-217.,-5.54999987594783,9.24999979324639));
#4398=CARTESIAN_POINT('Origin',(-217.,-5.54999987594783,9.24999979324639));
#4399=CARTESIAN_POINT('Origin',(0.,-17.0000002533197,18.0000002682209));
#4400=CARTESIAN_POINT('',(0.,-20.2500002533197,18.0000002682209));
#4401=CARTESIAN_POINT('Origin',(-20.,-17.0000002533197,18.0000002682209));
#4402=CARTESIAN_POINT('Origin',(0.,-5.54999987594783,9.24999979324639));
#4403=CARTESIAN_POINT('',(0.,-8.36458243824726,7.62499979324639));
#4404=CARTESIAN_POINT('Origin',(-20.,-5.54999987594783,9.24999979324639));
#4405=CARTESIAN_POINT('Origin',(-61.0000038146973,-10.9999942779541,0.));
#4406=CARTESIAN_POINT('',(-61.0000038146973,-10.9999942779541,7.99999713897705));
#4407=CARTESIAN_POINT('',(-65.,-15.,12.));
#4408=CARTESIAN_POINT('',(-49.5000294844222,0.500007470422523,-3.4999909003488));
#4409=CARTESIAN_POINT('',(-61.0000038146973,-10.9999942779541,12.));
#4410=CARTESIAN_POINT('',(-61.0000038146973,-10.9999942779541,0.));
#4411=CARTESIAN_POINT('',(-65.,-15.,12.));
#4412=CARTESIAN_POINT('Origin',(-155.000009536743,-15.,0.));
#4413=CARTESIAN_POINT('',(-155.000009536743,-15.,12.));
#4414=CARTESIAN_POINT('',(-158.00000667572,-10.9999942779541,7.99999713897705));
#4415=CARTESIAN_POINT('',(-140.914686836668,-33.7804750428452,30.7804507474577));
#4416=CARTESIAN_POINT('',(-158.00000667572,-10.9999942779541,12.));
#4417=CARTESIAN_POINT('',(-158.00000667572,-10.9999942779541,12.));
#4418=CARTESIAN_POINT('',(-158.00000667572,-10.9999942779541,0.));
#4419=CARTESIAN_POINT('Origin',(-164.000005722046,-10.9999942779541,0.));
#4420=CARTESIAN_POINT('',(-164.000005722046,-10.9999942779541,7.99999713897705));
#4421=CARTESIAN_POINT('',(-167.000007629395,-15.,12.));
#4422=CARTESIAN_POINT('',(-144.829280216165,14.5609933772398,-17.5609600451886));
#4423=CARTESIAN_POINT('',(-164.000005722046,-10.9999942779541,12.));
#4424=CARTESIAN_POINT('',(-164.000005722046,-10.9999942779541,0.));
#4425=CARTESIAN_POINT('',(-167.000007629395,-15.,12.));
#4426=CARTESIAN_POINT('Origin',(-205.000007152557,-15.,0.));
#4427=CARTESIAN_POINT('',(-205.000007152557,-15.,12.));
#4428=CARTESIAN_POINT('',(-208.00000667572,-10.9999942779541,7.99999713897705));
#4429=CARTESIAN_POINT('',(-185.426868546348,-41.0975596225073,38.0975266044878));
#4430=CARTESIAN_POINT('',(-208.00000667572,-10.9999942779541,12.));
#4431=CARTESIAN_POINT('',(-208.00000667572,-10.9999942779541,12.));
#4432=CARTESIAN_POINT('',(-208.00000667572,-10.9999942779541,0.));
#4433=CARTESIAN_POINT('Origin',(-54.0000114440918,-17.5000047683716,0.));
#4434=CARTESIAN_POINT('',(-57.2500114440918,-17.5000047683716,12.));
#4435=CARTESIAN_POINT('Origin',(-54.0000114440918,-17.5000047683716,12.));
#4436=CARTESIAN_POINT('',(-57.2500114440918,-17.5000047683716,24.));
#4437=CARTESIAN_POINT('',(-57.2500114440918,-17.5000047683716,0.));
#4438=CARTESIAN_POINT('Origin',(-54.0000114440918,-17.5000047683716,24.0000009536743));
#4439=CARTESIAN_POINT('Origin',(-41.0000114440918,-17.5000047683716,0.));
#4440=CARTESIAN_POINT('',(-44.2500114440918,-17.5000047683716,11.9999980926514));
#4441=CARTESIAN_POINT('Origin',(-41.0000114440918,-17.5000047683716,11.9999980926514));
#4442=CARTESIAN_POINT('',(-44.2500114440918,-17.5000047683716,24.));
#4443=CARTESIAN_POINT('',(-44.2500114440918,-17.5000047683716,0.));
#4444=CARTESIAN_POINT('Origin',(-41.0000114440918,-17.5000047683716,24.0000009536743));
#4445=CARTESIAN_POINT('Origin',(0.,-10.9999942779541,0.));
#4446=CARTESIAN_POINT('',(0.,-10.9999942779541,0.));
#4447=CARTESIAN_POINT('',(-61.0000038146973,-10.9999942779541,12.));
#4448=CARTESIAN_POINT('',(0.,-10.9999942779541,7.99999713897705));
#4449=CARTESIAN_POINT('',(-164.000005722046,-10.9999942779541,12.));
#4450=CARTESIAN_POINT('',(0.,-10.9999942779541,7.99999713897705));
#4451=CARTESIAN_POINT('',(-214.000008106232,-10.9999942779541,12.));
#4452=CARTESIAN_POINT('Origin',(0.,-10.9999942779541,7.99999713897705));
#4453=CARTESIAN_POINT('',(0.,-15.,11.9999980926514));
#4454=CARTESIAN_POINT('Origin',(0.,-10.9999942779541,7.99999713897705));
#4455=CARTESIAN_POINT('',(0.,-15.,11.9999980926514));
#4456=CARTESIAN_POINT('Origin',(-207.000007629395,0.,0.));
#4457=CARTESIAN_POINT('',(-201.000006198883,-5.9999942779541,24.));
#4458=CARTESIAN_POINT('',(-173.499990436777,-33.499977257495,51.5000276433027));
#4459=CARTESIAN_POINT('',(-201.000006198883,-5.9999942779541,0.));
#4460=CARTESIAN_POINT('',(-201.000006198883,-5.9999942779541,0.));
#4461=CARTESIAN_POINT('',(-155.249944031214,-51.7500019073119,0.));
#4462=CARTESIAN_POINT('Origin',(-172.000007629395,-5.9999942779541,0.));
#4463=CARTESIAN_POINT('',(-172.000007629395,-5.9999942779541,24.));
#4464=CARTESIAN_POINT('',(-139.333336353315,26.6666510369833,-8.66669628354705));
#4465=CARTESIAN_POINT('',(-172.000007629395,-5.9999942779541,0.));
#4466=CARTESIAN_POINT('',(-127.499972979208,38.5000050067771,0.));
#4467=CARTESIAN_POINT('',(-172.000007629395,-5.9999942779541,0.));
#4468=CARTESIAN_POINT('Origin',(-201.000006198883,-5.9999942779541,0.));
#4469=CARTESIAN_POINT('',(-100.500003099442,-5.9999942779541,0.));
#4470=CARTESIAN_POINT('',(0.,-5.9999942779541,24.0000009536743));
#4471=CARTESIAN_POINT('Origin',(0.,-5.9999942779541,24.0000009536743));
#4472=CARTESIAN_POINT('',(0.,-5.9999942779541,24.0000009536743));
#4473=CARTESIAN_POINT('Origin',(0.,-5.9999942779541,24.0000009536743));
#4474=CARTESIAN_POINT('',(0.,-5.9999942779541,24.0000009536743));
#4475=CARTESIAN_POINT('Origin',(0.,0.,0.));
#4476=CARTESIAN_POINT('Origin',(-161.000006198883,-17.0000076293945,0.));
#4477=CARTESIAN_POINT('',(-164.250006198883,-17.0000076293945,11.9999980926514));
#4478=CARTESIAN_POINT('Origin',(-161.000006198883,-17.0000076293945,11.9999980926514));
#4479=CARTESIAN_POINT('',(-164.250006198883,-17.0000076293945,24.));
#4480=CARTESIAN_POINT('',(-164.250006198883,-17.0000076293945,0.));
#4481=CARTESIAN_POINT('Origin',(-161.000006198883,-17.0000076293945,24.0000009536743));
#4482=CARTESIAN_POINT('Origin',(-28.0000114440918,-17.5000047683716,0.));
#4483=CARTESIAN_POINT('',(-31.2500114440918,-17.5000047683716,11.9999980926514));
#4484=CARTESIAN_POINT('Origin',(-28.0000114440918,-17.5000047683716,11.9999980926514));
#4485=CARTESIAN_POINT('',(-31.2500114440918,-17.5000047683716,24.));
#4486=CARTESIAN_POINT('',(-31.2500114440918,-17.5000047683716,0.));
#4487=CARTESIAN_POINT('Origin',(-28.0000114440918,-17.5000047683716,24.0000009536743));
#4488=CARTESIAN_POINT('Origin',(-211.000006198883,-17.0000028610229,0.));
#4489=CARTESIAN_POINT('',(-214.250006198883,-17.0000028610229,11.9999980926514));
#4490=CARTESIAN_POINT('Origin',(-211.000006198883,-17.0000028610229,11.9999980926514));
#4491=CARTESIAN_POINT('',(-214.250006198883,-17.0000028610229,24.));
#4492=CARTESIAN_POINT('',(-214.250006198883,-17.0000028610229,0.));
#4493=CARTESIAN_POINT('Origin',(-211.000006198883,-17.0000028610229,24.0000009536743));
#4494=CARTESIAN_POINT('Origin',(0.,-15.,11.9999980926514));
#4495=CARTESIAN_POINT('',(0.,-36.0000038146973,11.9999980926514));
#4496=CARTESIAN_POINT('Origin',(0.,-28.0000019073486,24.0000009536743));
#4497=CARTESIAN_POINT('',(0.,-28.0000019073486,24.0000009536743));
#4498=CARTESIAN_POINT('Origin',(0.,-36.0000038146973,15.9999990463257));
#4499=CARTESIAN_POINT('',(0.,-36.0000038146973,15.9999990463257));
#4500=CARTESIAN_POINT('Origin',(0.,-36.0000038146973,11.9999980926514));
#4501=CARTESIAN_POINT('',(0.,0.,0.));
#4502=CARTESIAN_POINT('Origin',(-231.,6.66687860644424,-8.29700514554903));
#4503=CARTESIAN_POINT('',(-231.,0.,-6.51062040691598));
#4504=CARTESIAN_POINT('',(-225.5,0.,-6.51062040691598));
#4505=CARTESIAN_POINT('',(-115.5,0.,-6.51062040691598));
#4506=CARTESIAN_POINT('',(-225.5,-0.549999801442032,-6.36324840428231));
#4507=CARTESIAN_POINT('',(-225.5,-0.549999801442032,-6.36324840428231));
#4508=CARTESIAN_POINT('',(-231.,-0.549999801442034,-6.36324840428231));
#4509=CARTESIAN_POINT('',(-231.,-0.549999801442034,-6.36324840428231));
#4510=CARTESIAN_POINT('',(-231.,-0.549999801442032,-6.36324840428231));
#4511=CARTESIAN_POINT('Origin',(-231.,-5.54999987594783,-15.0235025711745));
#4512=CARTESIAN_POINT('',(-225.5,-1.28675163145337,-19.286750815669));
#4513=CARTESIAN_POINT('',(-231.,-1.28675163145337,-19.286750815669));
#4514=CARTESIAN_POINT('',(-115.5,-1.28675163145337,-19.286750815669));
#4515=CARTESIAN_POINT('',(-231.,-5.54999987594783,-15.0235025711745));
#4516=CARTESIAN_POINT('',(-231.,-5.54999987594783,-15.0235025711745));
#4517=CARTESIAN_POINT('',(-225.5,-5.54999987594783,-15.0235025711745));
#4518=CARTESIAN_POINT('',(-231.,-5.54999987594783,-15.0235025711745));
#4519=CARTESIAN_POINT('',(-225.5,-5.54999987594783,-15.0235025711745));
#4520=CARTESIAN_POINT('Origin',(-225.5,-1.9415606720047,-11.8915606265562));
#4521=CARTESIAN_POINT('',(-225.5,-0.549999801442029,-12.1367511822105));
#4522=CARTESIAN_POINT('',(-225.5,-0.549999801442031,-9.12740451541923));
#4523=CARTESIAN_POINT('',(-225.5,0.,-17.9999971389771));
#4524=CARTESIAN_POINT('',(-225.5,0.,-14.9457788827666));
#4525=CARTESIAN_POINT('',(-225.5,-1.95827740736791,-19.958277658946));
#4526=CARTESIAN_POINT('',(-225.5,-1.01874981541187,-12.4073841289586));
#4527=CARTESIAN_POINT('Origin',(-231.,-10.5499999504536,-6.36324840428232));
#4528=CARTESIAN_POINT('',(-231.,-10.5499999504536,-6.36324840428232));
#4529=CARTESIAN_POINT('',(-225.,-10.5499999504536,-6.36324840428232));
#4530=CARTESIAN_POINT('',(-231.,-10.5499999504536,-6.36324840428232));
#4531=CARTESIAN_POINT('',(-231.,-5.54999987594784,-3.47649701531824));
#4532=CARTESIAN_POINT('',(-231.,-10.5499999504536,-6.36324840428232));
#4533=CARTESIAN_POINT('',(-225.,-5.54999987594784,-3.47649701531824));
#4534=CARTESIAN_POINT('',(-231.,-5.54999987594784,-3.47649701531824));
#4535=CARTESIAN_POINT('',(-225.,-10.5499999504536,-6.36324840428232));
#4536=CARTESIAN_POINT('Origin',(-231.,-10.5499999504536,-12.1367511822105));
#4537=CARTESIAN_POINT('',(-231.,-10.5499999504536,-12.1367511822105));
#4538=CARTESIAN_POINT('',(-225.,-10.5499999504536,-12.1367511822105));
#4539=CARTESIAN_POINT('',(-231.,-10.5499999504536,-12.1367511822105));
#4540=CARTESIAN_POINT('',(-231.,-10.5499999504536,-12.1367511822105));
#4541=CARTESIAN_POINT('',(-225.,-10.5499999504536,-12.1367511822105));
#4542=CARTESIAN_POINT('Origin',(-231.,-5.54999987594783,-15.0235025711745));
#4543=CARTESIAN_POINT('',(-225.,-5.54999987594783,-15.0235025711745));
#4544=CARTESIAN_POINT('',(-231.,-5.54999987594783,-15.0235025711745));
#4545=CARTESIAN_POINT('',(-231.,-5.54999987594783,-15.0235025711745));
#4546=CARTESIAN_POINT('',(-225.,-5.54999987594783,-15.0235025711745));
#4547=CARTESIAN_POINT('Origin',(0.,0.,-17.9999971389771));
#4548=CARTESIAN_POINT('',(-231.,0.,-17.9999971389771));
#4549=CARTESIAN_POINT('',(-231.,0.,-14.9457788827666));
#4550=CARTESIAN_POINT('',(-237.,0.,-17.9999971389771));
#4551=CARTESIAN_POINT('',(0.,0.,-17.9999971389771));
#4552=CARTESIAN_POINT('',(-237.,0.,0.));
#4553=CARTESIAN_POINT('',(-237.,0.,-17.9999971389771));
#4554=CARTESIAN_POINT('',(-207.000007629395,0.,0.));
#4555=CARTESIAN_POINT('',(0.,0.,0.));
#4556=CARTESIAN_POINT('',(-207.000007629395,0.,-17.9999971389771));
#4557=CARTESIAN_POINT('',(-207.000007629395,8.88178419700125E-15,-8.99999856948853));
#4558=CARTESIAN_POINT('',(0.,0.,-17.9999971389771));
#4559=CARTESIAN_POINT('Origin',(-231.,-11.2264974753916,-24.6924207517539));
#4560=CARTESIAN_POINT('',(-231.,-11.2264974753916,-24.0000009536743));
#4561=CARTESIAN_POINT('',(-225.5,-11.2264974753916,-24.0000009536743));
#4562=CARTESIAN_POINT('',(-115.5,-11.2264974753916,-24.0000009536743));
#4563=CARTESIAN_POINT('',(-225.5,-11.2264974753916,-18.0000002682209));
#4564=CARTESIAN_POINT('',(-225.5,-11.2264974753916,-18.0000002682209));
#4565=CARTESIAN_POINT('',(-231.,-11.2264974753916,-18.0000002682209));
#4566=CARTESIAN_POINT('',(-231.,-11.2264974753916,-18.0000002682209));
#4567=CARTESIAN_POINT('',(-231.,-11.2264974753916,-18.0000002682209));
#4568=CARTESIAN_POINT('Origin',(-225.5,-17.0000002533197,-18.8462104727345));
#4569=CARTESIAN_POINT('',(-225.5,-22.7735030312479,-18.0000002682209));
#4570=CARTESIAN_POINT('',(-225.5,-19.8867516422838,-23.0000003427267));
#4571=CARTESIAN_POINT('',(-225.5,-20.4252296060122,-22.0673291507929));
#4572=CARTESIAN_POINT('',(-225.5,-14.1132488643557,-23.0000003427267));
#4573=CARTESIAN_POINT('',(-225.5,-15.5566245588377,-23.0000003427267));
#4574=CARTESIAN_POINT('',(-225.5,-12.1313952061452,-19.5673291135399));
#4575=CARTESIAN_POINT('',(-225.5,-22.7735030312479,-24.0000009536743));
#4576=CARTESIAN_POINT('',(-225.5,-22.5000010803342,-24.0000009536743));
#4577=CARTESIAN_POINT('',(-225.5,-22.7735030312479,-24.6924207517539));
#4578=CARTESIAN_POINT('Origin',(-231.,-22.7735030312479,-18.0000002682209));
#4579=CARTESIAN_POINT('',(-231.,-22.7735030312479,-24.0000009536743));
#4580=CARTESIAN_POINT('',(-115.5,-22.7735030312479,-24.0000009536743));
#4581=CARTESIAN_POINT('',(-231.,-22.7735030312479,-18.0000002682209));
#4582=CARTESIAN_POINT('',(-231.,-22.7735030312479,-24.6924207517539));
#4583=CARTESIAN_POINT('',(-231.,-22.7735030312479,-18.0000002682209));
#4584=CARTESIAN_POINT('Origin',(-231.,-19.8867516422838,-23.0000003427267));
#4585=CARTESIAN_POINT('',(-225.,-22.7735030312479,-18.0000002682209));
#4586=CARTESIAN_POINT('',(-231.,-22.7735030312479,-18.0000002682209));
#4587=CARTESIAN_POINT('',(-225.,-19.8867516422838,-23.0000003427267));
#4588=CARTESIAN_POINT('',(-225.,-19.8867516422838,-23.0000003427267));
#4589=CARTESIAN_POINT('',(-231.,-19.8867516422838,-23.0000003427267));
#4590=CARTESIAN_POINT('Origin',(-231.,-14.1132488643557,-23.0000003427267));
#4591=CARTESIAN_POINT('',(-225.,-14.1132488643557,-23.0000003427267));
#4592=CARTESIAN_POINT('',(-225.,-14.1132488643557,-23.0000003427267));
#4593=CARTESIAN_POINT('',(-231.,-14.1132488643557,-23.0000003427267));
#4594=CARTESIAN_POINT('Origin',(-231.,-11.2264974753916,-18.0000002682209));
#4595=CARTESIAN_POINT('',(-225.,-11.2264974753916,-18.0000002682209));
#4596=CARTESIAN_POINT('',(-225.,-11.2264974753916,-18.0000002682209));
#4597=CARTESIAN_POINT('',(-231.,-11.2264974753916,-18.0000002682209));
#4598=CARTESIAN_POINT('Origin',(-6.,6.66687860644424,-8.29700514554903));
#4599=CARTESIAN_POINT('',(-11.5,0.,-6.51062040691598));
#4600=CARTESIAN_POINT('',(-6.,0.,-6.51062040691598));
#4601=CARTESIAN_POINT('',(-3.,0.,-6.51062040691598));
#4602=CARTESIAN_POINT('',(-6.,-0.549999801442034,-6.36324840428231));
#4603=CARTESIAN_POINT('',(-6.,-0.549999801442032,-6.36324840428231));
#4604=CARTESIAN_POINT('',(-11.5,-0.549999801442032,-6.36324840428231));
#4605=CARTESIAN_POINT('',(-6.,-0.549999801442034,-6.36324840428231));
#4606=CARTESIAN_POINT('',(-11.5,-0.549999801442032,-6.36324840428231));
#4607=CARTESIAN_POINT('Origin',(-6.,-5.54999987594783,-15.0235025711745));
#4608=CARTESIAN_POINT('',(-6.,-1.28675163145337,-19.286750815669));
#4609=CARTESIAN_POINT('',(-11.5,-1.28675163145337,-19.286750815669));
#4610=CARTESIAN_POINT('',(-3.,-1.28675163145337,-19.286750815669));
#4611=CARTESIAN_POINT('',(-11.5,-5.54999987594783,-15.0235025711745));
#4612=CARTESIAN_POINT('',(-11.5,-5.54999987594783,-15.0235025711745));
#4613=CARTESIAN_POINT('',(-6.,-5.54999987594783,-15.0235025711745));
#4614=CARTESIAN_POINT('',(-6.,-5.54999987594783,-15.0235025711745));
#4615=CARTESIAN_POINT('',(-6.,-5.54999987594783,-15.0235025711745));
#4616=CARTESIAN_POINT('Origin',(-11.5,-1.9415606720047,-11.8915606265562));
#4617=CARTESIAN_POINT('',(-11.5,0.,-17.9999971389771));
#4618=CARTESIAN_POINT('',(-11.5,0.,-14.9457788827666));
#4619=CARTESIAN_POINT('',(-11.5,-5.54999987594784,-3.47649701531824));
#4620=CARTESIAN_POINT('',(-11.5,-5.54999987594784,-3.47649701531824));
#4621=CARTESIAN_POINT('',(-11.5,-10.5499999504536,-6.36324840428232));
#4622=CARTESIAN_POINT('',(-11.5,-10.5499999504536,-6.36324840428232));
#4623=CARTESIAN_POINT('',(-11.5,-10.5499999504536,-12.1367511822105));
#4624=CARTESIAN_POINT('',(-11.5,-10.5499999504536,-12.1367511822105));
#4625=CARTESIAN_POINT('',(-11.5,-5.54999987594783,-15.0235025711745));
#4626=CARTESIAN_POINT('',(-11.5,-1.95827740736791,-19.958277658946));
#4627=CARTESIAN_POINT('',(-11.5,-8.36458243824726,-7.62499979324639));
#4628=CARTESIAN_POINT('Origin',(-11.5,-5.54999987594783,-9.24999979324639));
#4629=CARTESIAN_POINT('Origin',(0.,0.,-17.9999971389771));
#4630=CARTESIAN_POINT('',(-166.000008583069,0.,-17.9999971389771));
#4631=CARTESIAN_POINT('',(0.,0.,-17.9999971389771));
#4632=CARTESIAN_POINT('',(-166.000008583069,-1.11022302462516E-15,0.));
#4633=CARTESIAN_POINT('',(-166.000008583069,0.,-8.99999856948853));
#4634=CARTESIAN_POINT('',(0.,0.,0.));
#4635=CARTESIAN_POINT('',(0.,0.,0.));
#4636=CARTESIAN_POINT('',(0.,0.,-17.9999971389771));
#4637=CARTESIAN_POINT('',(0.,0.,-17.9999971389771));
#4638=CARTESIAN_POINT('',(-6.,0.,-17.9999971389771));
#4639=CARTESIAN_POINT('',(0.,0.,-17.9999971389771));
#4640=CARTESIAN_POINT('',(-6.,0.,-14.9457788827666));
#4641=CARTESIAN_POINT('Origin',(-6.,-11.2264974753916,-24.6924207517539));
#4642=CARTESIAN_POINT('',(-11.5,-11.2264974753916,-24.0000009536743));
#4643=CARTESIAN_POINT('',(-6.,-11.2264974753916,-24.0000009536743));
#4644=CARTESIAN_POINT('',(-3.,-11.2264974753916,-24.0000009536743));
#4645=CARTESIAN_POINT('',(-6.,-11.2264974753916,-18.0000002682209));
#4646=CARTESIAN_POINT('',(-6.,-11.2264974753916,-18.0000002682209));
#4647=CARTESIAN_POINT('',(-11.5,-11.2264974753916,-18.0000002682209));
#4648=CARTESIAN_POINT('',(-6.,-11.2264974753916,-18.0000002682209));
#4649=CARTESIAN_POINT('',(-11.5,-11.2264974753916,-18.0000002682209));
#4650=CARTESIAN_POINT('Origin',(-6.,-22.7735030312479,-18.0000002682209));
#4651=CARTESIAN_POINT('',(-6.,-22.7735030312479,-24.0000009536743));
#4652=CARTESIAN_POINT('',(-11.5,-22.7735030312479,-24.0000009536743));
#4653=CARTESIAN_POINT('',(-3.,-22.7735030312479,-24.0000009536743));
#4654=CARTESIAN_POINT('',(-11.5,-22.7735030312479,-18.0000002682209));
#4655=CARTESIAN_POINT('',(-11.5,-22.7735030312479,-24.6924207517539));
#4656=CARTESIAN_POINT('',(-6.,-22.7735030312479,-18.0000002682209));
#4657=CARTESIAN_POINT('',(-6.,-22.7735030312479,-18.0000002682209));
#4658=CARTESIAN_POINT('',(-6.,-22.7735030312479,-24.6924207517539));
#4659=CARTESIAN_POINT('Origin',(-11.5,-17.0000002533197,-18.8462104727345));
#4660=CARTESIAN_POINT('',(-11.5,-22.5000010803342,-24.0000009536743));
#4661=CARTESIAN_POINT('',(-11.5,-14.1132488643557,-13.0000001937151));
#4662=CARTESIAN_POINT('',(-11.5,-14.1132488643557,-13.0000001937151));
#4663=CARTESIAN_POINT('',(-11.5,-19.8867516422838,-13.0000001937151));
#4664=CARTESIAN_POINT('',(-11.5,-19.8867516422838,-13.0000001937151));
#4665=CARTESIAN_POINT('',(-11.5,-22.7735030312479,-18.0000002682209));
#4666=CARTESIAN_POINT('',(-11.5,-20.2500002533197,-18.0000002682209));
#4667=CARTESIAN_POINT('Origin',(-11.5,-17.0000002533197,-18.0000002682209));
#4668=CARTESIAN_POINT('Origin',(-237.,-18.0000019073486,-12.0000004768372));
#4669=CARTESIAN_POINT('',(-237.,-17.1421316553407,0.));
#4670=CARTESIAN_POINT('',(-237.,-10.9999942779541,0.));
#4671=CARTESIAN_POINT('',(-237.,-5.9999942779541,-24.0000009536743));
#4672=CARTESIAN_POINT('',(-237.,-5.9999942779541,-24.0000009536743));
#4673=CARTESIAN_POINT('',(-237.,-28.0000019073486,-24.0000009536743));
#4674=CARTESIAN_POINT('',(-237.,-28.0000019073486,-24.0000009536743));
#4675=CARTESIAN_POINT('',(-237.,-36.0000038146973,-15.9999990463257));
#4676=CARTESIAN_POINT('',(-237.,-36.0000038146973,-15.9999990463257));
#4677=CARTESIAN_POINT('',(-237.,-36.0000038146973,-11.9999980926514));
#4678=CARTESIAN_POINT('',(-237.,-36.0000038146973,-11.9999980926514));
#4679=CARTESIAN_POINT('',(-237.,-29.1421440531012,-11.9999980926514));
#4680=CARTESIAN_POINT('',(-237.,-36.0000038146973,-11.9999980926514));
#4681=CARTESIAN_POINT('',(-237.,-20.821062703113,-3.67892666215102));
#4682=CARTESIAN_POINT('',(-237.,-8.36458243824726,-7.62499979324639));
#4683=CARTESIAN_POINT('Origin',(-237.,-5.54999987594783,-9.24999979324639));
#4684=CARTESIAN_POINT('',(-237.,-20.2500002533197,-18.0000002682209));
#4685=CARTESIAN_POINT('Origin',(-237.,-17.0000002533197,-18.0000002682209));
#4686=CARTESIAN_POINT('Origin',(0.,-18.071057875137,-0.928925112431498));
#4687=CARTESIAN_POINT('',(-218.606603817284,-17.1421316553407,0.));
#4688=CARTESIAN_POINT('',(0.,-17.1421316553407,0.));
#4689=CARTESIAN_POINT('',(-227.606600241006,-29.1421459604521,-12.));
#4690=CARTESIAN_POINT('',(0.,-29.1421440531012,-11.9999980926514));
#4691=CARTESIAN_POINT('',(-193.480663227401,16.3591757133205,33.5012674320479));
#4692=CARTESIAN_POINT('Origin',(-214.000008106232,-10.9999942779541,0.));
#4693=CARTESIAN_POINT('',(-214.000008106232,-10.9999942779541,0.));
#4694=CARTESIAN_POINT('',(-172.840087564388,43.8799870070936,0.));
#4695=CARTESIAN_POINT('',(-214.000008106232,-10.9999942779541,-12.));
#4696=CARTESIAN_POINT('',(-217.000007629395,-15.,-12.));
#4697=CARTESIAN_POINT('',(-214.000008106232,-10.9999942779541,0.));
#4698=CARTESIAN_POINT('Origin',(0.,-18.071057875137,-0.928925112431498));
#4699=CARTESIAN_POINT('',(0.,-17.1421316553407,0.));
#4700=CARTESIAN_POINT('',(-15.8578848959836,-17.1421316553407,0.));
#4701=CARTESIAN_POINT('',(0.,-17.1421316553407,0.));
#4702=CARTESIAN_POINT('',(-3.85789920109495,-29.1421459604521,-12.));
#4703=CARTESIAN_POINT('',(-13.6193108599006,-19.3807110286052,-2.23857670467372));
#4704=CARTESIAN_POINT('',(0.,-29.1421440531012,-11.9999980926514));
#4705=CARTESIAN_POINT('',(0.,-29.1421440531012,-11.9999980926514));
#4706=CARTESIAN_POINT('',(0.,-20.821062703113,-3.67892666215102));
#4707=CARTESIAN_POINT('Origin',(0.,-18.0000019073486,-12.0000004768372));
#4708=CARTESIAN_POINT('',(0.,-10.9999942779541,0.));
#4709=CARTESIAN_POINT('',(0.,-36.0000038146973,-11.9999980926514));
#4710=CARTESIAN_POINT('',(0.,-36.0000038146973,-11.9999980926514));
#4711=CARTESIAN_POINT('',(0.,-36.0000038146973,-15.9999990463257));
#4712=CARTESIAN_POINT('',(0.,-36.0000038146973,-11.9999980926514));
#4713=CARTESIAN_POINT('',(0.,-28.0000019073486,-24.0000009536743));
#4714=CARTESIAN_POINT('',(0.,-36.0000038146973,-15.9999990463257));
#4715=CARTESIAN_POINT('',(0.,-5.9999942779541,-24.0000009536743));
#4716=CARTESIAN_POINT('',(0.,-28.0000019073486,-24.0000009536743));
#4717=CARTESIAN_POINT('',(0.,-5.9999942779541,-24.0000009536743));
#4718=CARTESIAN_POINT('',(0.,-8.36458243824726,-7.62499979324639));
#4719=CARTESIAN_POINT('Origin',(0.,-5.54999987594783,-9.24999979324639));
#4720=CARTESIAN_POINT('',(0.,-20.2500002533197,-18.0000002682209));
#4721=CARTESIAN_POINT('Origin',(0.,-17.0000002533197,-18.0000002682209));
#4722=CARTESIAN_POINT('Origin',(-18.0000114440918,-15.,0.));
#4723=CARTESIAN_POINT('',(-22.0000076293945,-10.9999942779541,0.));
#4724=CARTESIAN_POINT('',(-17.2500193118985,-15.7499939203156,0.));
#4725=CARTESIAN_POINT('',(-22.0000076293945,-10.9999942779541,-12.));
#4726=CARTESIAN_POINT('',(-22.0000076293945,-10.9999942779541,0.));
#4727=CARTESIAN_POINT('',(-22.0000076293945,-10.9999942779541,-12.));
#4728=CARTESIAN_POINT('Origin',(-231.,-22.7735030312479,-18.0000002682209));
#4729=CARTESIAN_POINT('',(-231.,-19.8867516422838,-13.0000001937151));
#4730=CARTESIAN_POINT('',(-231.,-22.7735030312479,-18.0000002682209));
#4731=CARTESIAN_POINT('',(-225.,-19.8867516422838,-13.0000001937151));
#4732=CARTESIAN_POINT('',(-231.,-19.8867516422838,-13.0000001937151));
#4733=CARTESIAN_POINT('',(-225.,-22.7735030312479,-18.0000002682209));
#4734=CARTESIAN_POINT('Origin',(-231.,-14.1132488643557,-13.0000001937151));
#4735=CARTESIAN_POINT('',(-231.,-14.1132488643557,-13.0000001937151));
#4736=CARTESIAN_POINT('',(-225.,-14.1132488643557,-13.0000001937151));
#4737=CARTESIAN_POINT('',(-231.,-14.1132488643557,-13.0000001937151));
#4738=CARTESIAN_POINT('',(-231.,-14.1132488643557,-13.0000001937151));
#4739=CARTESIAN_POINT('',(-225.,-14.1132488643557,-13.0000001937151));
#4740=CARTESIAN_POINT('Origin',(-231.,-19.8867516422838,-13.0000001937151));
#4741=CARTESIAN_POINT('',(-231.,-19.8867516422838,-13.0000001937151));
#4742=CARTESIAN_POINT('',(-225.,-19.8867516422838,-13.0000001937151));
#4743=CARTESIAN_POINT('Origin',(-225.,-17.0000002533197,-18.0000002682209));
#4744=CARTESIAN_POINT('',(-225.,-20.2500002533197,-18.0000002682209));
#4745=CARTESIAN_POINT('Origin',(-225.,-17.0000002533197,-18.0000002682209));
#4746=CARTESIAN_POINT('Origin',(-231.,-17.0000002533197,-18.0000002682209));
#4747=CARTESIAN_POINT('',(-231.,-22.5000010803342,-24.0000009536743));
#4748=CARTESIAN_POINT('',(-231.,-20.2500002533197,-18.0000002682209));
#4749=CARTESIAN_POINT('Origin',(-231.,-17.0000002533197,-18.0000002682209));
#4750=CARTESIAN_POINT('Origin',(-231.,-0.549999801442029,-12.1367511822105));
#4751=CARTESIAN_POINT('',(-225.,-0.549999801442029,-12.1367511822105));
#4752=CARTESIAN_POINT('',(-225.,-0.549999801442029,-12.1367511822105));
#4753=CARTESIAN_POINT('',(-231.,-0.549999801442029,-12.1367511822105));
#4754=CARTESIAN_POINT('Origin',(-231.,-0.549999801442034,-6.36324840428231));
#4755=CARTESIAN_POINT('',(-225.,-0.549999801442034,-6.36324840428231));
#4756=CARTESIAN_POINT('',(-225.,-0.549999801442034,-6.36324840428231));
#4757=CARTESIAN_POINT('',(-231.,-0.549999801442034,-6.36324840428231));
#4758=CARTESIAN_POINT('Origin',(-231.,-5.54999987594784,-3.47649701531824));
#4759=CARTESIAN_POINT('',(-231.,-5.54999987594784,-3.47649701531824));
#4760=CARTESIAN_POINT('',(-225.,-5.54999987594784,-3.47649701531824));
#4761=CARTESIAN_POINT('Origin',(-225.,-5.54999987594784,-9.24999979324639));
#4762=CARTESIAN_POINT('',(-225.,-8.36458243824726,-7.62499979324639));
#4763=CARTESIAN_POINT('Origin',(-225.,-5.54999987594783,-9.24999979324639));
#4764=CARTESIAN_POINT('Origin',(-231.,-5.54999987594784,-9.24999979324639));
#4765=CARTESIAN_POINT('',(-231.,-1.95827740736791,-19.958277658946));
#4766=CARTESIAN_POINT('',(-231.,-8.36458243824726,-7.62499979324639));
#4767=CARTESIAN_POINT('Origin',(-231.,-5.54999987594783,-9.24999979324639));
#4768=CARTESIAN_POINT('Origin',(-237.,-17.0000002533197,-18.0000002682209));
#4769=CARTESIAN_POINT('',(-237.,-20.2500002533197,-18.0000002682209));
#4770=CARTESIAN_POINT('Origin',(-237.,-5.54999987594783,-9.24999979324639));
#4771=CARTESIAN_POINT('',(-237.,-8.36458243824726,-7.62499979324639));
#4772=CARTESIAN_POINT('Origin',(-6.,-11.2264974753916,-18.0000002682209));
#4773=CARTESIAN_POINT('',(-6.,-14.1132488643557,-13.0000001937151));
#4774=CARTESIAN_POINT('',(-6.,-14.1132488643557,-13.0000001937151));
#4775=CARTESIAN_POINT('',(-6.,-14.1132488643557,-13.0000001937151));
#4776=CARTESIAN_POINT('Origin',(-6.,-19.8867516422838,-13.0000001937151));
#4777=CARTESIAN_POINT('',(-6.,-19.8867516422838,-13.0000001937151));
#4778=CARTESIAN_POINT('',(-6.,-22.7735030312479,-18.0000002682209));
#4779=CARTESIAN_POINT('',(-6.,-19.8867516422838,-13.0000001937151));
#4780=CARTESIAN_POINT('Origin',(-6.,-14.1132488643557,-13.0000001937151));
#4781=CARTESIAN_POINT('',(-6.,-19.8867516422838,-13.0000001937151));
#4782=CARTESIAN_POINT('Origin',(-6.,-17.0000002533197,-18.0000002682209));
#4783=CARTESIAN_POINT('',(-6.,-22.5000010803342,-24.0000009536743));
#4784=CARTESIAN_POINT('',(-6.,-20.2500002533197,-18.0000002682209));
#4785=CARTESIAN_POINT('Origin',(-6.,-17.0000002533197,-18.0000002682209));
#4786=CARTESIAN_POINT('Origin',(-6.,-0.549999801442034,-6.36324840428231));
#4787=CARTESIAN_POINT('',(-6.,-5.54999987594784,-3.47649701531824));
#4788=CARTESIAN_POINT('',(-6.,-5.54999987594784,-3.47649701531824));
#4789=CARTESIAN_POINT('',(-6.,-5.54999987594784,-3.47649701531824));
#4790=CARTESIAN_POINT('Origin',(-6.,-10.5499999504536,-12.1367511822105));
#4791=CARTESIAN_POINT('',(-6.,-10.5499999504536,-12.1367511822105));
#4792=CARTESIAN_POINT('',(-6.,-5.54999987594783,-15.0235025711745));
#4793=CARTESIAN_POINT('',(-6.,-10.5499999504536,-12.1367511822105));
#4794=CARTESIAN_POINT('Origin',(-6.,-10.5499999504536,-6.36324840428232));
#4795=CARTESIAN_POINT('',(-6.,-10.5499999504536,-6.36324840428232));
#4796=CARTESIAN_POINT('',(-6.,-10.5499999504536,-12.1367511822105));
#4797=CARTESIAN_POINT('',(-6.,-10.5499999504536,-6.36324840428232));
#4798=CARTESIAN_POINT('Origin',(-6.,-5.54999987594784,-3.47649701531824));
#4799=CARTESIAN_POINT('',(-6.,-10.5499999504536,-6.36324840428232));
#4800=CARTESIAN_POINT('Origin',(-6.,-5.54999987594784,-9.24999979324639));
#4801=CARTESIAN_POINT('',(-6.,-1.95827740736791,-19.958277658946));
#4802=CARTESIAN_POINT('',(-6.,-8.36458243824726,-7.62499979324639));
#4803=CARTESIAN_POINT('Origin',(-6.,-5.54999987594783,-9.24999979324639));
#4804=CARTESIAN_POINT('Origin',(0.,-17.0000002533197,-18.0000002682209));
#4805=CARTESIAN_POINT('',(-20.,-20.2500002533197,-18.0000002682209));
#4806=CARTESIAN_POINT('',(0.,-20.2500002533197,-18.0000002682209));
#4807=CARTESIAN_POINT('Origin',(-20.,-17.0000002533197,-18.0000002682209));
#4808=CARTESIAN_POINT('Origin',(0.,-5.54999987594783,-9.24999979324639));
#4809=CARTESIAN_POINT('',(-20.,-8.36458243824726,-7.62499979324639));
#4810=CARTESIAN_POINT('',(0.,-8.36458243824726,-7.62499979324639));
#4811=CARTESIAN_POINT('Origin',(-20.,-5.54999987594783,-9.24999979324639));
#4812=CARTESIAN_POINT('Origin',(-237.,-17.0000002533197,-18.0000002682209));
#4813=CARTESIAN_POINT('',(-217.,-20.2500002533197,-18.0000002682209));
#4814=CARTESIAN_POINT('',(-237.,-20.2500002533197,-18.0000002682209));
#4815=CARTESIAN_POINT('Origin',(-217.,-17.0000002533197,-18.0000002682209));
#4816=CARTESIAN_POINT('Origin',(-217.,-17.0000002533197,-18.0000002682209));
#4817=CARTESIAN_POINT('Origin',(-237.,-5.54999987594783,-9.24999979324639));
#4818=CARTESIAN_POINT('',(-217.,-8.36458243824726,-7.62499979324639));
#4819=CARTESIAN_POINT('',(-237.,-8.36458243824726,-7.62499979324639));
#4820=CARTESIAN_POINT('Origin',(-217.,-5.54999987594783,-9.24999979324639));
#4821=CARTESIAN_POINT('Origin',(-217.,-5.54999987594783,-9.24999979324639));
#4822=CARTESIAN_POINT('Origin',(0.,-17.0000002533197,-18.0000002682209));
#4823=CARTESIAN_POINT('',(0.,-20.2500002533197,-18.0000002682209));
#4824=CARTESIAN_POINT('Origin',(-20.,-17.0000002533197,-18.0000002682209));
#4825=CARTESIAN_POINT('Origin',(0.,-5.54999987594783,-9.24999979324639));
#4826=CARTESIAN_POINT('',(0.,-8.36458243824726,-7.62499979324639));
#4827=CARTESIAN_POINT('Origin',(-20.,-5.54999987594783,-9.24999979324639));
#4828=CARTESIAN_POINT('Origin',(-61.0000038146973,-10.9999942779541,0.));
#4829=CARTESIAN_POINT('',(-61.0000038146973,-10.9999942779541,-7.99999713897705));
#4830=CARTESIAN_POINT('',(-65.,-15.,-12.));
#4831=CARTESIAN_POINT('',(-49.5000294844222,0.500007470422523,3.4999909003488));
#4832=CARTESIAN_POINT('',(-61.0000038146973,-10.9999942779541,-12.));
#4833=CARTESIAN_POINT('',(-65.,-15.,-12.));
#4834=CARTESIAN_POINT('',(-61.0000038146973,-10.9999942779541,0.));
#4835=CARTESIAN_POINT('Origin',(-155.000009536743,-15.,0.));
#4836=CARTESIAN_POINT('',(-155.000009536743,-15.,-12.));
#4837=CARTESIAN_POINT('',(-158.00000667572,-10.9999942779541,-7.99999713897705));
#4838=CARTESIAN_POINT('',(-140.914686836668,-33.7804750428452,-30.7804507474577));
#4839=CARTESIAN_POINT('',(-158.00000667572,-10.9999942779541,-12.));
#4840=CARTESIAN_POINT('',(-158.00000667572,-10.9999942779541,0.));
#4841=CARTESIAN_POINT('',(-158.00000667572,-10.9999942779541,-12.));
#4842=CARTESIAN_POINT('Origin',(-164.000005722046,-10.9999942779541,0.));
#4843=CARTESIAN_POINT('',(-164.000005722046,-10.9999942779541,-7.99999713897705));
#4844=CARTESIAN_POINT('',(-167.000007629395,-15.,-12.));
#4845=CARTESIAN_POINT('',(-144.829280216165,14.5609933772398,17.5609600451886));
#4846=CARTESIAN_POINT('',(-164.000005722046,-10.9999942779541,-12.));
#4847=CARTESIAN_POINT('',(-167.000007629395,-15.,-12.));
#4848=CARTESIAN_POINT('',(-164.000005722046,-10.9999942779541,0.));
#4849=CARTESIAN_POINT('Origin',(-205.000007152557,-15.,0.));
#4850=CARTESIAN_POINT('',(-205.000007152557,-15.,-12.));
#4851=CARTESIAN_POINT('',(-208.00000667572,-10.9999942779541,-7.99999713897705));
#4852=CARTESIAN_POINT('',(-185.426868546348,-41.0975596225073,-38.0975266044878));
#4853=CARTESIAN_POINT('',(-208.00000667572,-10.9999942779541,-12.));
#4854=CARTESIAN_POINT('',(-208.00000667572,-10.9999942779541,0.));
#4855=CARTESIAN_POINT('',(-208.00000667572,-10.9999942779541,-12.));
#4856=CARTESIAN_POINT('Origin',(-54.0000114440918,-17.5000047683716,0.));
#4857=CARTESIAN_POINT('',(-57.2500114440918,-17.5000047683716,-12.));
#4858=CARTESIAN_POINT('Origin',(-54.0000114440918,-17.5000047683716,-12.));
#4859=CARTESIAN_POINT('',(-57.2500114440918,-17.5000047683716,-24.));
#4860=CARTESIAN_POINT('',(-57.2500114440918,-17.5000047683716,0.));
#4861=CARTESIAN_POINT('Origin',(-54.0000114440918,-17.5000047683716,-24.0000009536743));
#4862=CARTESIAN_POINT('Origin',(-41.0000114440918,-17.5000047683716,0.));
#4863=CARTESIAN_POINT('',(-44.2500114440918,-17.5000047683716,-11.9999980926514));
#4864=CARTESIAN_POINT('Origin',(-41.0000114440918,-17.5000047683716,-11.9999980926514));
#4865=CARTESIAN_POINT('',(-44.2500114440918,-17.5000047683716,-24.));
#4866=CARTESIAN_POINT('',(-44.2500114440918,-17.5000047683716,0.));
#4867=CARTESIAN_POINT('Origin',(-41.0000114440918,-17.5000047683716,-24.0000009536743));
#4868=CARTESIAN_POINT('Origin',(0.,-10.9999942779541,0.));
#4869=CARTESIAN_POINT('',(-214.000008106232,-10.9999942779541,-12.));
#4870=CARTESIAN_POINT('',(0.,-10.9999942779541,-7.99999713897705));
#4871=CARTESIAN_POINT('',(-164.000005722046,-10.9999942779541,-12.));
#4872=CARTESIAN_POINT('',(0.,-10.9999942779541,-7.99999713897705));
#4873=CARTESIAN_POINT('',(-61.0000038146973,-10.9999942779541,-12.));
#4874=CARTESIAN_POINT('',(0.,-10.9999942779541,0.));
#4875=CARTESIAN_POINT('Origin',(0.,-10.9999942779541,-7.99999713897705));
#4876=CARTESIAN_POINT('',(0.,-15.,-11.9999980926514));
#4877=CARTESIAN_POINT('Origin',(0.,-10.9999942779541,-7.99999713897705));
#4878=CARTESIAN_POINT('',(0.,-15.,-11.9999980926514));
#4879=CARTESIAN_POINT('Origin',(-207.000007629395,0.,0.));
#4880=CARTESIAN_POINT('',(-201.000006198883,-5.9999942779541,-24.));
#4881=CARTESIAN_POINT('',(-173.499990436777,-33.499977257495,-51.5000276433027));
#4882=CARTESIAN_POINT('',(-201.000006198883,-5.9999942779541,0.));
#4883=CARTESIAN_POINT('',(-155.249944031214,-51.7500019073119,0.));
#4884=CARTESIAN_POINT('',(-201.000006198883,-5.9999942779541,0.));
#4885=CARTESIAN_POINT('Origin',(-172.000007629395,-5.9999942779541,0.));
#4886=CARTESIAN_POINT('',(-172.000007629395,-5.9999942779541,-24.));
#4887=CARTESIAN_POINT('',(-139.333336353315,26.6666510369833,8.66669628354705));
#4888=CARTESIAN_POINT('',(-172.000007629395,-5.9999942779541,0.));
#4889=CARTESIAN_POINT('',(-172.000007629395,-5.9999942779541,0.));
#4890=CARTESIAN_POINT('',(-127.499972979208,38.5000050067771,0.));
#4891=CARTESIAN_POINT('Origin',(-201.000006198883,-5.9999942779541,0.));
#4892=CARTESIAN_POINT('',(-100.500003099442,-5.9999942779541,0.));
#4893=CARTESIAN_POINT('',(0.,-5.9999942779541,-24.0000009536743));
#4894=CARTESIAN_POINT('Origin',(0.,-5.9999942779541,-24.0000009536743));
#4895=CARTESIAN_POINT('',(0.,-5.9999942779541,-24.0000009536743));
#4896=CARTESIAN_POINT('Origin',(0.,-5.9999942779541,-24.0000009536743));
#4897=CARTESIAN_POINT('',(0.,-5.9999942779541,-24.0000009536743));
#4898=CARTESIAN_POINT('Origin',(0.,0.,0.));
#4899=CARTESIAN_POINT('Origin',(-161.000006198883,-17.0000076293945,0.));
#4900=CARTESIAN_POINT('',(-164.250006198883,-17.0000076293945,-11.9999980926514));
#4901=CARTESIAN_POINT('Origin',(-161.000006198883,-17.0000076293945,-11.9999980926514));
#4902=CARTESIAN_POINT('',(-164.250006198883,-17.0000076293945,-24.));
#4903=CARTESIAN_POINT('',(-164.250006198883,-17.0000076293945,0.));
#4904=CARTESIAN_POINT('Origin',(-161.000006198883,-17.0000076293945,-24.0000009536743));
#4905=CARTESIAN_POINT('Origin',(-28.0000114440918,-17.5000047683716,0.));
#4906=CARTESIAN_POINT('',(-31.2500114440918,-17.5000047683716,-11.9999980926514));
#4907=CARTESIAN_POINT('Origin',(-28.0000114440918,-17.5000047683716,-11.9999980926514));
#4908=CARTESIAN_POINT('',(-31.2500114440918,-17.5000047683716,-24.));
#4909=CARTESIAN_POINT('',(-31.2500114440918,-17.5000047683716,0.));
#4910=CARTESIAN_POINT('Origin',(-28.0000114440918,-17.5000047683716,-24.0000009536743));
#4911=CARTESIAN_POINT('Origin',(-211.000006198883,-17.0000028610229,0.));
#4912=CARTESIAN_POINT('',(-214.250006198883,-17.0000028610229,-11.9999980926514));
#4913=CARTESIAN_POINT('Origin',(-211.000006198883,-17.0000028610229,-11.9999980926514));
#4914=CARTESIAN_POINT('',(-214.250006198883,-17.0000028610229,-24.));
#4915=CARTESIAN_POINT('',(-214.250006198883,-17.0000028610229,0.));
#4916=CARTESIAN_POINT('Origin',(-211.000006198883,-17.0000028610229,-24.0000009536743));
#4917=CARTESIAN_POINT('Origin',(0.,-15.,-11.9999980926514));
#4918=CARTESIAN_POINT('',(0.,-36.0000038146973,-11.9999980926514));
#4919=CARTESIAN_POINT('Origin',(0.,-28.0000019073486,-24.0000009536743));
#4920=CARTESIAN_POINT('',(0.,-28.0000019073486,-24.0000009536743));
#4921=CARTESIAN_POINT('Origin',(0.,-36.0000038146973,-15.9999990463257));
#4922=CARTESIAN_POINT('',(0.,-36.0000038146973,-15.9999990463257));
#4923=CARTESIAN_POINT('Origin',(0.,-36.0000038146973,-11.9999980926514));
#4924=CARTESIAN_POINT('',(0.,0.,0.));
#4925=CARTESIAN_POINT('',(0.,0.,0.));
#4926=UNCERTAINTY_MEASURE_WITH_UNIT(LENGTH_MEASURE(0.01),#4934,
'DISTANCE_ACCURACY_VALUE',
'Maximum model space distance between geometric entities at asserted c
onnectivities');
#4927=UNCERTAINTY_MEASURE_WITH_UNIT(LENGTH_MEASURE(0.01),#4934,
'DISTANCE_ACCURACY_VALUE',
'Maximum model space distance between geometric entities at asserted c
onnectivities');
#4928=UNCERTAINTY_MEASURE_WITH_UNIT(LENGTH_MEASURE(0.01),#4934,
'DISTANCE_ACCURACY_VALUE',
'Maximum model space distance between geometric entities at asserted c
onnectivities');
#4929=UNCERTAINTY_MEASURE_WITH_UNIT(LENGTH_MEASURE(0.01),#4934,
'DISTANCE_ACCURACY_VALUE',
'Maximum model space distance between geometric entities at asserted c
onnectivities');
#4930=(
GEOMETRIC_REPRESENTATION_CONTEXT(3)
GLOBAL_UNCERTAINTY_ASSIGNED_CONTEXT((#4926))
GLOBAL_UNIT_ASSIGNED_CONTEXT((#4934,#4936,#4937))
REPRESENTATION_CONTEXT('','3D')
);
#4931=(
GEOMETRIC_REPRESENTATION_CONTEXT(3)
GLOBAL_UNCERTAINTY_ASSIGNED_CONTEXT((#4927))
GLOBAL_UNIT_ASSIGNED_CONTEXT((#4934,#4936,#4937))
REPRESENTATION_CONTEXT('','3D')
);
#4932=(
GEOMETRIC_REPRESENTATION_CONTEXT(3)
GLOBAL_UNCERTAINTY_ASSIGNED_CONTEXT((#4928))
GLOBAL_UNIT_ASSIGNED_CONTEXT((#4934,#4936,#4937))
REPRESENTATION_CONTEXT('','3D')
);
#4933=(
GEOMETRIC_REPRESENTATION_CONTEXT(3)
GLOBAL_UNCERTAINTY_ASSIGNED_CONTEXT((#4929))
GLOBAL_UNIT_ASSIGNED_CONTEXT((#4934,#4936,#4937))
REPRESENTATION_CONTEXT('','3D')
);
#4934=(
LENGTH_UNIT()
NAMED_UNIT(*)
SI_UNIT(.MILLI.,.METRE.)
);
#4935=(
LENGTH_UNIT()
NAMED_UNIT(*)
SI_UNIT($,.METRE.)
);
#4936=(
NAMED_UNIT(*)
PLANE_ANGLE_UNIT()
SI_UNIT($,.RADIAN.)
);
#4937=(
NAMED_UNIT(*)
SI_UNIT($,.STERADIAN.)
SOLID_ANGLE_UNIT()
);
#4938=SHAPE_DEFINITION_REPRESENTATION(#4941,#4946);
#4939=SHAPE_DEFINITION_REPRESENTATION(#4942,#4947);
#4940=SHAPE_DEFINITION_REPRESENTATION(#4943,#4948);
#4941=PRODUCT_DEFINITION_SHAPE('',$,#4950);
#4942=PRODUCT_DEFINITION_SHAPE('',$,#4951);
#4943=PRODUCT_DEFINITION_SHAPE('',$,#4952);
#4944=PRODUCT_DEFINITION_SHAPE($,$,#17);
#4945=PRODUCT_DEFINITION_SHAPE($,$,#18);
#4946=SHAPE_REPRESENTATION('',(#3070,#3283,#3284),#4930);
#4947=SHAPE_REPRESENTATION('',(#3071),#4931);
#4948=SHAPE_REPRESENTATION('',(#3177),#4932);
#4949=PRODUCT_DEFINITION_CONTEXT('part definition',#4960,'design');
#4950=PRODUCT_DEFINITION('Frame_Rail','Frame_Rail v3',#4953,#4949);
#4951=PRODUCT_DEFINITION('Component3','Component3',#4954,#4949);
#4952=PRODUCT_DEFINITION('Component3(Mirror)','Component3(Mirror)',#4955,
#4949);
#4953=PRODUCT_DEFINITION_FORMATION('',$,#4962);
#4954=PRODUCT_DEFINITION_FORMATION('',$,#4963);
#4955=PRODUCT_DEFINITION_FORMATION('',$,#4964);
#4956=PRODUCT_RELATED_PRODUCT_CATEGORY('Frame_Rail v3','Frame_Rail v3',
(#4962));
#4957=PRODUCT_RELATED_PRODUCT_CATEGORY('Component3','Component3',(#4963));
#4958=PRODUCT_RELATED_PRODUCT_CATEGORY('Component3(Mirror)',
'Component3(Mirror)',(#4964));
#4959=APPLICATION_PROTOCOL_DEFINITION('international standard',
'automotive_design',2009,#4960);
#4960=APPLICATION_CONTEXT(
'Core Data for Automotive Mechanical Design Process');
#4961=PRODUCT_CONTEXT('part definition',#4960,'mechanical');
#4962=PRODUCT('Frame_Rail','Frame_Rail v3',$,(#4961));
#4963=PRODUCT('Component3','Component3',$,(#4961));
#4964=PRODUCT('Component3(Mirror)','Component3(Mirror)',$,(#4961));
#4965=PRESENTATION_STYLE_ASSIGNMENT((#4966));
#4966=SURFACE_STYLE_USAGE(.BOTH.,#4967);
#4967=SURFACE_SIDE_STYLE('',(#4968));
#4968=SURFACE_STYLE_FILL_AREA(#4969);
#4969=FILL_AREA_STYLE('Steel - Satin',(#4970));
#4970=FILL_AREA_STYLE_COLOUR('Steel - Satin',#4971);
#4971=COLOUR_RGB('Steel - Satin',0.627450980392157,0.627450980392157,0.627450980392157);
ENDSEC;
END-ISO-10303-21;
