ISO-10303-21;
HEADER;
/* Generated by software containing ST-Developer
 * from STEP Tools, Inc. (www.steptools.com) 
 */

FILE_DESCRIPTION(
/* description */ (''),
/* implementation_level */ '2;1');

FILE_NAME(
/* name */ 'Support Bridge v2.step',
/* time_stamp */ '2025-07-05T11:52:59-07:00',
/* author */ (''),
/* organization */ (''),
/* preprocessor_version */ 'ST-DEVELOPER v20.1',
/* originating_system */ 'Autodesk Translation Framework v14.10.0.0',
/* authorisation */ '');

FILE_SCHEMA (('AUTOMOTIVE_DESIGN { 1 0 10303 214 3 1 1 }'));
ENDSEC;

DATA;
#10=MECHANICAL_DESIGN_GEOMETRIC_PRESENTATION_REPRESENTATION('',(#13,#14,
#15),#2468);
#11=SHAPE_REPRESENTATION_RELATIONSHIP('SRR','None',#2475,#12);
#12=ADVANCED_BREP_SHAPE_REPRESENTATION('',(#16,#17,#18),#2467);
#13=STYLED_ITEM('',(#2484),#16);
#14=STYLED_ITEM('',(#2484),#17);
#15=STYLED_ITEM('',(#2484),#18);
#16=MANIFOLD_SOLID_BREP('Body2',#1498);
#17=MANIFOLD_SOLID_BREP('Body3',#1499);
#18=MANIFOLD_SOLID_BREP('Body4',#1500);
#19=FACE_BOUND('',#197,.T.);
#20=FACE_BOUND('',#201,.T.);
#21=FACE_BOUND('',#202,.T.);
#22=FACE_BOUND('',#208,.T.);
#23=FACE_BOUND('',#209,.T.);
#24=FACE_BOUND('',#225,.T.);
#25=FACE_BOUND('',#230,.T.);
#26=FACE_BOUND('',#233,.T.);
#27=FACE_BOUND('',#238,.T.);
#28=FACE_BOUND('',#241,.T.);
#29=FACE_BOUND('',#246,.T.);
#30=FACE_BOUND('',#249,.T.);
#31=FACE_BOUND('',#254,.T.);
#32=FACE_BOUND('',#262,.T.);
#33=FACE_BOUND('',#265,.T.);
#34=FACE_BOUND('',#268,.T.);
#35=FACE_BOUND('',#269,.T.);
#36=FACE_BOUND('',#271,.T.);
#37=FACE_BOUND('',#272,.T.);
#38=FACE_BOUND('',#281,.T.);
#39=FACE_BOUND('',#282,.T.);
#40=FACE_BOUND('',#284,.T.);
#41=FACE_BOUND('',#285,.T.);
#42=FACE_BOUND('',#293,.T.);
#43=FACE_BOUND('',#294,.T.);
#44=FACE_BOUND('',#296,.T.);
#45=FACE_BOUND('',#297,.T.);
#46=PLANE('',#1517);
#47=PLANE('',#1521);
#48=PLANE('',#1525);
#49=PLANE('',#1529);
#50=PLANE('',#1533);
#51=PLANE('',#1534);
#52=PLANE('',#1540);
#53=PLANE('',#1545);
#54=PLANE('',#1546);
#55=PLANE('',#1553);
#56=PLANE('',#1560);
#57=PLANE('',#1567);
#58=PLANE('',#1574);
#59=PLANE('',#1575);
#60=PLANE('',#1576);
#61=PLANE('',#1577);
#62=PLANE('',#1578);
#63=PLANE('',#1579);
#64=PLANE('',#1580);
#65=PLANE('',#1581);
#66=PLANE('',#1582);
#67=PLANE('',#1583);
#68=PLANE('',#1584);
#69=PLANE('',#1585);
#70=PLANE('',#1586);
#71=PLANE('',#1587);
#72=PLANE('',#1588);
#73=PLANE('',#1589);
#74=PLANE('',#1590);
#75=PLANE('',#1591);
#76=PLANE('',#1592);
#77=PLANE('',#1593);
#78=PLANE('',#1594);
#79=PLANE('',#1595);
#80=PLANE('',#1596);
#81=PLANE('',#1597);
#82=PLANE('',#1598);
#83=PLANE('',#1599);
#84=PLANE('',#1600);
#85=PLANE('',#1601);
#86=PLANE('',#1602);
#87=PLANE('',#1603);
#88=PLANE('',#1604);
#89=PLANE('',#1605);
#90=PLANE('',#1609);
#91=PLANE('',#1610);
#92=PLANE('',#1611);
#93=PLANE('',#1612);
#94=PLANE('',#1613);
#95=PLANE('',#1620);
#96=PLANE('',#1621);
#97=PLANE('',#1622);
#98=PLANE('',#1623);
#99=PLANE('',#1624);
#100=PLANE('',#1625);
#101=PLANE('',#1632);
#102=PLANE('',#1633);
#103=PLANE('',#1634);
#104=PLANE('',#1635);
#105=PLANE('',#1636);
#106=PLANE('',#1637);
#107=FACE_OUTER_BOUND('',#189,.T.);
#108=FACE_OUTER_BOUND('',#190,.T.);
#109=FACE_OUTER_BOUND('',#191,.T.);
#110=FACE_OUTER_BOUND('',#192,.T.);
#111=FACE_OUTER_BOUND('',#193,.T.);
#112=FACE_OUTER_BOUND('',#194,.T.);
#113=FACE_OUTER_BOUND('',#195,.T.);
#114=FACE_OUTER_BOUND('',#196,.T.);
#115=FACE_OUTER_BOUND('',#198,.T.);
#116=FACE_OUTER_BOUND('',#199,.T.);
#117=FACE_OUTER_BOUND('',#200,.T.);
#118=FACE_OUTER_BOUND('',#203,.T.);
#119=FACE_OUTER_BOUND('',#204,.T.);
#120=FACE_OUTER_BOUND('',#205,.T.);
#121=FACE_OUTER_BOUND('',#206,.T.);
#122=FACE_OUTER_BOUND('',#207,.T.);
#123=FACE_OUTER_BOUND('',#210,.T.);
#124=FACE_OUTER_BOUND('',#211,.T.);
#125=FACE_OUTER_BOUND('',#212,.T.);
#126=FACE_OUTER_BOUND('',#213,.T.);
#127=FACE_OUTER_BOUND('',#214,.T.);
#128=FACE_OUTER_BOUND('',#215,.T.);
#129=FACE_OUTER_BOUND('',#216,.T.);
#130=FACE_OUTER_BOUND('',#217,.T.);
#131=FACE_OUTER_BOUND('',#218,.T.);
#132=FACE_OUTER_BOUND('',#219,.T.);
#133=FACE_OUTER_BOUND('',#220,.T.);
#134=FACE_OUTER_BOUND('',#221,.T.);
#135=FACE_OUTER_BOUND('',#222,.T.);
#136=FACE_OUTER_BOUND('',#223,.T.);
#137=FACE_OUTER_BOUND('',#224,.T.);
#138=FACE_OUTER_BOUND('',#226,.T.);
#139=FACE_OUTER_BOUND('',#227,.T.);
#140=FACE_OUTER_BOUND('',#228,.T.);
#141=FACE_OUTER_BOUND('',#229,.T.);
#142=FACE_OUTER_BOUND('',#231,.T.);
#143=FACE_OUTER_BOUND('',#232,.T.);
#144=FACE_OUTER_BOUND('',#234,.T.);
#145=FACE_OUTER_BOUND('',#235,.T.);
#146=FACE_OUTER_BOUND('',#236,.T.);
#147=FACE_OUTER_BOUND('',#237,.T.);
#148=FACE_OUTER_BOUND('',#239,.T.);
#149=FACE_OUTER_BOUND('',#240,.T.);
#150=FACE_OUTER_BOUND('',#242,.T.);
#151=FACE_OUTER_BOUND('',#243,.T.);
#152=FACE_OUTER_BOUND('',#244,.T.);
#153=FACE_OUTER_BOUND('',#245,.T.);
#154=FACE_OUTER_BOUND('',#247,.T.);
#155=FACE_OUTER_BOUND('',#248,.T.);
#156=FACE_OUTER_BOUND('',#250,.T.);
#157=FACE_OUTER_BOUND('',#251,.T.);
#158=FACE_OUTER_BOUND('',#252,.T.);
#159=FACE_OUTER_BOUND('',#253,.T.);
#160=FACE_OUTER_BOUND('',#255,.T.);
#161=FACE_OUTER_BOUND('',#256,.T.);
#162=FACE_OUTER_BOUND('',#257,.T.);
#163=FACE_OUTER_BOUND('',#258,.T.);
#164=FACE_OUTER_BOUND('',#259,.T.);
#165=FACE_OUTER_BOUND('',#260,.T.);
#166=FACE_OUTER_BOUND('',#261,.T.);
#167=FACE_OUTER_BOUND('',#263,.T.);
#168=FACE_OUTER_BOUND('',#264,.T.);
#169=FACE_OUTER_BOUND('',#266,.T.);
#170=FACE_OUTER_BOUND('',#267,.T.);
#171=FACE_OUTER_BOUND('',#270,.T.);
#172=FACE_OUTER_BOUND('',#273,.T.);
#173=FACE_OUTER_BOUND('',#274,.T.);
#174=FACE_OUTER_BOUND('',#275,.T.);
#175=FACE_OUTER_BOUND('',#276,.T.);
#176=FACE_OUTER_BOUND('',#277,.T.);
#177=FACE_OUTER_BOUND('',#278,.T.);
#178=FACE_OUTER_BOUND('',#279,.T.);
#179=FACE_OUTER_BOUND('',#280,.T.);
#180=FACE_OUTER_BOUND('',#283,.T.);
#181=FACE_OUTER_BOUND('',#286,.T.);
#182=FACE_OUTER_BOUND('',#287,.T.);
#183=FACE_OUTER_BOUND('',#288,.T.);
#184=FACE_OUTER_BOUND('',#289,.T.);
#185=FACE_OUTER_BOUND('',#290,.T.);
#186=FACE_OUTER_BOUND('',#291,.T.);
#187=FACE_OUTER_BOUND('',#292,.T.);
#188=FACE_OUTER_BOUND('',#295,.T.);
#189=EDGE_LOOP('',(#993,#994,#995,#996));
#190=EDGE_LOOP('',(#997,#998,#999,#1000));
#191=EDGE_LOOP('',(#1001,#1002,#1003,#1004));
#192=EDGE_LOOP('',(#1005,#1006,#1007,#1008));
#193=EDGE_LOOP('',(#1009,#1010,#1011,#1012));
#194=EDGE_LOOP('',(#1013,#1014,#1015,#1016));
#195=EDGE_LOOP('',(#1017,#1018,#1019,#1020));
#196=EDGE_LOOP('',(#1021,#1022,#1023,#1024));
#197=EDGE_LOOP('',(#1025,#1026,#1027,#1028,#1029,#1030));
#198=EDGE_LOOP('',(#1031,#1032,#1033,#1034));
#199=EDGE_LOOP('',(#1035,#1036,#1037,#1038));
#200=EDGE_LOOP('',(#1039,#1040,#1041,#1042,#1043,#1044,#1045,#1046,#1047,
#1048,#1049,#1050,#1051,#1052,#1053,#1054,#1055,#1056,#1057,#1058));
#201=EDGE_LOOP('',(#1059,#1060,#1061,#1062));
#202=EDGE_LOOP('',(#1063,#1064,#1065,#1066));
#203=EDGE_LOOP('',(#1067,#1068,#1069,#1070));
#204=EDGE_LOOP('',(#1071,#1072,#1073,#1074));
#205=EDGE_LOOP('',(#1075,#1076,#1077,#1078));
#206=EDGE_LOOP('',(#1079,#1080,#1081,#1082));
#207=EDGE_LOOP('',(#1083,#1084,#1085,#1086,#1087,#1088,#1089,#1090,#1091,
#1092,#1093,#1094,#1095,#1096,#1097,#1098,#1099,#1100,#1101,#1102));
#208=EDGE_LOOP('',(#1103,#1104,#1105,#1106));
#209=EDGE_LOOP('',(#1107,#1108,#1109,#1110));
#210=EDGE_LOOP('',(#1111,#1112,#1113,#1114));
#211=EDGE_LOOP('',(#1115,#1116,#1117,#1118));
#212=EDGE_LOOP('',(#1119,#1120,#1121,#1122));
#213=EDGE_LOOP('',(#1123));
#214=EDGE_LOOP('',(#1124,#1125,#1126,#1127));
#215=EDGE_LOOP('',(#1128,#1129,#1130,#1131));
#216=EDGE_LOOP('',(#1132));
#217=EDGE_LOOP('',(#1133,#1134,#1135,#1136));
#218=EDGE_LOOP('',(#1137,#1138,#1139,#1140));
#219=EDGE_LOOP('',(#1141));
#220=EDGE_LOOP('',(#1142,#1143,#1144,#1145));
#221=EDGE_LOOP('',(#1146,#1147,#1148,#1149));
#222=EDGE_LOOP('',(#1150));
#223=EDGE_LOOP('',(#1151,#1152,#1153,#1154));
#224=EDGE_LOOP('',(#1155,#1156,#1157,#1158,#1159));
#225=EDGE_LOOP('',(#1160));
#226=EDGE_LOOP('',(#1161,#1162,#1163,#1164));
#227=EDGE_LOOP('',(#1165,#1166,#1167,#1168));
#228=EDGE_LOOP('',(#1169,#1170,#1171,#1172));
#229=EDGE_LOOP('',(#1173,#1174,#1175,#1176,#1177));
#230=EDGE_LOOP('',(#1178));
#231=EDGE_LOOP('',(#1179,#1180,#1181,#1182));
#232=EDGE_LOOP('',(#1183,#1184,#1185,#1186,#1187));
#233=EDGE_LOOP('',(#1188));
#234=EDGE_LOOP('',(#1189,#1190,#1191,#1192));
#235=EDGE_LOOP('',(#1193,#1194,#1195,#1196));
#236=EDGE_LOOP('',(#1197,#1198,#1199,#1200));
#237=EDGE_LOOP('',(#1201,#1202,#1203,#1204,#1205));
#238=EDGE_LOOP('',(#1206));
#239=EDGE_LOOP('',(#1207,#1208,#1209,#1210));
#240=EDGE_LOOP('',(#1211,#1212,#1213,#1214,#1215));
#241=EDGE_LOOP('',(#1216));
#242=EDGE_LOOP('',(#1217,#1218,#1219,#1220));
#243=EDGE_LOOP('',(#1221,#1222,#1223,#1224));
#244=EDGE_LOOP('',(#1225,#1226,#1227,#1228));
#245=EDGE_LOOP('',(#1229,#1230,#1231,#1232,#1233));
#246=EDGE_LOOP('',(#1234));
#247=EDGE_LOOP('',(#1235,#1236,#1237,#1238));
#248=EDGE_LOOP('',(#1239,#1240,#1241,#1242,#1243));
#249=EDGE_LOOP('',(#1244));
#250=EDGE_LOOP('',(#1245,#1246,#1247,#1248));
#251=EDGE_LOOP('',(#1249,#1250,#1251,#1252));
#252=EDGE_LOOP('',(#1253,#1254,#1255,#1256));
#253=EDGE_LOOP('',(#1257,#1258,#1259,#1260,#1261));
#254=EDGE_LOOP('',(#1262));
#255=EDGE_LOOP('',(#1263,#1264,#1265,#1266));
#256=EDGE_LOOP('',(#1267,#1268,#1269,#1270));
#257=EDGE_LOOP('',(#1271,#1272,#1273,#1274));
#258=EDGE_LOOP('',(#1275,#1276,#1277,#1278));
#259=EDGE_LOOP('',(#1279,#1280,#1281,#1282));
#260=EDGE_LOOP('',(#1283,#1284,#1285,#1286));
#261=EDGE_LOOP('',(#1287,#1288,#1289,#1290,#1291,#1292));
#262=EDGE_LOOP('',(#1293));
#263=EDGE_LOOP('',(#1294,#1295,#1296,#1297));
#264=EDGE_LOOP('',(#1298,#1299,#1300,#1301));
#265=EDGE_LOOP('',(#1302));
#266=EDGE_LOOP('',(#1303,#1304,#1305,#1306));
#267=EDGE_LOOP('',(#1307,#1308,#1309,#1310));
#268=EDGE_LOOP('',(#1311));
#269=EDGE_LOOP('',(#1312));
#270=EDGE_LOOP('',(#1313,#1314,#1315,#1316));
#271=EDGE_LOOP('',(#1317));
#272=EDGE_LOOP('',(#1318));
#273=EDGE_LOOP('',(#1319,#1320,#1321,#1322));
#274=EDGE_LOOP('',(#1323,#1324,#1325,#1326));
#275=EDGE_LOOP('',(#1327,#1328,#1329,#1330));
#276=EDGE_LOOP('',(#1331,#1332,#1333,#1334));
#277=EDGE_LOOP('',(#1335,#1336,#1337,#1338));
#278=EDGE_LOOP('',(#1339,#1340,#1341,#1342));
#279=EDGE_LOOP('',(#1343,#1344,#1345,#1346));
#280=EDGE_LOOP('',(#1347,#1348,#1349,#1350));
#281=EDGE_LOOP('',(#1351));
#282=EDGE_LOOP('',(#1352));
#283=EDGE_LOOP('',(#1353,#1354,#1355,#1356));
#284=EDGE_LOOP('',(#1357));
#285=EDGE_LOOP('',(#1358));
#286=EDGE_LOOP('',(#1359,#1360,#1361,#1362));
#287=EDGE_LOOP('',(#1363,#1364,#1365,#1366));
#288=EDGE_LOOP('',(#1367,#1368,#1369,#1370));
#289=EDGE_LOOP('',(#1371,#1372,#1373,#1374));
#290=EDGE_LOOP('',(#1375,#1376,#1377,#1378));
#291=EDGE_LOOP('',(#1379,#1380,#1381,#1382));
#292=EDGE_LOOP('',(#1383,#1384,#1385,#1386));
#293=EDGE_LOOP('',(#1387));
#294=EDGE_LOOP('',(#1388));
#295=EDGE_LOOP('',(#1389,#1390,#1391,#1392));
#296=EDGE_LOOP('',(#1393));
#297=EDGE_LOOP('',(#1394));
#298=LINE('',#2053,#457);
#299=LINE('',#2056,#458);
#300=LINE('',#2059,#459);
#301=LINE('',#2061,#460);
#302=LINE('',#2062,#461);
#303=LINE('',#2067,#462);
#304=LINE('',#2071,#463);
#305=LINE('',#2073,#464);
#306=LINE('',#2074,#465);
#307=LINE('',#2080,#466);
#308=LINE('',#2083,#467);
#309=LINE('',#2086,#468);
#310=LINE('',#2088,#469);
#311=LINE('',#2089,#470);
#312=LINE('',#2095,#471);
#313=LINE('',#2098,#472);
#314=LINE('',#2100,#473);
#315=LINE('',#2101,#474);
#316=LINE('',#2104,#475);
#317=LINE('',#2106,#476);
#318=LINE('',#2108,#477);
#319=LINE('',#2110,#478);
#320=LINE('',#2112,#479);
#321=LINE('',#2113,#480);
#322=LINE('',#2119,#481);
#323=LINE('',#2122,#482);
#324=LINE('',#2125,#483);
#325=LINE('',#2127,#484);
#326=LINE('',#2128,#485);
#327=LINE('',#2131,#486);
#328=LINE('',#2135,#487);
#329=LINE('',#2139,#488);
#330=LINE('',#2140,#489);
#331=LINE('',#2141,#490);
#332=LINE('',#2143,#491);
#333=LINE('',#2145,#492);
#334=LINE('',#2149,#493);
#335=LINE('',#2151,#494);
#336=LINE('',#2153,#495);
#337=LINE('',#2154,#496);
#338=LINE('',#2157,#497);
#339=LINE('',#2159,#498);
#340=LINE('',#2161,#499);
#341=LINE('',#2162,#500);
#342=LINE('',#2165,#501);
#343=LINE('',#2168,#502);
#344=LINE('',#2171,#503);
#345=LINE('',#2172,#504);
#346=LINE('',#2176,#505);
#347=LINE('',#2179,#506);
#348=LINE('',#2183,#507);
#349=LINE('',#2184,#508);
#350=LINE('',#2185,#509);
#351=LINE('',#2187,#510);
#352=LINE('',#2188,#511);
#353=LINE('',#2189,#512);
#354=LINE('',#2192,#513);
#355=LINE('',#2194,#514);
#356=LINE('',#2196,#515);
#357=LINE('',#2197,#516);
#358=LINE('',#2200,#517);
#359=LINE('',#2202,#518);
#360=LINE('',#2204,#519);
#361=LINE('',#2205,#520);
#362=LINE('',#2211,#521);
#363=LINE('',#2217,#522);
#364=LINE('',#2224,#523);
#365=LINE('',#2230,#524);
#366=LINE('',#2237,#525);
#367=LINE('',#2243,#526);
#368=LINE('',#2250,#527);
#369=LINE('',#2256,#528);
#370=LINE('',#2261,#529);
#371=LINE('',#2263,#530);
#372=LINE('',#2264,#531);
#373=LINE('',#2267,#532);
#374=LINE('',#2269,#533);
#375=LINE('',#2270,#534);
#376=LINE('',#2273,#535);
#377=LINE('',#2275,#536);
#378=LINE('',#2276,#537);
#379=LINE('',#2278,#538);
#380=LINE('',#2280,#539);
#381=LINE('',#2284,#540);
#382=LINE('',#2286,#541);
#383=LINE('',#2287,#542);
#384=LINE('',#2290,#543);
#385=LINE('',#2292,#544);
#386=LINE('',#2293,#545);
#387=LINE('',#2296,#546);
#388=LINE('',#2297,#547);
#389=LINE('',#2300,#548);
#390=LINE('',#2301,#549);
#391=LINE('',#2303,#550);
#392=LINE('',#2307,#551);
#393=LINE('',#2309,#552);
#394=LINE('',#2310,#553);
#395=LINE('',#2313,#554);
#396=LINE('',#2315,#555);
#397=LINE('',#2316,#556);
#398=LINE('',#2319,#557);
#399=LINE('',#2320,#558);
#400=LINE('',#2323,#559);
#401=LINE('',#2324,#560);
#402=LINE('',#2326,#561);
#403=LINE('',#2330,#562);
#404=LINE('',#2332,#563);
#405=LINE('',#2333,#564);
#406=LINE('',#2336,#565);
#407=LINE('',#2338,#566);
#408=LINE('',#2339,#567);
#409=LINE('',#2342,#568);
#410=LINE('',#2343,#569);
#411=LINE('',#2346,#570);
#412=LINE('',#2347,#571);
#413=LINE('',#2349,#572);
#414=LINE('',#2353,#573);
#415=LINE('',#2355,#574);
#416=LINE('',#2356,#575);
#417=LINE('',#2359,#576);
#418=LINE('',#2360,#577);
#419=LINE('',#2363,#578);
#420=LINE('',#2364,#579);
#421=LINE('',#2367,#580);
#422=LINE('',#2368,#581);
#423=LINE('',#2371,#582);
#424=LINE('',#2372,#583);
#425=LINE('',#2374,#584);
#426=LINE('',#2380,#585);
#427=LINE('',#2384,#586);
#428=LINE('',#2387,#587);
#429=LINE('',#2393,#588);
#430=LINE('',#2399,#589);
#431=LINE('',#2404,#590);
#432=LINE('',#2406,#591);
#433=LINE('',#2408,#592);
#434=LINE('',#2409,#593);
#435=LINE('',#2412,#594);
#436=LINE('',#2414,#595);
#437=LINE('',#2415,#596);
#438=LINE('',#2418,#597);
#439=LINE('',#2420,#598);
#440=LINE('',#2421,#599);
#441=LINE('',#2423,#600);
#442=LINE('',#2424,#601);
#443=LINE('',#2431,#602);
#444=LINE('',#2437,#603);
#445=LINE('',#2442,#604);
#446=LINE('',#2444,#605);
#447=LINE('',#2446,#606);
#448=LINE('',#2447,#607);
#449=LINE('',#2450,#608);
#450=LINE('',#2452,#609);
#451=LINE('',#2453,#610);
#452=LINE('',#2456,#611);
#453=LINE('',#2458,#612);
#454=LINE('',#2459,#613);
#455=LINE('',#2461,#614);
#456=LINE('',#2462,#615);
#457=VECTOR('',#1644,10.);
#458=VECTOR('',#1647,10.);
#459=VECTOR('',#1650,10.);
#460=VECTOR('',#1651,10.);
#461=VECTOR('',#1652,10.);
#462=VECTOR('',#1657,10.);
#463=VECTOR('',#1662,10.);
#464=VECTOR('',#1663,10.);
#465=VECTOR('',#1664,10.);
#466=VECTOR('',#1669,10.);
#467=VECTOR('',#1672,10.);
#468=VECTOR('',#1675,10.);
#469=VECTOR('',#1676,10.);
#470=VECTOR('',#1677,10.);
#471=VECTOR('',#1682,10.);
#472=VECTOR('',#1685,10.);
#473=VECTOR('',#1688,10.);
#474=VECTOR('',#1689,10.);
#475=VECTOR('',#1690,10.);
#476=VECTOR('',#1691,10.);
#477=VECTOR('',#1692,10.);
#478=VECTOR('',#1693,10.);
#479=VECTOR('',#1694,10.);
#480=VECTOR('',#1695,10.);
#481=VECTOR('',#1700,10.);
#482=VECTOR('',#1703,10.);
#483=VECTOR('',#1706,10.);
#484=VECTOR('',#1707,10.);
#485=VECTOR('',#1708,10.);
#486=VECTOR('',#1711,10.);
#487=VECTOR('',#1714,10.);
#488=VECTOR('',#1717,10.);
#489=VECTOR('',#1718,10.);
#490=VECTOR('',#1719,10.);
#491=VECTOR('',#1720,10.);
#492=VECTOR('',#1721,10.);
#493=VECTOR('',#1724,10.);
#494=VECTOR('',#1725,10.);
#495=VECTOR('',#1726,10.);
#496=VECTOR('',#1727,10.);
#497=VECTOR('',#1728,10.);
#498=VECTOR('',#1729,10.);
#499=VECTOR('',#1730,10.);
#500=VECTOR('',#1731,10.);
#501=VECTOR('',#1734,10.);
#502=VECTOR('',#1737,10.);
#503=VECTOR('',#1740,10.);
#504=VECTOR('',#1741,10.);
#505=VECTOR('',#1746,10.);
#506=VECTOR('',#1749,10.);
#507=VECTOR('',#1754,10.);
#508=VECTOR('',#1755,10.);
#509=VECTOR('',#1756,10.);
#510=VECTOR('',#1757,10.);
#511=VECTOR('',#1758,10.);
#512=VECTOR('',#1759,10.);
#513=VECTOR('',#1760,10.);
#514=VECTOR('',#1761,10.);
#515=VECTOR('',#1762,10.);
#516=VECTOR('',#1763,10.);
#517=VECTOR('',#1764,10.);
#518=VECTOR('',#1765,10.);
#519=VECTOR('',#1766,10.);
#520=VECTOR('',#1767,10.);
#521=VECTOR('',#1774,3.25);
#522=VECTOR('',#1781,3.25);
#523=VECTOR('',#1790,3.25);
#524=VECTOR('',#1797,3.25);
#525=VECTOR('',#1806,3.25);
#526=VECTOR('',#1813,3.25);
#527=VECTOR('',#1822,3.25);
#528=VECTOR('',#1829,3.25);
#529=VECTOR('',#1836,10.);
#530=VECTOR('',#1837,10.);
#531=VECTOR('',#1838,10.);
#532=VECTOR('',#1841,10.);
#533=VECTOR('',#1842,10.);
#534=VECTOR('',#1843,10.);
#535=VECTOR('',#1846,10.);
#536=VECTOR('',#1847,10.);
#537=VECTOR('',#1848,10.);
#538=VECTOR('',#1851,10.);
#539=VECTOR('',#1854,10.);
#540=VECTOR('',#1859,10.);
#541=VECTOR('',#1860,10.);
#542=VECTOR('',#1861,10.);
#543=VECTOR('',#1864,10.);
#544=VECTOR('',#1865,10.);
#545=VECTOR('',#1866,10.);
#546=VECTOR('',#1869,10.);
#547=VECTOR('',#1870,10.);
#548=VECTOR('',#1873,10.);
#549=VECTOR('',#1874,10.);
#550=VECTOR('',#1877,10.);
#551=VECTOR('',#1882,10.);
#552=VECTOR('',#1883,10.);
#553=VECTOR('',#1884,10.);
#554=VECTOR('',#1887,10.);
#555=VECTOR('',#1888,10.);
#556=VECTOR('',#1889,10.);
#557=VECTOR('',#1892,10.);
#558=VECTOR('',#1893,10.);
#559=VECTOR('',#1896,10.);
#560=VECTOR('',#1897,10.);
#561=VECTOR('',#1900,10.);
#562=VECTOR('',#1905,10.);
#563=VECTOR('',#1906,10.);
#564=VECTOR('',#1907,10.);
#565=VECTOR('',#1910,10.);
#566=VECTOR('',#1911,10.);
#567=VECTOR('',#1912,10.);
#568=VECTOR('',#1915,10.);
#569=VECTOR('',#1916,10.);
#570=VECTOR('',#1919,10.);
#571=VECTOR('',#1920,10.);
#572=VECTOR('',#1923,10.);
#573=VECTOR('',#1928,10.);
#574=VECTOR('',#1929,10.);
#575=VECTOR('',#1930,10.);
#576=VECTOR('',#1933,10.);
#577=VECTOR('',#1934,10.);
#578=VECTOR('',#1937,10.);
#579=VECTOR('',#1938,10.);
#580=VECTOR('',#1941,10.);
#581=VECTOR('',#1942,10.);
#582=VECTOR('',#1945,10.);
#583=VECTOR('',#1946,10.);
#584=VECTOR('',#1949,10.);
#585=VECTOR('',#1956,3.25);
#586=VECTOR('',#1963,10.);
#587=VECTOR('',#1968,10.);
#588=VECTOR('',#1975,3.25);
#589=VECTOR('',#1982,3.25);
#590=VECTOR('',#1987,10.);
#591=VECTOR('',#1988,10.);
#592=VECTOR('',#1989,10.);
#593=VECTOR('',#1990,10.);
#594=VECTOR('',#1993,10.);
#595=VECTOR('',#1994,10.);
#596=VECTOR('',#1995,10.);
#597=VECTOR('',#1998,10.);
#598=VECTOR('',#1999,10.);
#599=VECTOR('',#2000,10.);
#600=VECTOR('',#2003,10.);
#601=VECTOR('',#2004,10.);
#602=VECTOR('',#2013,3.25);
#603=VECTOR('',#2020,3.25);
#604=VECTOR('',#2025,10.);
#605=VECTOR('',#2026,10.);
#606=VECTOR('',#2027,10.);
#607=VECTOR('',#2028,10.);
#608=VECTOR('',#2031,10.);
#609=VECTOR('',#2032,10.);
#610=VECTOR('',#2033,10.);
#611=VECTOR('',#2036,10.);
#612=VECTOR('',#2037,10.);
#613=VECTOR('',#2038,10.);
#614=VECTOR('',#2041,10.);
#615=VECTOR('',#2042,10.);
#616=CIRCLE('',#1515,4.);
#617=CIRCLE('',#1516,4.);
#618=CIRCLE('',#1519,4.);
#619=CIRCLE('',#1520,4.);
#620=CIRCLE('',#1523,4.);
#621=CIRCLE('',#1524,4.);
#622=CIRCLE('',#1527,4.);
#623=CIRCLE('',#1528,4.);
#624=CIRCLE('',#1531,3.);
#625=CIRCLE('',#1532,3.);
#626=CIRCLE('',#1535,3.);
#627=CIRCLE('',#1536,3.);
#628=CIRCLE('',#1537,3.);
#629=CIRCLE('',#1539,3.);
#630=CIRCLE('',#1542,3.);
#631=CIRCLE('',#1544,3.);
#632=CIRCLE('',#1548,3.25);
#633=CIRCLE('',#1549,3.25);
#634=CIRCLE('',#1551,3.25);
#635=CIRCLE('',#1552,3.25);
#636=CIRCLE('',#1555,3.25);
#637=CIRCLE('',#1556,3.25);
#638=CIRCLE('',#1558,3.25);
#639=CIRCLE('',#1559,3.25);
#640=CIRCLE('',#1562,3.25);
#641=CIRCLE('',#1563,3.25);
#642=CIRCLE('',#1565,3.25);
#643=CIRCLE('',#1566,3.25);
#644=CIRCLE('',#1569,3.25);
#645=CIRCLE('',#1570,3.25);
#646=CIRCLE('',#1572,3.25);
#647=CIRCLE('',#1573,3.25);
#648=CIRCLE('',#1606,3.25);
#649=CIRCLE('',#1608,3.25);
#650=CIRCLE('',#1615,3.25);
#651=CIRCLE('',#1616,3.25);
#652=CIRCLE('',#1618,3.25);
#653=CIRCLE('',#1619,3.25);
#654=CIRCLE('',#1627,3.25);
#655=CIRCLE('',#1628,3.25);
#656=CIRCLE('',#1630,3.25);
#657=CIRCLE('',#1631,3.25);
#658=VERTEX_POINT('',#2049);
#659=VERTEX_POINT('',#2050);
#660=VERTEX_POINT('',#2052);
#661=VERTEX_POINT('',#2054);
#662=VERTEX_POINT('',#2058);
#663=VERTEX_POINT('',#2060);
#664=VERTEX_POINT('',#2064);
#665=VERTEX_POINT('',#2066);
#666=VERTEX_POINT('',#2070);
#667=VERTEX_POINT('',#2072);
#668=VERTEX_POINT('',#2076);
#669=VERTEX_POINT('',#2077);
#670=VERTEX_POINT('',#2079);
#671=VERTEX_POINT('',#2081);
#672=VERTEX_POINT('',#2085);
#673=VERTEX_POINT('',#2087);
#674=VERTEX_POINT('',#2091);
#675=VERTEX_POINT('',#2092);
#676=VERTEX_POINT('',#2094);
#677=VERTEX_POINT('',#2096);
#678=VERTEX_POINT('',#2102);
#679=VERTEX_POINT('',#2103);
#680=VERTEX_POINT('',#2105);
#681=VERTEX_POINT('',#2107);
#682=VERTEX_POINT('',#2109);
#683=VERTEX_POINT('',#2111);
#684=VERTEX_POINT('',#2115);
#685=VERTEX_POINT('',#2116);
#686=VERTEX_POINT('',#2118);
#687=VERTEX_POINT('',#2120);
#688=VERTEX_POINT('',#2124);
#689=VERTEX_POINT('',#2126);
#690=VERTEX_POINT('',#2130);
#691=VERTEX_POINT('',#2132);
#692=VERTEX_POINT('',#2134);
#693=VERTEX_POINT('',#2136);
#694=VERTEX_POINT('',#2138);
#695=VERTEX_POINT('',#2142);
#696=VERTEX_POINT('',#2144);
#697=VERTEX_POINT('',#2147);
#698=VERTEX_POINT('',#2148);
#699=VERTEX_POINT('',#2150);
#700=VERTEX_POINT('',#2152);
#701=VERTEX_POINT('',#2155);
#702=VERTEX_POINT('',#2156);
#703=VERTEX_POINT('',#2158);
#704=VERTEX_POINT('',#2160);
#705=VERTEX_POINT('',#2164);
#706=VERTEX_POINT('',#2166);
#707=VERTEX_POINT('',#2170);
#708=VERTEX_POINT('',#2174);
#709=VERTEX_POINT('',#2178);
#710=VERTEX_POINT('',#2182);
#711=VERTEX_POINT('',#2186);
#712=VERTEX_POINT('',#2190);
#713=VERTEX_POINT('',#2191);
#714=VERTEX_POINT('',#2193);
#715=VERTEX_POINT('',#2195);
#716=VERTEX_POINT('',#2198);
#717=VERTEX_POINT('',#2199);
#718=VERTEX_POINT('',#2201);
#719=VERTEX_POINT('',#2203);
#720=VERTEX_POINT('',#2208);
#721=VERTEX_POINT('',#2210);
#722=VERTEX_POINT('',#2214);
#723=VERTEX_POINT('',#2216);
#724=VERTEX_POINT('',#2221);
#725=VERTEX_POINT('',#2223);
#726=VERTEX_POINT('',#2227);
#727=VERTEX_POINT('',#2229);
#728=VERTEX_POINT('',#2234);
#729=VERTEX_POINT('',#2236);
#730=VERTEX_POINT('',#2240);
#731=VERTEX_POINT('',#2242);
#732=VERTEX_POINT('',#2247);
#733=VERTEX_POINT('',#2249);
#734=VERTEX_POINT('',#2253);
#735=VERTEX_POINT('',#2255);
#736=VERTEX_POINT('',#2260);
#737=VERTEX_POINT('',#2262);
#738=VERTEX_POINT('',#2266);
#739=VERTEX_POINT('',#2268);
#740=VERTEX_POINT('',#2272);
#741=VERTEX_POINT('',#2274);
#742=VERTEX_POINT('',#2283);
#743=VERTEX_POINT('',#2285);
#744=VERTEX_POINT('',#2289);
#745=VERTEX_POINT('',#2291);
#746=VERTEX_POINT('',#2295);
#747=VERTEX_POINT('',#2299);
#748=VERTEX_POINT('',#2306);
#749=VERTEX_POINT('',#2308);
#750=VERTEX_POINT('',#2312);
#751=VERTEX_POINT('',#2314);
#752=VERTEX_POINT('',#2318);
#753=VERTEX_POINT('',#2322);
#754=VERTEX_POINT('',#2329);
#755=VERTEX_POINT('',#2331);
#756=VERTEX_POINT('',#2335);
#757=VERTEX_POINT('',#2337);
#758=VERTEX_POINT('',#2341);
#759=VERTEX_POINT('',#2345);
#760=VERTEX_POINT('',#2352);
#761=VERTEX_POINT('',#2354);
#762=VERTEX_POINT('',#2358);
#763=VERTEX_POINT('',#2362);
#764=VERTEX_POINT('',#2366);
#765=VERTEX_POINT('',#2370);
#766=VERTEX_POINT('',#2376);
#767=VERTEX_POINT('',#2379);
#768=VERTEX_POINT('',#2390);
#769=VERTEX_POINT('',#2392);
#770=VERTEX_POINT('',#2396);
#771=VERTEX_POINT('',#2398);
#772=VERTEX_POINT('',#2402);
#773=VERTEX_POINT('',#2403);
#774=VERTEX_POINT('',#2405);
#775=VERTEX_POINT('',#2407);
#776=VERTEX_POINT('',#2411);
#777=VERTEX_POINT('',#2413);
#778=VERTEX_POINT('',#2417);
#779=VERTEX_POINT('',#2419);
#780=VERTEX_POINT('',#2428);
#781=VERTEX_POINT('',#2430);
#782=VERTEX_POINT('',#2434);
#783=VERTEX_POINT('',#2436);
#784=VERTEX_POINT('',#2440);
#785=VERTEX_POINT('',#2441);
#786=VERTEX_POINT('',#2443);
#787=VERTEX_POINT('',#2445);
#788=VERTEX_POINT('',#2449);
#789=VERTEX_POINT('',#2451);
#790=VERTEX_POINT('',#2455);
#791=VERTEX_POINT('',#2457);
#792=EDGE_CURVE('',#658,#659,#616,.T.);
#793=EDGE_CURVE('',#659,#660,#298,.T.);
#794=EDGE_CURVE('',#660,#661,#617,.T.);
#795=EDGE_CURVE('',#661,#658,#299,.T.);
#796=EDGE_CURVE('',#662,#659,#300,.T.);
#797=EDGE_CURVE('',#663,#662,#301,.T.);
#798=EDGE_CURVE('',#660,#663,#302,.T.);
#799=EDGE_CURVE('',#662,#664,#618,.T.);
#800=EDGE_CURVE('',#664,#665,#303,.T.);
#801=EDGE_CURVE('',#665,#663,#619,.T.);
#802=EDGE_CURVE('',#666,#664,#304,.T.);
#803=EDGE_CURVE('',#666,#667,#305,.T.);
#804=EDGE_CURVE('',#667,#665,#306,.T.);
#805=EDGE_CURVE('',#668,#669,#620,.T.);
#806=EDGE_CURVE('',#669,#670,#307,.T.);
#807=EDGE_CURVE('',#670,#671,#621,.T.);
#808=EDGE_CURVE('',#671,#668,#308,.T.);
#809=EDGE_CURVE('',#672,#669,#309,.T.);
#810=EDGE_CURVE('',#672,#673,#310,.T.);
#811=EDGE_CURVE('',#673,#670,#311,.T.);
#812=EDGE_CURVE('',#674,#675,#622,.T.);
#813=EDGE_CURVE('',#675,#676,#312,.T.);
#814=EDGE_CURVE('',#676,#677,#623,.T.);
#815=EDGE_CURVE('',#677,#674,#313,.T.);
#816=EDGE_CURVE('',#676,#661,#314,.T.);
#817=EDGE_CURVE('',#658,#675,#315,.T.);
#818=EDGE_CURVE('',#678,#679,#316,.T.);
#819=EDGE_CURVE('',#679,#680,#317,.T.);
#820=EDGE_CURVE('',#680,#681,#318,.T.);
#821=EDGE_CURVE('',#681,#682,#319,.T.);
#822=EDGE_CURVE('',#682,#683,#320,.T.);
#823=EDGE_CURVE('',#683,#678,#321,.T.);
#824=EDGE_CURVE('',#684,#685,#624,.T.);
#825=EDGE_CURVE('',#685,#686,#322,.T.);
#826=EDGE_CURVE('',#686,#687,#625,.T.);
#827=EDGE_CURVE('',#687,#684,#323,.T.);
#828=EDGE_CURVE('',#688,#685,#324,.T.);
#829=EDGE_CURVE('',#689,#688,#325,.T.);
#830=EDGE_CURVE('',#689,#686,#326,.T.);
#831=EDGE_CURVE('',#684,#690,#327,.T.);
#832=EDGE_CURVE('',#691,#690,#626,.T.);
#833=EDGE_CURVE('',#691,#692,#328,.T.);
#834=EDGE_CURVE('',#693,#692,#627,.T.);
#835=EDGE_CURVE('',#693,#694,#329,.F.);
#836=EDGE_CURVE('',#694,#672,#330,.T.);
#837=EDGE_CURVE('',#668,#677,#331,.T.);
#838=EDGE_CURVE('',#695,#667,#332,.T.);
#839=EDGE_CURVE('',#695,#696,#333,.F.);
#840=EDGE_CURVE('',#688,#696,#628,.T.);
#841=EDGE_CURVE('',#697,#698,#334,.T.);
#842=EDGE_CURVE('',#698,#699,#335,.T.);
#843=EDGE_CURVE('',#699,#700,#336,.T.);
#844=EDGE_CURVE('',#700,#697,#337,.T.);
#845=EDGE_CURVE('',#701,#702,#338,.T.);
#846=EDGE_CURVE('',#702,#703,#339,.T.);
#847=EDGE_CURVE('',#703,#704,#340,.T.);
#848=EDGE_CURVE('',#704,#701,#341,.T.);
#849=EDGE_CURVE('',#690,#705,#342,.T.);
#850=EDGE_CURVE('',#705,#706,#629,.T.);
#851=EDGE_CURVE('',#706,#691,#343,.T.);
#852=EDGE_CURVE('',#706,#707,#344,.T.);
#853=EDGE_CURVE('',#692,#707,#345,.T.);
#854=EDGE_CURVE('',#707,#708,#630,.T.);
#855=EDGE_CURVE('',#708,#693,#346,.T.);
#856=EDGE_CURVE('',#696,#709,#347,.T.);
#857=EDGE_CURVE('',#709,#689,#631,.T.);
#858=EDGE_CURVE('',#710,#709,#348,.T.);
#859=EDGE_CURVE('',#710,#666,#349,.T.);
#860=EDGE_CURVE('',#674,#671,#350,.T.);
#861=EDGE_CURVE('',#673,#711,#351,.T.);
#862=EDGE_CURVE('',#711,#708,#352,.F.);
#863=EDGE_CURVE('',#687,#705,#353,.T.);
#864=EDGE_CURVE('',#712,#713,#354,.T.);
#865=EDGE_CURVE('',#713,#714,#355,.T.);
#866=EDGE_CURVE('',#714,#715,#356,.T.);
#867=EDGE_CURVE('',#715,#712,#357,.T.);
#868=EDGE_CURVE('',#716,#717,#358,.T.);
#869=EDGE_CURVE('',#717,#718,#359,.T.);
#870=EDGE_CURVE('',#718,#719,#360,.T.);
#871=EDGE_CURVE('',#719,#716,#361,.T.);
#872=EDGE_CURVE('',#720,#720,#632,.T.);
#873=EDGE_CURVE('',#720,#721,#362,.T.);
#874=EDGE_CURVE('',#721,#721,#633,.T.);
#875=EDGE_CURVE('',#722,#722,#634,.T.);
#876=EDGE_CURVE('',#722,#723,#363,.T.);
#877=EDGE_CURVE('',#723,#723,#635,.T.);
#878=EDGE_CURVE('',#724,#724,#636,.T.);
#879=EDGE_CURVE('',#724,#725,#364,.T.);
#880=EDGE_CURVE('',#725,#725,#637,.T.);
#881=EDGE_CURVE('',#726,#726,#638,.T.);
#882=EDGE_CURVE('',#726,#727,#365,.T.);
#883=EDGE_CURVE('',#727,#727,#639,.T.);
#884=EDGE_CURVE('',#728,#728,#640,.T.);
#885=EDGE_CURVE('',#728,#729,#366,.T.);
#886=EDGE_CURVE('',#729,#729,#641,.T.);
#887=EDGE_CURVE('',#730,#730,#642,.T.);
#888=EDGE_CURVE('',#730,#731,#367,.T.);
#889=EDGE_CURVE('',#731,#731,#643,.T.);
#890=EDGE_CURVE('',#732,#732,#644,.T.);
#891=EDGE_CURVE('',#732,#733,#368,.T.);
#892=EDGE_CURVE('',#733,#733,#645,.T.);
#893=EDGE_CURVE('',#734,#734,#646,.T.);
#894=EDGE_CURVE('',#734,#735,#369,.T.);
#895=EDGE_CURVE('',#735,#735,#647,.T.);
#896=EDGE_CURVE('',#714,#736,#370,.T.);
#897=EDGE_CURVE('',#737,#736,#371,.T.);
#898=EDGE_CURVE('',#715,#737,#372,.T.);
#899=EDGE_CURVE('',#737,#738,#373,.T.);
#900=EDGE_CURVE('',#738,#739,#374,.T.);
#901=EDGE_CURVE('',#739,#712,#375,.T.);
#902=EDGE_CURVE('',#738,#740,#376,.T.);
#903=EDGE_CURVE('',#740,#741,#377,.T.);
#904=EDGE_CURVE('',#739,#741,#378,.T.);
#905=EDGE_CURVE('',#736,#740,#379,.T.);
#906=EDGE_CURVE('',#741,#713,#380,.T.);
#907=EDGE_CURVE('',#703,#742,#381,.T.);
#908=EDGE_CURVE('',#743,#742,#382,.T.);
#909=EDGE_CURVE('',#704,#743,#383,.T.);
#910=EDGE_CURVE('',#743,#744,#384,.T.);
#911=EDGE_CURVE('',#744,#745,#385,.T.);
#912=EDGE_CURVE('',#745,#701,#386,.T.);
#913=EDGE_CURVE('',#745,#746,#387,.T.);
#914=EDGE_CURVE('',#746,#702,#388,.T.);
#915=EDGE_CURVE('',#744,#747,#389,.T.);
#916=EDGE_CURVE('',#747,#746,#390,.T.);
#917=EDGE_CURVE('',#742,#747,#391,.T.);
#918=EDGE_CURVE('',#699,#748,#392,.T.);
#919=EDGE_CURVE('',#749,#748,#393,.T.);
#920=EDGE_CURVE('',#700,#749,#394,.T.);
#921=EDGE_CURVE('',#749,#750,#395,.T.);
#922=EDGE_CURVE('',#750,#751,#396,.T.);
#923=EDGE_CURVE('',#751,#697,#397,.T.);
#924=EDGE_CURVE('',#751,#752,#398,.T.);
#925=EDGE_CURVE('',#752,#698,#399,.T.);
#926=EDGE_CURVE('',#750,#753,#400,.T.);
#927=EDGE_CURVE('',#753,#752,#401,.T.);
#928=EDGE_CURVE('',#748,#753,#402,.T.);
#929=EDGE_CURVE('',#754,#718,#403,.T.);
#930=EDGE_CURVE('',#754,#755,#404,.T.);
#931=EDGE_CURVE('',#755,#719,#405,.T.);
#932=EDGE_CURVE('',#756,#755,#406,.T.);
#933=EDGE_CURVE('',#757,#756,#407,.T.);
#934=EDGE_CURVE('',#716,#757,#408,.T.);
#935=EDGE_CURVE('',#758,#754,#409,.T.);
#936=EDGE_CURVE('',#758,#756,#410,.T.);
#937=EDGE_CURVE('',#759,#758,#411,.T.);
#938=EDGE_CURVE('',#759,#757,#412,.T.);
#939=EDGE_CURVE('',#717,#759,#413,.T.);
#940=EDGE_CURVE('',#678,#760,#414,.T.);
#941=EDGE_CURVE('',#760,#761,#415,.T.);
#942=EDGE_CURVE('',#679,#761,#416,.T.);
#943=EDGE_CURVE('',#683,#762,#417,.T.);
#944=EDGE_CURVE('',#762,#760,#418,.T.);
#945=EDGE_CURVE('',#682,#763,#419,.T.);
#946=EDGE_CURVE('',#763,#762,#420,.T.);
#947=EDGE_CURVE('',#681,#764,#421,.T.);
#948=EDGE_CURVE('',#764,#763,#422,.T.);
#949=EDGE_CURVE('',#680,#765,#423,.T.);
#950=EDGE_CURVE('',#765,#764,#424,.T.);
#951=EDGE_CURVE('',#761,#765,#425,.T.);
#952=EDGE_CURVE('',#766,#766,#648,.T.);
#953=EDGE_CURVE('',#766,#767,#426,.T.);
#954=EDGE_CURVE('',#767,#767,#649,.T.);
#955=EDGE_CURVE('',#710,#695,#427,.F.);
#956=EDGE_CURVE('',#711,#694,#428,.T.);
#957=EDGE_CURVE('',#768,#768,#650,.T.);
#958=EDGE_CURVE('',#768,#769,#429,.T.);
#959=EDGE_CURVE('',#769,#769,#651,.T.);
#960=EDGE_CURVE('',#770,#770,#652,.T.);
#961=EDGE_CURVE('',#770,#771,#430,.T.);
#962=EDGE_CURVE('',#771,#771,#653,.T.);
#963=EDGE_CURVE('',#772,#773,#431,.T.);
#964=EDGE_CURVE('',#772,#774,#432,.T.);
#965=EDGE_CURVE('',#775,#774,#433,.T.);
#966=EDGE_CURVE('',#773,#775,#434,.T.);
#967=EDGE_CURVE('',#773,#776,#435,.T.);
#968=EDGE_CURVE('',#777,#775,#436,.T.);
#969=EDGE_CURVE('',#776,#777,#437,.T.);
#970=EDGE_CURVE('',#776,#778,#438,.T.);
#971=EDGE_CURVE('',#779,#777,#439,.T.);
#972=EDGE_CURVE('',#778,#779,#440,.T.);
#973=EDGE_CURVE('',#778,#772,#441,.T.);
#974=EDGE_CURVE('',#774,#779,#442,.T.);
#975=EDGE_CURVE('',#780,#780,#654,.T.);
#976=EDGE_CURVE('',#780,#781,#443,.T.);
#977=EDGE_CURVE('',#781,#781,#655,.T.);
#978=EDGE_CURVE('',#782,#782,#656,.T.);
#979=EDGE_CURVE('',#782,#783,#444,.T.);
#980=EDGE_CURVE('',#783,#783,#657,.T.);
#981=EDGE_CURVE('',#784,#785,#445,.T.);
#982=EDGE_CURVE('',#784,#786,#446,.T.);
#983=EDGE_CURVE('',#787,#786,#447,.T.);
#984=EDGE_CURVE('',#785,#787,#448,.T.);
#985=EDGE_CURVE('',#788,#785,#449,.T.);
#986=EDGE_CURVE('',#789,#787,#450,.T.);
#987=EDGE_CURVE('',#788,#789,#451,.T.);
#988=EDGE_CURVE('',#790,#788,#452,.F.);
#989=EDGE_CURVE('',#791,#789,#453,.T.);
#990=EDGE_CURVE('',#790,#791,#454,.T.);
#991=EDGE_CURVE('',#790,#784,#455,.T.);
#992=EDGE_CURVE('',#786,#791,#456,.T.);
#993=ORIENTED_EDGE('',*,*,#792,.T.);
#994=ORIENTED_EDGE('',*,*,#793,.T.);
#995=ORIENTED_EDGE('',*,*,#794,.T.);
#996=ORIENTED_EDGE('',*,*,#795,.T.);
#997=ORIENTED_EDGE('',*,*,#793,.F.);
#998=ORIENTED_EDGE('',*,*,#796,.F.);
#999=ORIENTED_EDGE('',*,*,#797,.F.);
#1000=ORIENTED_EDGE('',*,*,#798,.F.);
#1001=ORIENTED_EDGE('',*,*,#799,.T.);
#1002=ORIENTED_EDGE('',*,*,#800,.T.);
#1003=ORIENTED_EDGE('',*,*,#801,.T.);
#1004=ORIENTED_EDGE('',*,*,#797,.T.);
#1005=ORIENTED_EDGE('',*,*,#800,.F.);
#1006=ORIENTED_EDGE('',*,*,#802,.F.);
#1007=ORIENTED_EDGE('',*,*,#803,.T.);
#1008=ORIENTED_EDGE('',*,*,#804,.T.);
#1009=ORIENTED_EDGE('',*,*,#805,.T.);
#1010=ORIENTED_EDGE('',*,*,#806,.T.);
#1011=ORIENTED_EDGE('',*,*,#807,.T.);
#1012=ORIENTED_EDGE('',*,*,#808,.T.);
#1013=ORIENTED_EDGE('',*,*,#806,.F.);
#1014=ORIENTED_EDGE('',*,*,#809,.F.);
#1015=ORIENTED_EDGE('',*,*,#810,.T.);
#1016=ORIENTED_EDGE('',*,*,#811,.T.);
#1017=ORIENTED_EDGE('',*,*,#812,.T.);
#1018=ORIENTED_EDGE('',*,*,#813,.T.);
#1019=ORIENTED_EDGE('',*,*,#814,.T.);
#1020=ORIENTED_EDGE('',*,*,#815,.T.);
#1021=ORIENTED_EDGE('',*,*,#795,.F.);
#1022=ORIENTED_EDGE('',*,*,#816,.F.);
#1023=ORIENTED_EDGE('',*,*,#813,.F.);
#1024=ORIENTED_EDGE('',*,*,#817,.F.);
#1025=ORIENTED_EDGE('',*,*,#818,.T.);
#1026=ORIENTED_EDGE('',*,*,#819,.T.);
#1027=ORIENTED_EDGE('',*,*,#820,.T.);
#1028=ORIENTED_EDGE('',*,*,#821,.T.);
#1029=ORIENTED_EDGE('',*,*,#822,.T.);
#1030=ORIENTED_EDGE('',*,*,#823,.T.);
#1031=ORIENTED_EDGE('',*,*,#824,.T.);
#1032=ORIENTED_EDGE('',*,*,#825,.T.);
#1033=ORIENTED_EDGE('',*,*,#826,.T.);
#1034=ORIENTED_EDGE('',*,*,#827,.T.);
#1035=ORIENTED_EDGE('',*,*,#825,.F.);
#1036=ORIENTED_EDGE('',*,*,#828,.F.);
#1037=ORIENTED_EDGE('',*,*,#829,.F.);
#1038=ORIENTED_EDGE('',*,*,#830,.T.);
#1039=ORIENTED_EDGE('',*,*,#824,.F.);
#1040=ORIENTED_EDGE('',*,*,#831,.T.);
#1041=ORIENTED_EDGE('',*,*,#832,.F.);
#1042=ORIENTED_EDGE('',*,*,#833,.T.);
#1043=ORIENTED_EDGE('',*,*,#834,.F.);
#1044=ORIENTED_EDGE('',*,*,#835,.T.);
#1045=ORIENTED_EDGE('',*,*,#836,.T.);
#1046=ORIENTED_EDGE('',*,*,#809,.T.);
#1047=ORIENTED_EDGE('',*,*,#805,.F.);
#1048=ORIENTED_EDGE('',*,*,#837,.T.);
#1049=ORIENTED_EDGE('',*,*,#814,.F.);
#1050=ORIENTED_EDGE('',*,*,#816,.T.);
#1051=ORIENTED_EDGE('',*,*,#794,.F.);
#1052=ORIENTED_EDGE('',*,*,#798,.T.);
#1053=ORIENTED_EDGE('',*,*,#801,.F.);
#1054=ORIENTED_EDGE('',*,*,#804,.F.);
#1055=ORIENTED_EDGE('',*,*,#838,.F.);
#1056=ORIENTED_EDGE('',*,*,#839,.T.);
#1057=ORIENTED_EDGE('',*,*,#840,.F.);
#1058=ORIENTED_EDGE('',*,*,#828,.T.);
#1059=ORIENTED_EDGE('',*,*,#841,.T.);
#1060=ORIENTED_EDGE('',*,*,#842,.T.);
#1061=ORIENTED_EDGE('',*,*,#843,.T.);
#1062=ORIENTED_EDGE('',*,*,#844,.T.);
#1063=ORIENTED_EDGE('',*,*,#845,.T.);
#1064=ORIENTED_EDGE('',*,*,#846,.T.);
#1065=ORIENTED_EDGE('',*,*,#847,.T.);
#1066=ORIENTED_EDGE('',*,*,#848,.T.);
#1067=ORIENTED_EDGE('',*,*,#832,.T.);
#1068=ORIENTED_EDGE('',*,*,#849,.T.);
#1069=ORIENTED_EDGE('',*,*,#850,.T.);
#1070=ORIENTED_EDGE('',*,*,#851,.T.);
#1071=ORIENTED_EDGE('',*,*,#851,.F.);
#1072=ORIENTED_EDGE('',*,*,#852,.T.);
#1073=ORIENTED_EDGE('',*,*,#853,.F.);
#1074=ORIENTED_EDGE('',*,*,#833,.F.);
#1075=ORIENTED_EDGE('',*,*,#834,.T.);
#1076=ORIENTED_EDGE('',*,*,#853,.T.);
#1077=ORIENTED_EDGE('',*,*,#854,.T.);
#1078=ORIENTED_EDGE('',*,*,#855,.T.);
#1079=ORIENTED_EDGE('',*,*,#840,.T.);
#1080=ORIENTED_EDGE('',*,*,#856,.T.);
#1081=ORIENTED_EDGE('',*,*,#857,.T.);
#1082=ORIENTED_EDGE('',*,*,#829,.T.);
#1083=ORIENTED_EDGE('',*,*,#826,.F.);
#1084=ORIENTED_EDGE('',*,*,#830,.F.);
#1085=ORIENTED_EDGE('',*,*,#857,.F.);
#1086=ORIENTED_EDGE('',*,*,#858,.F.);
#1087=ORIENTED_EDGE('',*,*,#859,.T.);
#1088=ORIENTED_EDGE('',*,*,#802,.T.);
#1089=ORIENTED_EDGE('',*,*,#799,.F.);
#1090=ORIENTED_EDGE('',*,*,#796,.T.);
#1091=ORIENTED_EDGE('',*,*,#792,.F.);
#1092=ORIENTED_EDGE('',*,*,#817,.T.);
#1093=ORIENTED_EDGE('',*,*,#812,.F.);
#1094=ORIENTED_EDGE('',*,*,#860,.T.);
#1095=ORIENTED_EDGE('',*,*,#807,.F.);
#1096=ORIENTED_EDGE('',*,*,#811,.F.);
#1097=ORIENTED_EDGE('',*,*,#861,.T.);
#1098=ORIENTED_EDGE('',*,*,#862,.T.);
#1099=ORIENTED_EDGE('',*,*,#854,.F.);
#1100=ORIENTED_EDGE('',*,*,#852,.F.);
#1101=ORIENTED_EDGE('',*,*,#850,.F.);
#1102=ORIENTED_EDGE('',*,*,#863,.F.);
#1103=ORIENTED_EDGE('',*,*,#864,.T.);
#1104=ORIENTED_EDGE('',*,*,#865,.T.);
#1105=ORIENTED_EDGE('',*,*,#866,.T.);
#1106=ORIENTED_EDGE('',*,*,#867,.T.);
#1107=ORIENTED_EDGE('',*,*,#868,.T.);
#1108=ORIENTED_EDGE('',*,*,#869,.T.);
#1109=ORIENTED_EDGE('',*,*,#870,.T.);
#1110=ORIENTED_EDGE('',*,*,#871,.T.);
#1111=ORIENTED_EDGE('',*,*,#808,.F.);
#1112=ORIENTED_EDGE('',*,*,#860,.F.);
#1113=ORIENTED_EDGE('',*,*,#815,.F.);
#1114=ORIENTED_EDGE('',*,*,#837,.F.);
#1115=ORIENTED_EDGE('',*,*,#872,.T.);
#1116=ORIENTED_EDGE('',*,*,#873,.T.);
#1117=ORIENTED_EDGE('',*,*,#874,.T.);
#1118=ORIENTED_EDGE('',*,*,#873,.F.);
#1119=ORIENTED_EDGE('',*,*,#875,.F.);
#1120=ORIENTED_EDGE('',*,*,#876,.T.);
#1121=ORIENTED_EDGE('',*,*,#877,.F.);
#1122=ORIENTED_EDGE('',*,*,#876,.F.);
#1123=ORIENTED_EDGE('',*,*,#874,.F.);
#1124=ORIENTED_EDGE('',*,*,#878,.F.);
#1125=ORIENTED_EDGE('',*,*,#879,.T.);
#1126=ORIENTED_EDGE('',*,*,#880,.F.);
#1127=ORIENTED_EDGE('',*,*,#879,.F.);
#1128=ORIENTED_EDGE('',*,*,#881,.T.);
#1129=ORIENTED_EDGE('',*,*,#882,.T.);
#1130=ORIENTED_EDGE('',*,*,#883,.T.);
#1131=ORIENTED_EDGE('',*,*,#882,.F.);
#1132=ORIENTED_EDGE('',*,*,#883,.F.);
#1133=ORIENTED_EDGE('',*,*,#884,.T.);
#1134=ORIENTED_EDGE('',*,*,#885,.T.);
#1135=ORIENTED_EDGE('',*,*,#886,.T.);
#1136=ORIENTED_EDGE('',*,*,#885,.F.);
#1137=ORIENTED_EDGE('',*,*,#887,.F.);
#1138=ORIENTED_EDGE('',*,*,#888,.T.);
#1139=ORIENTED_EDGE('',*,*,#889,.F.);
#1140=ORIENTED_EDGE('',*,*,#888,.F.);
#1141=ORIENTED_EDGE('',*,*,#886,.F.);
#1142=ORIENTED_EDGE('',*,*,#890,.T.);
#1143=ORIENTED_EDGE('',*,*,#891,.T.);
#1144=ORIENTED_EDGE('',*,*,#892,.T.);
#1145=ORIENTED_EDGE('',*,*,#891,.F.);
#1146=ORIENTED_EDGE('',*,*,#893,.F.);
#1147=ORIENTED_EDGE('',*,*,#894,.T.);
#1148=ORIENTED_EDGE('',*,*,#895,.F.);
#1149=ORIENTED_EDGE('',*,*,#894,.F.);
#1150=ORIENTED_EDGE('',*,*,#892,.F.);
#1151=ORIENTED_EDGE('',*,*,#866,.F.);
#1152=ORIENTED_EDGE('',*,*,#896,.T.);
#1153=ORIENTED_EDGE('',*,*,#897,.F.);
#1154=ORIENTED_EDGE('',*,*,#898,.F.);
#1155=ORIENTED_EDGE('',*,*,#867,.F.);
#1156=ORIENTED_EDGE('',*,*,#898,.T.);
#1157=ORIENTED_EDGE('',*,*,#899,.T.);
#1158=ORIENTED_EDGE('',*,*,#900,.T.);
#1159=ORIENTED_EDGE('',*,*,#901,.T.);
#1160=ORIENTED_EDGE('',*,*,#889,.T.);
#1161=ORIENTED_EDGE('',*,*,#900,.F.);
#1162=ORIENTED_EDGE('',*,*,#902,.T.);
#1163=ORIENTED_EDGE('',*,*,#903,.T.);
#1164=ORIENTED_EDGE('',*,*,#904,.F.);
#1165=ORIENTED_EDGE('',*,*,#899,.F.);
#1166=ORIENTED_EDGE('',*,*,#897,.T.);
#1167=ORIENTED_EDGE('',*,*,#905,.T.);
#1168=ORIENTED_EDGE('',*,*,#902,.F.);
#1169=ORIENTED_EDGE('',*,*,#864,.F.);
#1170=ORIENTED_EDGE('',*,*,#901,.F.);
#1171=ORIENTED_EDGE('',*,*,#904,.T.);
#1172=ORIENTED_EDGE('',*,*,#906,.T.);
#1173=ORIENTED_EDGE('',*,*,#865,.F.);
#1174=ORIENTED_EDGE('',*,*,#906,.F.);
#1175=ORIENTED_EDGE('',*,*,#903,.F.);
#1176=ORIENTED_EDGE('',*,*,#905,.F.);
#1177=ORIENTED_EDGE('',*,*,#896,.F.);
#1178=ORIENTED_EDGE('',*,*,#884,.F.);
#1179=ORIENTED_EDGE('',*,*,#847,.F.);
#1180=ORIENTED_EDGE('',*,*,#907,.T.);
#1181=ORIENTED_EDGE('',*,*,#908,.F.);
#1182=ORIENTED_EDGE('',*,*,#909,.F.);
#1183=ORIENTED_EDGE('',*,*,#848,.F.);
#1184=ORIENTED_EDGE('',*,*,#909,.T.);
#1185=ORIENTED_EDGE('',*,*,#910,.T.);
#1186=ORIENTED_EDGE('',*,*,#911,.T.);
#1187=ORIENTED_EDGE('',*,*,#912,.T.);
#1188=ORIENTED_EDGE('',*,*,#895,.T.);
#1189=ORIENTED_EDGE('',*,*,#845,.F.);
#1190=ORIENTED_EDGE('',*,*,#912,.F.);
#1191=ORIENTED_EDGE('',*,*,#913,.T.);
#1192=ORIENTED_EDGE('',*,*,#914,.T.);
#1193=ORIENTED_EDGE('',*,*,#911,.F.);
#1194=ORIENTED_EDGE('',*,*,#915,.T.);
#1195=ORIENTED_EDGE('',*,*,#916,.T.);
#1196=ORIENTED_EDGE('',*,*,#913,.F.);
#1197=ORIENTED_EDGE('',*,*,#910,.F.);
#1198=ORIENTED_EDGE('',*,*,#908,.T.);
#1199=ORIENTED_EDGE('',*,*,#917,.T.);
#1200=ORIENTED_EDGE('',*,*,#915,.F.);
#1201=ORIENTED_EDGE('',*,*,#846,.F.);
#1202=ORIENTED_EDGE('',*,*,#914,.F.);
#1203=ORIENTED_EDGE('',*,*,#916,.F.);
#1204=ORIENTED_EDGE('',*,*,#917,.F.);
#1205=ORIENTED_EDGE('',*,*,#907,.F.);
#1206=ORIENTED_EDGE('',*,*,#890,.F.);
#1207=ORIENTED_EDGE('',*,*,#843,.F.);
#1208=ORIENTED_EDGE('',*,*,#918,.T.);
#1209=ORIENTED_EDGE('',*,*,#919,.F.);
#1210=ORIENTED_EDGE('',*,*,#920,.F.);
#1211=ORIENTED_EDGE('',*,*,#844,.F.);
#1212=ORIENTED_EDGE('',*,*,#920,.T.);
#1213=ORIENTED_EDGE('',*,*,#921,.T.);
#1214=ORIENTED_EDGE('',*,*,#922,.T.);
#1215=ORIENTED_EDGE('',*,*,#923,.T.);
#1216=ORIENTED_EDGE('',*,*,#877,.T.);
#1217=ORIENTED_EDGE('',*,*,#841,.F.);
#1218=ORIENTED_EDGE('',*,*,#923,.F.);
#1219=ORIENTED_EDGE('',*,*,#924,.T.);
#1220=ORIENTED_EDGE('',*,*,#925,.T.);
#1221=ORIENTED_EDGE('',*,*,#922,.F.);
#1222=ORIENTED_EDGE('',*,*,#926,.T.);
#1223=ORIENTED_EDGE('',*,*,#927,.T.);
#1224=ORIENTED_EDGE('',*,*,#924,.F.);
#1225=ORIENTED_EDGE('',*,*,#921,.F.);
#1226=ORIENTED_EDGE('',*,*,#919,.T.);
#1227=ORIENTED_EDGE('',*,*,#928,.T.);
#1228=ORIENTED_EDGE('',*,*,#926,.F.);
#1229=ORIENTED_EDGE('',*,*,#842,.F.);
#1230=ORIENTED_EDGE('',*,*,#925,.F.);
#1231=ORIENTED_EDGE('',*,*,#927,.F.);
#1232=ORIENTED_EDGE('',*,*,#928,.F.);
#1233=ORIENTED_EDGE('',*,*,#918,.F.);
#1234=ORIENTED_EDGE('',*,*,#872,.F.);
#1235=ORIENTED_EDGE('',*,*,#870,.F.);
#1236=ORIENTED_EDGE('',*,*,#929,.F.);
#1237=ORIENTED_EDGE('',*,*,#930,.T.);
#1238=ORIENTED_EDGE('',*,*,#931,.T.);
#1239=ORIENTED_EDGE('',*,*,#871,.F.);
#1240=ORIENTED_EDGE('',*,*,#931,.F.);
#1241=ORIENTED_EDGE('',*,*,#932,.F.);
#1242=ORIENTED_EDGE('',*,*,#933,.F.);
#1243=ORIENTED_EDGE('',*,*,#934,.F.);
#1244=ORIENTED_EDGE('',*,*,#881,.F.);
#1245=ORIENTED_EDGE('',*,*,#935,.F.);
#1246=ORIENTED_EDGE('',*,*,#936,.T.);
#1247=ORIENTED_EDGE('',*,*,#932,.T.);
#1248=ORIENTED_EDGE('',*,*,#930,.F.);
#1249=ORIENTED_EDGE('',*,*,#937,.F.);
#1250=ORIENTED_EDGE('',*,*,#938,.T.);
#1251=ORIENTED_EDGE('',*,*,#933,.T.);
#1252=ORIENTED_EDGE('',*,*,#936,.F.);
#1253=ORIENTED_EDGE('',*,*,#868,.F.);
#1254=ORIENTED_EDGE('',*,*,#934,.T.);
#1255=ORIENTED_EDGE('',*,*,#938,.F.);
#1256=ORIENTED_EDGE('',*,*,#939,.F.);
#1257=ORIENTED_EDGE('',*,*,#869,.F.);
#1258=ORIENTED_EDGE('',*,*,#939,.T.);
#1259=ORIENTED_EDGE('',*,*,#937,.T.);
#1260=ORIENTED_EDGE('',*,*,#935,.T.);
#1261=ORIENTED_EDGE('',*,*,#929,.T.);
#1262=ORIENTED_EDGE('',*,*,#880,.T.);
#1263=ORIENTED_EDGE('',*,*,#818,.F.);
#1264=ORIENTED_EDGE('',*,*,#940,.T.);
#1265=ORIENTED_EDGE('',*,*,#941,.T.);
#1266=ORIENTED_EDGE('',*,*,#942,.F.);
#1267=ORIENTED_EDGE('',*,*,#823,.F.);
#1268=ORIENTED_EDGE('',*,*,#943,.T.);
#1269=ORIENTED_EDGE('',*,*,#944,.T.);
#1270=ORIENTED_EDGE('',*,*,#940,.F.);
#1271=ORIENTED_EDGE('',*,*,#822,.F.);
#1272=ORIENTED_EDGE('',*,*,#945,.T.);
#1273=ORIENTED_EDGE('',*,*,#946,.T.);
#1274=ORIENTED_EDGE('',*,*,#943,.F.);
#1275=ORIENTED_EDGE('',*,*,#821,.F.);
#1276=ORIENTED_EDGE('',*,*,#947,.T.);
#1277=ORIENTED_EDGE('',*,*,#948,.T.);
#1278=ORIENTED_EDGE('',*,*,#945,.F.);
#1279=ORIENTED_EDGE('',*,*,#820,.F.);
#1280=ORIENTED_EDGE('',*,*,#949,.T.);
#1281=ORIENTED_EDGE('',*,*,#950,.T.);
#1282=ORIENTED_EDGE('',*,*,#947,.F.);
#1283=ORIENTED_EDGE('',*,*,#819,.F.);
#1284=ORIENTED_EDGE('',*,*,#942,.T.);
#1285=ORIENTED_EDGE('',*,*,#951,.T.);
#1286=ORIENTED_EDGE('',*,*,#949,.F.);
#1287=ORIENTED_EDGE('',*,*,#951,.F.);
#1288=ORIENTED_EDGE('',*,*,#941,.F.);
#1289=ORIENTED_EDGE('',*,*,#944,.F.);
#1290=ORIENTED_EDGE('',*,*,#946,.F.);
#1291=ORIENTED_EDGE('',*,*,#948,.F.);
#1292=ORIENTED_EDGE('',*,*,#950,.F.);
#1293=ORIENTED_EDGE('',*,*,#952,.F.);
#1294=ORIENTED_EDGE('',*,*,#952,.T.);
#1295=ORIENTED_EDGE('',*,*,#953,.T.);
#1296=ORIENTED_EDGE('',*,*,#954,.F.);
#1297=ORIENTED_EDGE('',*,*,#953,.F.);
#1298=ORIENTED_EDGE('',*,*,#827,.F.);
#1299=ORIENTED_EDGE('',*,*,#863,.T.);
#1300=ORIENTED_EDGE('',*,*,#849,.F.);
#1301=ORIENTED_EDGE('',*,*,#831,.F.);
#1302=ORIENTED_EDGE('',*,*,#954,.T.);
#1303=ORIENTED_EDGE('',*,*,#856,.F.);
#1304=ORIENTED_EDGE('',*,*,#839,.F.);
#1305=ORIENTED_EDGE('',*,*,#955,.F.);
#1306=ORIENTED_EDGE('',*,*,#858,.T.);
#1307=ORIENTED_EDGE('',*,*,#859,.F.);
#1308=ORIENTED_EDGE('',*,*,#955,.T.);
#1309=ORIENTED_EDGE('',*,*,#838,.T.);
#1310=ORIENTED_EDGE('',*,*,#803,.F.);
#1311=ORIENTED_EDGE('',*,*,#875,.T.);
#1312=ORIENTED_EDGE('',*,*,#887,.T.);
#1313=ORIENTED_EDGE('',*,*,#861,.F.);
#1314=ORIENTED_EDGE('',*,*,#810,.F.);
#1315=ORIENTED_EDGE('',*,*,#836,.F.);
#1316=ORIENTED_EDGE('',*,*,#956,.F.);
#1317=ORIENTED_EDGE('',*,*,#878,.T.);
#1318=ORIENTED_EDGE('',*,*,#893,.T.);
#1319=ORIENTED_EDGE('',*,*,#855,.F.);
#1320=ORIENTED_EDGE('',*,*,#862,.F.);
#1321=ORIENTED_EDGE('',*,*,#956,.T.);
#1322=ORIENTED_EDGE('',*,*,#835,.F.);
#1323=ORIENTED_EDGE('',*,*,#957,.F.);
#1324=ORIENTED_EDGE('',*,*,#958,.T.);
#1325=ORIENTED_EDGE('',*,*,#959,.T.);
#1326=ORIENTED_EDGE('',*,*,#958,.F.);
#1327=ORIENTED_EDGE('',*,*,#960,.F.);
#1328=ORIENTED_EDGE('',*,*,#961,.T.);
#1329=ORIENTED_EDGE('',*,*,#962,.T.);
#1330=ORIENTED_EDGE('',*,*,#961,.F.);
#1331=ORIENTED_EDGE('',*,*,#963,.F.);
#1332=ORIENTED_EDGE('',*,*,#964,.T.);
#1333=ORIENTED_EDGE('',*,*,#965,.F.);
#1334=ORIENTED_EDGE('',*,*,#966,.F.);
#1335=ORIENTED_EDGE('',*,*,#967,.F.);
#1336=ORIENTED_EDGE('',*,*,#966,.T.);
#1337=ORIENTED_EDGE('',*,*,#968,.F.);
#1338=ORIENTED_EDGE('',*,*,#969,.F.);
#1339=ORIENTED_EDGE('',*,*,#970,.F.);
#1340=ORIENTED_EDGE('',*,*,#969,.T.);
#1341=ORIENTED_EDGE('',*,*,#971,.F.);
#1342=ORIENTED_EDGE('',*,*,#972,.F.);
#1343=ORIENTED_EDGE('',*,*,#973,.F.);
#1344=ORIENTED_EDGE('',*,*,#972,.T.);
#1345=ORIENTED_EDGE('',*,*,#974,.F.);
#1346=ORIENTED_EDGE('',*,*,#964,.F.);
#1347=ORIENTED_EDGE('',*,*,#974,.T.);
#1348=ORIENTED_EDGE('',*,*,#971,.T.);
#1349=ORIENTED_EDGE('',*,*,#968,.T.);
#1350=ORIENTED_EDGE('',*,*,#965,.T.);
#1351=ORIENTED_EDGE('',*,*,#960,.T.);
#1352=ORIENTED_EDGE('',*,*,#957,.T.);
#1353=ORIENTED_EDGE('',*,*,#973,.T.);
#1354=ORIENTED_EDGE('',*,*,#963,.T.);
#1355=ORIENTED_EDGE('',*,*,#967,.T.);
#1356=ORIENTED_EDGE('',*,*,#970,.T.);
#1357=ORIENTED_EDGE('',*,*,#962,.F.);
#1358=ORIENTED_EDGE('',*,*,#959,.F.);
#1359=ORIENTED_EDGE('',*,*,#975,.F.);
#1360=ORIENTED_EDGE('',*,*,#976,.T.);
#1361=ORIENTED_EDGE('',*,*,#977,.T.);
#1362=ORIENTED_EDGE('',*,*,#976,.F.);
#1363=ORIENTED_EDGE('',*,*,#978,.F.);
#1364=ORIENTED_EDGE('',*,*,#979,.T.);
#1365=ORIENTED_EDGE('',*,*,#980,.T.);
#1366=ORIENTED_EDGE('',*,*,#979,.F.);
#1367=ORIENTED_EDGE('',*,*,#981,.F.);
#1368=ORIENTED_EDGE('',*,*,#982,.T.);
#1369=ORIENTED_EDGE('',*,*,#983,.F.);
#1370=ORIENTED_EDGE('',*,*,#984,.F.);
#1371=ORIENTED_EDGE('',*,*,#985,.T.);
#1372=ORIENTED_EDGE('',*,*,#984,.T.);
#1373=ORIENTED_EDGE('',*,*,#986,.F.);
#1374=ORIENTED_EDGE('',*,*,#987,.F.);
#1375=ORIENTED_EDGE('',*,*,#988,.T.);
#1376=ORIENTED_EDGE('',*,*,#987,.T.);
#1377=ORIENTED_EDGE('',*,*,#989,.F.);
#1378=ORIENTED_EDGE('',*,*,#990,.F.);
#1379=ORIENTED_EDGE('',*,*,#991,.F.);
#1380=ORIENTED_EDGE('',*,*,#990,.T.);
#1381=ORIENTED_EDGE('',*,*,#992,.F.);
#1382=ORIENTED_EDGE('',*,*,#982,.F.);
#1383=ORIENTED_EDGE('',*,*,#992,.T.);
#1384=ORIENTED_EDGE('',*,*,#989,.T.);
#1385=ORIENTED_EDGE('',*,*,#986,.T.);
#1386=ORIENTED_EDGE('',*,*,#983,.T.);
#1387=ORIENTED_EDGE('',*,*,#978,.T.);
#1388=ORIENTED_EDGE('',*,*,#975,.T.);
#1389=ORIENTED_EDGE('',*,*,#991,.T.);
#1390=ORIENTED_EDGE('',*,*,#981,.T.);
#1391=ORIENTED_EDGE('',*,*,#985,.F.);
#1392=ORIENTED_EDGE('',*,*,#988,.F.);
#1393=ORIENTED_EDGE('',*,*,#980,.F.);
#1394=ORIENTED_EDGE('',*,*,#977,.F.);
#1395=CYLINDRICAL_SURFACE('',#1514,4.);
#1396=CYLINDRICAL_SURFACE('',#1518,4.);
#1397=CYLINDRICAL_SURFACE('',#1522,4.);
#1398=CYLINDRICAL_SURFACE('',#1526,4.);
#1399=CYLINDRICAL_SURFACE('',#1530,3.);
#1400=CYLINDRICAL_SURFACE('',#1538,3.);
#1401=CYLINDRICAL_SURFACE('',#1541,3.);
#1402=CYLINDRICAL_SURFACE('',#1543,3.);
#1403=CYLINDRICAL_SURFACE('',#1547,3.25);
#1404=CYLINDRICAL_SURFACE('',#1550,3.25);
#1405=CYLINDRICAL_SURFACE('',#1554,3.25);
#1406=CYLINDRICAL_SURFACE('',#1557,3.25);
#1407=CYLINDRICAL_SURFACE('',#1561,3.25);
#1408=CYLINDRICAL_SURFACE('',#1564,3.25);
#1409=CYLINDRICAL_SURFACE('',#1568,3.25);
#1410=CYLINDRICAL_SURFACE('',#1571,3.25);
#1411=CYLINDRICAL_SURFACE('',#1607,3.25);
#1412=CYLINDRICAL_SURFACE('',#1614,3.25);
#1413=CYLINDRICAL_SURFACE('',#1617,3.25);
#1414=CYLINDRICAL_SURFACE('',#1626,3.25);
#1415=CYLINDRICAL_SURFACE('',#1629,3.25);
#1416=ADVANCED_FACE('',(#107),#1395,.F.);
#1417=ADVANCED_FACE('',(#108),#46,.T.);
#1418=ADVANCED_FACE('',(#109),#1396,.F.);
#1419=ADVANCED_FACE('',(#110),#47,.T.);
#1420=ADVANCED_FACE('',(#111),#1397,.F.);
#1421=ADVANCED_FACE('',(#112),#48,.T.);
#1422=ADVANCED_FACE('',(#113),#1398,.F.);
#1423=ADVANCED_FACE('',(#114,#19),#49,.T.);
#1424=ADVANCED_FACE('',(#115),#1399,.T.);
#1425=ADVANCED_FACE('',(#116),#50,.T.);
#1426=ADVANCED_FACE('',(#117,#20,#21),#51,.T.);
#1427=ADVANCED_FACE('',(#118),#1400,.T.);
#1428=ADVANCED_FACE('',(#119),#52,.T.);
#1429=ADVANCED_FACE('',(#120),#1401,.T.);
#1430=ADVANCED_FACE('',(#121),#1402,.T.);
#1431=ADVANCED_FACE('',(#122,#22,#23),#53,.T.);
#1432=ADVANCED_FACE('',(#123),#54,.T.);
#1433=ADVANCED_FACE('',(#124),#1403,.F.);
#1434=ADVANCED_FACE('',(#125),#1404,.F.);
#1435=ADVANCED_FACE('',(#126),#55,.F.);
#1436=ADVANCED_FACE('',(#127),#1405,.F.);
#1437=ADVANCED_FACE('',(#128),#1406,.F.);
#1438=ADVANCED_FACE('',(#129),#56,.F.);
#1439=ADVANCED_FACE('',(#130),#1407,.F.);
#1440=ADVANCED_FACE('',(#131),#1408,.F.);
#1441=ADVANCED_FACE('',(#132),#57,.F.);
#1442=ADVANCED_FACE('',(#133),#1409,.F.);
#1443=ADVANCED_FACE('',(#134),#1410,.F.);
#1444=ADVANCED_FACE('',(#135),#58,.F.);
#1445=ADVANCED_FACE('',(#136),#59,.F.);
#1446=ADVANCED_FACE('',(#137,#24),#60,.T.);
#1447=ADVANCED_FACE('',(#138),#61,.F.);
#1448=ADVANCED_FACE('',(#139),#62,.F.);
#1449=ADVANCED_FACE('',(#140),#63,.F.);
#1450=ADVANCED_FACE('',(#141,#25),#64,.F.);
#1451=ADVANCED_FACE('',(#142),#65,.F.);
#1452=ADVANCED_FACE('',(#143,#26),#66,.T.);
#1453=ADVANCED_FACE('',(#144),#67,.F.);
#1454=ADVANCED_FACE('',(#145),#68,.F.);
#1455=ADVANCED_FACE('',(#146),#69,.F.);
#1456=ADVANCED_FACE('',(#147,#27),#70,.F.);
#1457=ADVANCED_FACE('',(#148),#71,.F.);
#1458=ADVANCED_FACE('',(#149,#28),#72,.T.);
#1459=ADVANCED_FACE('',(#150),#73,.F.);
#1460=ADVANCED_FACE('',(#151),#74,.F.);
#1461=ADVANCED_FACE('',(#152),#75,.F.);
#1462=ADVANCED_FACE('',(#153,#29),#76,.F.);
#1463=ADVANCED_FACE('',(#154),#77,.F.);
#1464=ADVANCED_FACE('',(#155,#30),#78,.F.);
#1465=ADVANCED_FACE('',(#156),#79,.F.);
#1466=ADVANCED_FACE('',(#157),#80,.F.);
#1467=ADVANCED_FACE('',(#158),#81,.F.);
#1468=ADVANCED_FACE('',(#159,#31),#82,.T.);
#1469=ADVANCED_FACE('',(#160),#83,.F.);
#1470=ADVANCED_FACE('',(#161),#84,.F.);
#1471=ADVANCED_FACE('',(#162),#85,.F.);
#1472=ADVANCED_FACE('',(#163),#86,.F.);
#1473=ADVANCED_FACE('',(#164),#87,.F.);
#1474=ADVANCED_FACE('',(#165),#88,.F.);
#1475=ADVANCED_FACE('',(#166,#32),#89,.T.);
#1476=ADVANCED_FACE('',(#167),#1411,.F.);
#1477=ADVANCED_FACE('',(#168,#33),#90,.T.);
#1478=ADVANCED_FACE('',(#169),#91,.T.);
#1479=ADVANCED_FACE('',(#170,#34,#35),#92,.T.);
#1480=ADVANCED_FACE('',(#171,#36,#37),#93,.T.);
#1481=ADVANCED_FACE('',(#172),#94,.T.);
#1482=ADVANCED_FACE('',(#173),#1412,.F.);
#1483=ADVANCED_FACE('',(#174),#1413,.F.);
#1484=ADVANCED_FACE('',(#175),#95,.T.);
#1485=ADVANCED_FACE('',(#176),#96,.T.);
#1486=ADVANCED_FACE('',(#177),#97,.T.);
#1487=ADVANCED_FACE('',(#178),#98,.T.);
#1488=ADVANCED_FACE('',(#179,#38,#39),#99,.T.);
#1489=ADVANCED_FACE('',(#180,#40,#41),#100,.F.);
#1490=ADVANCED_FACE('',(#181),#1414,.F.);
#1491=ADVANCED_FACE('',(#182),#1415,.F.);
#1492=ADVANCED_FACE('',(#183),#101,.T.);
#1493=ADVANCED_FACE('',(#184),#102,.T.);
#1494=ADVANCED_FACE('',(#185),#103,.T.);
#1495=ADVANCED_FACE('',(#186),#104,.T.);
#1496=ADVANCED_FACE('',(#187,#42,#43),#105,.T.);
#1497=ADVANCED_FACE('',(#188,#44,#45),#106,.F.);
#1498=CLOSED_SHELL('',(#1416,#1417,#1418,#1419,#1420,#1421,#1422,#1423,
#1424,#1425,#1426,#1427,#1428,#1429,#1430,#1431,#1432,#1433,#1434,#1435,
#1436,#1437,#1438,#1439,#1440,#1441,#1442,#1443,#1444,#1445,#1446,#1447,
#1448,#1449,#1450,#1451,#1452,#1453,#1454,#1455,#1456,#1457,#1458,#1459,
#1460,#1461,#1462,#1463,#1464,#1465,#1466,#1467,#1468,#1469,#1470,#1471,
#1472,#1473,#1474,#1475,#1476,#1477,#1478,#1479,#1480,#1481));
#1499=CLOSED_SHELL('',(#1482,#1483,#1484,#1485,#1486,#1487,#1488,#1489));
#1500=CLOSED_SHELL('',(#1490,#1491,#1492,#1493,#1494,#1495,#1496,#1497));
#1501=DERIVED_UNIT_ELEMENT(#1503,1.);
#1502=DERIVED_UNIT_ELEMENT(#2470,-3.);
#1503=(
MASS_UNIT()
NAMED_UNIT(*)
SI_UNIT(.KILO.,.GRAM.)
);
#1504=DERIVED_UNIT((#1501,#1502));
#1505=MEASURE_REPRESENTATION_ITEM('density measure',
POSITIVE_RATIO_MEASURE(7850.),#1504);
#1506=PROPERTY_DEFINITION_REPRESENTATION(#1511,#1508);
#1507=PROPERTY_DEFINITION_REPRESENTATION(#1512,#1509);
#1508=REPRESENTATION('material name',(#1510),#2467);
#1509=REPRESENTATION('density',(#1505),#2467);
#1510=DESCRIPTIVE_REPRESENTATION_ITEM('Steel','Steel');
#1511=PROPERTY_DEFINITION('material property','material name',#2477);
#1512=PROPERTY_DEFINITION('material property','density of part',#2477);
#1513=AXIS2_PLACEMENT_3D('',#2047,#1638,#1639);
#1514=AXIS2_PLACEMENT_3D('',#2048,#1640,#1641);
#1515=AXIS2_PLACEMENT_3D('',#2051,#1642,#1643);
#1516=AXIS2_PLACEMENT_3D('',#2055,#1645,#1646);
#1517=AXIS2_PLACEMENT_3D('',#2057,#1648,#1649);
#1518=AXIS2_PLACEMENT_3D('',#2063,#1653,#1654);
#1519=AXIS2_PLACEMENT_3D('',#2065,#1655,#1656);
#1520=AXIS2_PLACEMENT_3D('',#2068,#1658,#1659);
#1521=AXIS2_PLACEMENT_3D('',#2069,#1660,#1661);
#1522=AXIS2_PLACEMENT_3D('',#2075,#1665,#1666);
#1523=AXIS2_PLACEMENT_3D('',#2078,#1667,#1668);
#1524=AXIS2_PLACEMENT_3D('',#2082,#1670,#1671);
#1525=AXIS2_PLACEMENT_3D('',#2084,#1673,#1674);
#1526=AXIS2_PLACEMENT_3D('',#2090,#1678,#1679);
#1527=AXIS2_PLACEMENT_3D('',#2093,#1680,#1681);
#1528=AXIS2_PLACEMENT_3D('',#2097,#1683,#1684);
#1529=AXIS2_PLACEMENT_3D('',#2099,#1686,#1687);
#1530=AXIS2_PLACEMENT_3D('',#2114,#1696,#1697);
#1531=AXIS2_PLACEMENT_3D('',#2117,#1698,#1699);
#1532=AXIS2_PLACEMENT_3D('',#2121,#1701,#1702);
#1533=AXIS2_PLACEMENT_3D('',#2123,#1704,#1705);
#1534=AXIS2_PLACEMENT_3D('',#2129,#1709,#1710);
#1535=AXIS2_PLACEMENT_3D('',#2133,#1712,#1713);
#1536=AXIS2_PLACEMENT_3D('',#2137,#1715,#1716);
#1537=AXIS2_PLACEMENT_3D('',#2146,#1722,#1723);
#1538=AXIS2_PLACEMENT_3D('',#2163,#1732,#1733);
#1539=AXIS2_PLACEMENT_3D('',#2167,#1735,#1736);
#1540=AXIS2_PLACEMENT_3D('',#2169,#1738,#1739);
#1541=AXIS2_PLACEMENT_3D('',#2173,#1742,#1743);
#1542=AXIS2_PLACEMENT_3D('',#2175,#1744,#1745);
#1543=AXIS2_PLACEMENT_3D('',#2177,#1747,#1748);
#1544=AXIS2_PLACEMENT_3D('',#2180,#1750,#1751);
#1545=AXIS2_PLACEMENT_3D('',#2181,#1752,#1753);
#1546=AXIS2_PLACEMENT_3D('',#2206,#1768,#1769);
#1547=AXIS2_PLACEMENT_3D('',#2207,#1770,#1771);
#1548=AXIS2_PLACEMENT_3D('',#2209,#1772,#1773);
#1549=AXIS2_PLACEMENT_3D('',#2212,#1775,#1776);
#1550=AXIS2_PLACEMENT_3D('',#2213,#1777,#1778);
#1551=AXIS2_PLACEMENT_3D('',#2215,#1779,#1780);
#1552=AXIS2_PLACEMENT_3D('',#2218,#1782,#1783);
#1553=AXIS2_PLACEMENT_3D('',#2219,#1784,#1785);
#1554=AXIS2_PLACEMENT_3D('',#2220,#1786,#1787);
#1555=AXIS2_PLACEMENT_3D('',#2222,#1788,#1789);
#1556=AXIS2_PLACEMENT_3D('',#2225,#1791,#1792);
#1557=AXIS2_PLACEMENT_3D('',#2226,#1793,#1794);
#1558=AXIS2_PLACEMENT_3D('',#2228,#1795,#1796);
#1559=AXIS2_PLACEMENT_3D('',#2231,#1798,#1799);
#1560=AXIS2_PLACEMENT_3D('',#2232,#1800,#1801);
#1561=AXIS2_PLACEMENT_3D('',#2233,#1802,#1803);
#1562=AXIS2_PLACEMENT_3D('',#2235,#1804,#1805);
#1563=AXIS2_PLACEMENT_3D('',#2238,#1807,#1808);
#1564=AXIS2_PLACEMENT_3D('',#2239,#1809,#1810);
#1565=AXIS2_PLACEMENT_3D('',#2241,#1811,#1812);
#1566=AXIS2_PLACEMENT_3D('',#2244,#1814,#1815);
#1567=AXIS2_PLACEMENT_3D('',#2245,#1816,#1817);
#1568=AXIS2_PLACEMENT_3D('',#2246,#1818,#1819);
#1569=AXIS2_PLACEMENT_3D('',#2248,#1820,#1821);
#1570=AXIS2_PLACEMENT_3D('',#2251,#1823,#1824);
#1571=AXIS2_PLACEMENT_3D('',#2252,#1825,#1826);
#1572=AXIS2_PLACEMENT_3D('',#2254,#1827,#1828);
#1573=AXIS2_PLACEMENT_3D('',#2257,#1830,#1831);
#1574=AXIS2_PLACEMENT_3D('',#2258,#1832,#1833);
#1575=AXIS2_PLACEMENT_3D('',#2259,#1834,#1835);
#1576=AXIS2_PLACEMENT_3D('',#2265,#1839,#1840);
#1577=AXIS2_PLACEMENT_3D('',#2271,#1844,#1845);
#1578=AXIS2_PLACEMENT_3D('',#2277,#1849,#1850);
#1579=AXIS2_PLACEMENT_3D('',#2279,#1852,#1853);
#1580=AXIS2_PLACEMENT_3D('',#2281,#1855,#1856);
#1581=AXIS2_PLACEMENT_3D('',#2282,#1857,#1858);
#1582=AXIS2_PLACEMENT_3D('',#2288,#1862,#1863);
#1583=AXIS2_PLACEMENT_3D('',#2294,#1867,#1868);
#1584=AXIS2_PLACEMENT_3D('',#2298,#1871,#1872);
#1585=AXIS2_PLACEMENT_3D('',#2302,#1875,#1876);
#1586=AXIS2_PLACEMENT_3D('',#2304,#1878,#1879);
#1587=AXIS2_PLACEMENT_3D('',#2305,#1880,#1881);
#1588=AXIS2_PLACEMENT_3D('',#2311,#1885,#1886);
#1589=AXIS2_PLACEMENT_3D('',#2317,#1890,#1891);
#1590=AXIS2_PLACEMENT_3D('',#2321,#1894,#1895);
#1591=AXIS2_PLACEMENT_3D('',#2325,#1898,#1899);
#1592=AXIS2_PLACEMENT_3D('',#2327,#1901,#1902);
#1593=AXIS2_PLACEMENT_3D('',#2328,#1903,#1904);
#1594=AXIS2_PLACEMENT_3D('',#2334,#1908,#1909);
#1595=AXIS2_PLACEMENT_3D('',#2340,#1913,#1914);
#1596=AXIS2_PLACEMENT_3D('',#2344,#1917,#1918);
#1597=AXIS2_PLACEMENT_3D('',#2348,#1921,#1922);
#1598=AXIS2_PLACEMENT_3D('',#2350,#1924,#1925);
#1599=AXIS2_PLACEMENT_3D('',#2351,#1926,#1927);
#1600=AXIS2_PLACEMENT_3D('',#2357,#1931,#1932);
#1601=AXIS2_PLACEMENT_3D('',#2361,#1935,#1936);
#1602=AXIS2_PLACEMENT_3D('',#2365,#1939,#1940);
#1603=AXIS2_PLACEMENT_3D('',#2369,#1943,#1944);
#1604=AXIS2_PLACEMENT_3D('',#2373,#1947,#1948);
#1605=AXIS2_PLACEMENT_3D('',#2375,#1950,#1951);
#1606=AXIS2_PLACEMENT_3D('',#2377,#1952,#1953);
#1607=AXIS2_PLACEMENT_3D('',#2378,#1954,#1955);
#1608=AXIS2_PLACEMENT_3D('',#2381,#1957,#1958);
#1609=AXIS2_PLACEMENT_3D('',#2382,#1959,#1960);
#1610=AXIS2_PLACEMENT_3D('',#2383,#1961,#1962);
#1611=AXIS2_PLACEMENT_3D('',#2385,#1964,#1965);
#1612=AXIS2_PLACEMENT_3D('',#2386,#1966,#1967);
#1613=AXIS2_PLACEMENT_3D('',#2388,#1969,#1970);
#1614=AXIS2_PLACEMENT_3D('',#2389,#1971,#1972);
#1615=AXIS2_PLACEMENT_3D('',#2391,#1973,#1974);
#1616=AXIS2_PLACEMENT_3D('',#2394,#1976,#1977);
#1617=AXIS2_PLACEMENT_3D('',#2395,#1978,#1979);
#1618=AXIS2_PLACEMENT_3D('',#2397,#1980,#1981);
#1619=AXIS2_PLACEMENT_3D('',#2400,#1983,#1984);
#1620=AXIS2_PLACEMENT_3D('',#2401,#1985,#1986);
#1621=AXIS2_PLACEMENT_3D('',#2410,#1991,#1992);
#1622=AXIS2_PLACEMENT_3D('',#2416,#1996,#1997);
#1623=AXIS2_PLACEMENT_3D('',#2422,#2001,#2002);
#1624=AXIS2_PLACEMENT_3D('',#2425,#2005,#2006);
#1625=AXIS2_PLACEMENT_3D('',#2426,#2007,#2008);
#1626=AXIS2_PLACEMENT_3D('',#2427,#2009,#2010);
#1627=AXIS2_PLACEMENT_3D('',#2429,#2011,#2012);
#1628=AXIS2_PLACEMENT_3D('',#2432,#2014,#2015);
#1629=AXIS2_PLACEMENT_3D('',#2433,#2016,#2017);
#1630=AXIS2_PLACEMENT_3D('',#2435,#2018,#2019);
#1631=AXIS2_PLACEMENT_3D('',#2438,#2021,#2022);
#1632=AXIS2_PLACEMENT_3D('',#2439,#2023,#2024);
#1633=AXIS2_PLACEMENT_3D('',#2448,#2029,#2030);
#1634=AXIS2_PLACEMENT_3D('',#2454,#2034,#2035);
#1635=AXIS2_PLACEMENT_3D('',#2460,#2039,#2040);
#1636=AXIS2_PLACEMENT_3D('',#2463,#2043,#2044);
#1637=AXIS2_PLACEMENT_3D('',#2464,#2045,#2046);
#1638=DIRECTION('axis',(0.,0.,1.));
#1639=DIRECTION('refdir',(1.,0.,0.));
#1640=DIRECTION('center_axis',(-1.,0.,0.));
#1641=DIRECTION('ref_axis',(0.,-0.38268343236509,0.923879532511287));
#1642=DIRECTION('center_axis',(1.,0.,0.));
#1643=DIRECTION('ref_axis',(0.,-0.38268343236509,0.923879532511287));
#1644=DIRECTION('',(-1.,0.,0.));
#1645=DIRECTION('center_axis',(-1.,0.,0.));
#1646=DIRECTION('ref_axis',(0.,-0.38268343236509,0.923879532511287));
#1647=DIRECTION('',(1.,0.,0.));
#1648=DIRECTION('center_axis',(0.,0.707106781186548,-0.707106781186548));
#1649=DIRECTION('ref_axis',(0.,-0.707106781186548,-0.707106781186548));
#1650=DIRECTION('',(0.,0.707106781186547,0.707106781186547));
#1651=DIRECTION('',(1.,0.,0.));
#1652=DIRECTION('',(0.,-0.707106781186547,-0.707106781186547));
#1653=DIRECTION('center_axis',(-1.,0.,0.));
#1654=DIRECTION('ref_axis',(0.,-0.923879532511287,0.38268343236509));
#1655=DIRECTION('center_axis',(1.,0.,0.));
#1656=DIRECTION('ref_axis',(0.,-0.923879532511287,0.38268343236509));
#1657=DIRECTION('',(-1.,0.,0.));
#1658=DIRECTION('center_axis',(-1.,0.,0.));
#1659=DIRECTION('ref_axis',(0.,-0.923879532511287,0.38268343236509));
#1660=DIRECTION('center_axis',(0.,1.,0.));
#1661=DIRECTION('ref_axis',(0.,0.,1.));
#1662=DIRECTION('',(0.,0.,1.));
#1663=DIRECTION('',(-1.,0.,0.));
#1664=DIRECTION('',(0.,0.,1.));
#1665=DIRECTION('center_axis',(1.,0.,0.));
#1666=DIRECTION('ref_axis',(0.,0.923879532511287,0.382683432365089));
#1667=DIRECTION('center_axis',(-1.,0.,0.));
#1668=DIRECTION('ref_axis',(0.,0.923879532511287,0.382683432365089));
#1669=DIRECTION('',(1.,0.,0.));
#1670=DIRECTION('center_axis',(1.,0.,0.));
#1671=DIRECTION('ref_axis',(0.,0.923879532511287,0.382683432365089));
#1672=DIRECTION('',(-1.,0.,0.));
#1673=DIRECTION('center_axis',(0.,-1.,0.));
#1674=DIRECTION('ref_axis',(0.,0.,-1.));
#1675=DIRECTION('',(0.,0.,1.));
#1676=DIRECTION('',(1.,0.,0.));
#1677=DIRECTION('',(0.,0.,1.));
#1678=DIRECTION('center_axis',(-1.,0.,0.));
#1679=DIRECTION('ref_axis',(0.,0.382683432365089,0.923879532511287));
#1680=DIRECTION('center_axis',(1.,0.,0.));
#1681=DIRECTION('ref_axis',(0.,0.382683432365089,0.923879532511287));
#1682=DIRECTION('',(-1.,0.,0.));
#1683=DIRECTION('center_axis',(-1.,0.,0.));
#1684=DIRECTION('ref_axis',(0.,0.382683432365089,0.923879532511287));
#1685=DIRECTION('',(1.,0.,0.));
#1686=DIRECTION('center_axis',(0.,0.,-1.));
#1687=DIRECTION('ref_axis',(0.,-1.,0.));
#1688=DIRECTION('',(0.,-1.,0.));
#1689=DIRECTION('',(0.,1.,0.));
#1690=DIRECTION('',(0.999999999999802,6.29912537355782E-7,0.));
#1691=DIRECTION('',(0.499999636319652,0.866025613755283,0.));
#1692=DIRECTION('',(-0.500000363680261,0.86602519381344,0.));
#1693=DIRECTION('',(-0.999999999999912,-4.19941843792354E-7,0.));
#1694=DIRECTION('',(-0.499999636319651,-0.866025613755284,0.));
#1695=DIRECTION('',(0.500000000000001,-0.866025403784438,0.));
#1696=DIRECTION('center_axis',(-1.,0.,0.));
#1697=DIRECTION('ref_axis',(0.,-0.38268343236509,0.923879532511287));
#1698=DIRECTION('center_axis',(1.,0.,0.));
#1699=DIRECTION('ref_axis',(0.,-0.38268343236509,0.923879532511287));
#1700=DIRECTION('',(1.,0.,0.));
#1701=DIRECTION('center_axis',(-1.,0.,0.));
#1702=DIRECTION('ref_axis',(0.,-0.38268343236509,0.923879532511287));
#1703=DIRECTION('',(-1.,0.,0.));
#1704=DIRECTION('center_axis',(0.,-0.707106781186548,0.707106781186547));
#1705=DIRECTION('ref_axis',(0.,0.707106781186547,0.707106781186548));
#1706=DIRECTION('',(0.,0.707106781186547,0.707106781186548));
#1707=DIRECTION('',(-1.,0.,0.));
#1708=DIRECTION('',(0.,0.707106781186547,0.707106781186548));
#1709=DIRECTION('center_axis',(-1.,0.,0.));
#1710=DIRECTION('ref_axis',(0.,0.,1.));
#1711=DIRECTION('',(0.,1.,0.));
#1712=DIRECTION('center_axis',(1.,0.,0.));
#1713=DIRECTION('ref_axis',(0.,0.382683432365089,0.923879532511287));
#1714=DIRECTION('',(0.,0.707106781186548,-0.707106781186547));
#1715=DIRECTION('center_axis',(1.,0.,0.));
#1716=DIRECTION('ref_axis',(0.,0.923879532511287,0.38268343236509));
#1717=DIRECTION('',(0.,0.,1.));
#1718=DIRECTION('',(0.,-1.,0.));
#1719=DIRECTION('',(0.,-0.707106781186547,0.707106781186547));
#1720=DIRECTION('',(0.,1.,0.));
#1721=DIRECTION('',(0.,0.,-1.));
#1722=DIRECTION('center_axis',(1.,0.,0.));
#1723=DIRECTION('ref_axis',(0.,-0.923879532511287,0.38268343236509));
#1724=DIRECTION('',(0.,0.,1.));
#1725=DIRECTION('',(0.,-1.,0.));
#1726=DIRECTION('',(0.,0.,-1.));
#1727=DIRECTION('',(0.,1.,0.));
#1728=DIRECTION('',(0.,0.,1.));
#1729=DIRECTION('',(0.,-1.,0.));
#1730=DIRECTION('',(0.,0.,-1.));
#1731=DIRECTION('',(0.,1.,0.));
#1732=DIRECTION('center_axis',(-1.,0.,0.));
#1733=DIRECTION('ref_axis',(0.,0.382683432365089,0.923879532511287));
#1734=DIRECTION('',(1.,0.,0.));
#1735=DIRECTION('center_axis',(-1.,0.,0.));
#1736=DIRECTION('ref_axis',(0.,0.382683432365089,0.923879532511287));
#1737=DIRECTION('',(-1.,0.,0.));
#1738=DIRECTION('center_axis',(0.,0.707106781186547,0.707106781186548));
#1739=DIRECTION('ref_axis',(0.,0.707106781186548,-0.707106781186547));
#1740=DIRECTION('',(0.,0.707106781186548,-0.707106781186547));
#1741=DIRECTION('',(1.,0.,0.));
#1742=DIRECTION('center_axis',(-1.,0.,0.));
#1743=DIRECTION('ref_axis',(0.,0.923879532511287,0.38268343236509));
#1744=DIRECTION('center_axis',(-1.,0.,0.));
#1745=DIRECTION('ref_axis',(0.,0.923879532511287,0.38268343236509));
#1746=DIRECTION('',(-1.,0.,0.));
#1747=DIRECTION('center_axis',(-1.,0.,0.));
#1748=DIRECTION('ref_axis',(0.,-0.923879532511287,0.38268343236509));
#1749=DIRECTION('',(1.,0.,0.));
#1750=DIRECTION('center_axis',(-1.,0.,0.));
#1751=DIRECTION('ref_axis',(0.,-0.923879532511287,0.38268343236509));
#1752=DIRECTION('center_axis',(1.,0.,0.));
#1753=DIRECTION('ref_axis',(0.,1.,0.));
#1754=DIRECTION('',(0.,0.,1.));
#1755=DIRECTION('',(0.,1.,0.));
#1756=DIRECTION('',(0.,0.707106781186547,-0.707106781186547));
#1757=DIRECTION('',(0.,1.,0.));
#1758=DIRECTION('',(0.,0.,-1.));
#1759=DIRECTION('',(0.,1.,0.));
#1760=DIRECTION('',(0.,0.,1.));
#1761=DIRECTION('',(0.,1.,0.));
#1762=DIRECTION('',(0.,0.,-1.));
#1763=DIRECTION('',(0.,-1.,0.));
#1764=DIRECTION('',(0.,0.,-1.));
#1765=DIRECTION('',(0.,-1.,0.));
#1766=DIRECTION('',(0.,0.,1.));
#1767=DIRECTION('',(0.,1.,0.));
#1768=DIRECTION('center_axis',(0.,-0.707106781186548,-0.707106781186548));
#1769=DIRECTION('ref_axis',(0.,-0.707106781186548,0.707106781186548));
#1770=DIRECTION('center_axis',(0.,0.,1.));
#1771=DIRECTION('ref_axis',(-1.,0.,0.));
#1772=DIRECTION('center_axis',(0.,0.,-1.));
#1773=DIRECTION('ref_axis',(-1.,0.,0.));
#1774=DIRECTION('',(0.,0.,1.));
#1775=DIRECTION('center_axis',(0.,0.,1.));
#1776=DIRECTION('ref_axis',(-1.,0.,0.));
#1777=DIRECTION('center_axis',(0.,0.,1.));
#1778=DIRECTION('ref_axis',(-1.,0.,0.));
#1779=DIRECTION('center_axis',(0.,0.,1.));
#1780=DIRECTION('ref_axis',(-1.,0.,0.));
#1781=DIRECTION('',(0.,0.,1.));
#1782=DIRECTION('center_axis',(0.,0.,-1.));
#1783=DIRECTION('ref_axis',(-1.,0.,0.));
#1784=DIRECTION('center_axis',(0.,0.,1.));
#1785=DIRECTION('ref_axis',(1.,0.,0.));
#1786=DIRECTION('center_axis',(0.,0.,1.));
#1787=DIRECTION('ref_axis',(1.,0.,0.));
#1788=DIRECTION('center_axis',(0.,0.,1.));
#1789=DIRECTION('ref_axis',(1.,0.,0.));
#1790=DIRECTION('',(0.,0.,1.));
#1791=DIRECTION('center_axis',(0.,0.,-1.));
#1792=DIRECTION('ref_axis',(1.,0.,0.));
#1793=DIRECTION('center_axis',(0.,0.,1.));
#1794=DIRECTION('ref_axis',(1.,0.,0.));
#1795=DIRECTION('center_axis',(0.,0.,-1.));
#1796=DIRECTION('ref_axis',(1.,0.,0.));
#1797=DIRECTION('',(0.,0.,1.));
#1798=DIRECTION('center_axis',(0.,0.,1.));
#1799=DIRECTION('ref_axis',(1.,0.,0.));
#1800=DIRECTION('center_axis',(0.,0.,1.));
#1801=DIRECTION('ref_axis',(1.,0.,0.));
#1802=DIRECTION('center_axis',(0.,0.,1.));
#1803=DIRECTION('ref_axis',(1.,0.,0.));
#1804=DIRECTION('center_axis',(0.,0.,-1.));
#1805=DIRECTION('ref_axis',(1.,0.,0.));
#1806=DIRECTION('',(0.,0.,1.));
#1807=DIRECTION('center_axis',(0.,0.,1.));
#1808=DIRECTION('ref_axis',(1.,0.,0.));
#1809=DIRECTION('center_axis',(0.,0.,1.));
#1810=DIRECTION('ref_axis',(1.,0.,0.));
#1811=DIRECTION('center_axis',(0.,0.,1.));
#1812=DIRECTION('ref_axis',(1.,0.,0.));
#1813=DIRECTION('',(0.,0.,1.));
#1814=DIRECTION('center_axis',(0.,0.,-1.));
#1815=DIRECTION('ref_axis',(1.,0.,0.));
#1816=DIRECTION('center_axis',(0.,0.,1.));
#1817=DIRECTION('ref_axis',(1.,0.,0.));
#1818=DIRECTION('center_axis',(0.,0.,1.));
#1819=DIRECTION('ref_axis',(1.,0.,0.));
#1820=DIRECTION('center_axis',(0.,0.,-1.));
#1821=DIRECTION('ref_axis',(1.,0.,0.));
#1822=DIRECTION('',(0.,0.,1.));
#1823=DIRECTION('center_axis',(0.,0.,1.));
#1824=DIRECTION('ref_axis',(1.,0.,0.));
#1825=DIRECTION('center_axis',(0.,0.,1.));
#1826=DIRECTION('ref_axis',(1.,0.,0.));
#1827=DIRECTION('center_axis',(0.,0.,1.));
#1828=DIRECTION('ref_axis',(1.,0.,0.));
#1829=DIRECTION('',(0.,0.,1.));
#1830=DIRECTION('center_axis',(0.,0.,-1.));
#1831=DIRECTION('ref_axis',(1.,0.,0.));
#1832=DIRECTION('center_axis',(0.,0.,1.));
#1833=DIRECTION('ref_axis',(1.,0.,0.));
#1834=DIRECTION('center_axis',(0.,1.,0.));
#1835=DIRECTION('ref_axis',(-1.,0.,0.));
#1836=DIRECTION('',(-1.,0.,0.));
#1837=DIRECTION('',(0.,0.,1.));
#1838=DIRECTION('',(-1.,0.,0.));
#1839=DIRECTION('center_axis',(0.,0.,1.));
#1840=DIRECTION('ref_axis',(1.,0.,0.));
#1841=DIRECTION('',(-0.5,-0.866025403784439,0.));
#1842=DIRECTION('',(0.5,-0.866025403784439,0.));
#1843=DIRECTION('',(1.,-5.62320636242458E-16,0.));
#1844=DIRECTION('center_axis',(-0.866025403784439,-0.5,0.));
#1845=DIRECTION('ref_axis',(0.5,-0.866025403784439,0.));
#1846=DIRECTION('',(0.,0.,1.));
#1847=DIRECTION('',(0.5,-0.866025403784439,0.));
#1848=DIRECTION('',(0.,0.,1.));
#1849=DIRECTION('center_axis',(-0.866025403784439,0.5,0.));
#1850=DIRECTION('ref_axis',(-0.5,-0.866025403784438,0.));
#1851=DIRECTION('',(-0.5,-0.866025403784439,0.));
#1852=DIRECTION('center_axis',(-5.62320636242458E-16,-1.,0.));
#1853=DIRECTION('ref_axis',(1.,-5.62320636242458E-16,0.));
#1854=DIRECTION('',(1.,-5.62320636242458E-16,0.));
#1855=DIRECTION('center_axis',(0.,0.,1.));
#1856=DIRECTION('ref_axis',(1.,0.,0.));
#1857=DIRECTION('center_axis',(0.,-1.,0.));
#1858=DIRECTION('ref_axis',(1.,0.,0.));
#1859=DIRECTION('',(1.,0.,0.));
#1860=DIRECTION('',(0.,0.,1.));
#1861=DIRECTION('',(1.,0.,0.));
#1862=DIRECTION('center_axis',(0.,0.,1.));
#1863=DIRECTION('ref_axis',(1.,0.,0.));
#1864=DIRECTION('',(0.500000000000001,0.866025403784438,0.));
#1865=DIRECTION('',(-0.5,0.866025403784439,0.));
#1866=DIRECTION('',(-1.,0.,0.));
#1867=DIRECTION('center_axis',(0.,1.,0.));
#1868=DIRECTION('ref_axis',(-1.,0.,0.));
#1869=DIRECTION('',(0.,0.,1.));
#1870=DIRECTION('',(-1.,0.,0.));
#1871=DIRECTION('center_axis',(0.866025403784439,0.5,0.));
#1872=DIRECTION('ref_axis',(-0.5,0.866025403784439,0.));
#1873=DIRECTION('',(0.,0.,1.));
#1874=DIRECTION('',(-0.5,0.866025403784439,0.));
#1875=DIRECTION('center_axis',(0.866025403784438,-0.500000000000001,0.));
#1876=DIRECTION('ref_axis',(0.500000000000001,0.866025403784438,0.));
#1877=DIRECTION('',(0.500000000000001,0.866025403784438,0.));
#1878=DIRECTION('center_axis',(0.,0.,1.));
#1879=DIRECTION('ref_axis',(1.,0.,0.));
#1880=DIRECTION('center_axis',(0.,-1.,0.));
#1881=DIRECTION('ref_axis',(1.,0.,0.));
#1882=DIRECTION('',(1.,0.,0.));
#1883=DIRECTION('',(0.,0.,1.));
#1884=DIRECTION('',(1.,0.,0.));
#1885=DIRECTION('center_axis',(0.,0.,1.));
#1886=DIRECTION('ref_axis',(1.,0.,0.));
#1887=DIRECTION('',(0.5,0.866025403784439,0.));
#1888=DIRECTION('',(-0.499999999999999,0.866025403784439,0.));
#1889=DIRECTION('',(-1.,0.,0.));
#1890=DIRECTION('center_axis',(0.,1.,0.));
#1891=DIRECTION('ref_axis',(-1.,0.,0.));
#1892=DIRECTION('',(0.,0.,1.));
#1893=DIRECTION('',(-1.,0.,0.));
#1894=DIRECTION('center_axis',(0.866025403784439,0.499999999999999,0.));
#1895=DIRECTION('ref_axis',(-0.499999999999999,0.866025403784439,0.));
#1896=DIRECTION('',(0.,0.,1.));
#1897=DIRECTION('',(-0.499999999999999,0.866025403784439,0.));
#1898=DIRECTION('center_axis',(0.866025403784439,-0.5,0.));
#1899=DIRECTION('ref_axis',(0.5,0.866025403784439,0.));
#1900=DIRECTION('',(0.5,0.866025403784439,0.));
#1901=DIRECTION('center_axis',(0.,0.,1.));
#1902=DIRECTION('ref_axis',(1.,0.,0.));
#1903=DIRECTION('center_axis',(0.,-1.,0.));
#1904=DIRECTION('ref_axis',(1.,0.,0.));
#1905=DIRECTION('',(1.,0.,0.));
#1906=DIRECTION('',(0.,0.,1.));
#1907=DIRECTION('',(1.,0.,0.));
#1908=DIRECTION('center_axis',(0.,0.,1.));
#1909=DIRECTION('ref_axis',(1.,0.,0.));
#1910=DIRECTION('',(0.481557972905064,-0.876414239233689,0.));
#1911=DIRECTION('',(-0.481557981367616,-0.876414234583822,0.));
#1912=DIRECTION('',(-1.,0.,0.));
#1913=DIRECTION('center_axis',(-0.876414239233689,-0.481557972905064,0.));
#1914=DIRECTION('ref_axis',(0.481557972905064,-0.876414239233689,0.));
#1915=DIRECTION('',(0.481557972905064,-0.876414239233689,0.));
#1916=DIRECTION('',(0.,0.,1.));
#1917=DIRECTION('center_axis',(-0.876414234583822,0.481557981367616,0.));
#1918=DIRECTION('ref_axis',(-0.481557981367616,-0.876414234583822,0.));
#1919=DIRECTION('',(-0.481557981367616,-0.876414234583822,0.));
#1920=DIRECTION('',(0.,0.,1.));
#1921=DIRECTION('center_axis',(0.,1.,0.));
#1922=DIRECTION('ref_axis',(-1.,0.,0.));
#1923=DIRECTION('',(-1.,0.,0.));
#1924=DIRECTION('center_axis',(0.,0.,1.));
#1925=DIRECTION('ref_axis',(1.,0.,0.));
#1926=DIRECTION('center_axis',(6.29912537355782E-7,-0.999999999999802,0.));
#1927=DIRECTION('ref_axis',(0.999999999999802,6.29912537355782E-7,0.));
#1928=DIRECTION('',(0.,0.,1.));
#1929=DIRECTION('',(0.999999999999802,6.29912537355782E-7,0.));
#1930=DIRECTION('',(0.,0.,1.));
#1931=DIRECTION('center_axis',(-0.866025403784438,-0.500000000000001,0.));
#1932=DIRECTION('ref_axis',(0.500000000000001,-0.866025403784438,0.));
#1933=DIRECTION('',(0.,0.,1.));
#1934=DIRECTION('',(0.500000000000001,-0.866025403784438,0.));
#1935=DIRECTION('center_axis',(-0.866025613755284,0.499999636319651,0.));
#1936=DIRECTION('ref_axis',(-0.499999636319651,-0.866025613755284,0.));
#1937=DIRECTION('',(0.,0.,1.));
#1938=DIRECTION('',(-0.499999636319651,-0.866025613755284,0.));
#1939=DIRECTION('center_axis',(-4.19941843792354E-7,0.999999999999912,0.));
#1940=DIRECTION('ref_axis',(-0.999999999999912,-4.19941843792354E-7,0.));
#1941=DIRECTION('',(0.,0.,1.));
#1942=DIRECTION('',(-0.999999999999912,-4.19941843792354E-7,0.));
#1943=DIRECTION('center_axis',(0.86602519381344,0.500000363680261,0.));
#1944=DIRECTION('ref_axis',(-0.500000363680261,0.86602519381344,0.));
#1945=DIRECTION('',(0.,0.,1.));
#1946=DIRECTION('',(-0.500000363680261,0.86602519381344,0.));
#1947=DIRECTION('center_axis',(0.866025613755283,-0.499999636319652,0.));
#1948=DIRECTION('ref_axis',(0.499999636319652,0.866025613755283,0.));
#1949=DIRECTION('',(0.499999636319652,0.866025613755283,0.));
#1950=DIRECTION('center_axis',(0.,0.,-1.));
#1951=DIRECTION('ref_axis',(-1.,0.,0.));
#1952=DIRECTION('center_axis',(0.,0.,-1.));
#1953=DIRECTION('ref_axis',(0.866025403784439,0.499999999999999,0.));
#1954=DIRECTION('center_axis',(0.,0.,1.));
#1955=DIRECTION('ref_axis',(0.866025403784439,0.499999999999999,0.));
#1956=DIRECTION('',(0.,0.,1.));
#1957=DIRECTION('center_axis',(0.,0.,-1.));
#1958=DIRECTION('ref_axis',(0.866025403784439,0.499999999999999,0.));
#1959=DIRECTION('center_axis',(0.,0.,1.));
#1960=DIRECTION('ref_axis',(0.,1.,0.));
#1961=DIRECTION('center_axis',(0.,-1.,0.));
#1962=DIRECTION('ref_axis',(0.,0.,1.));
#1963=DIRECTION('',(1.,0.,0.));
#1964=DIRECTION('center_axis',(0.,0.,-1.));
#1965=DIRECTION('ref_axis',(0.,-1.,0.));
#1966=DIRECTION('center_axis',(0.,0.,-1.));
#1967=DIRECTION('ref_axis',(0.,-1.,0.));
#1968=DIRECTION('',(-1.,0.,0.));
#1969=DIRECTION('center_axis',(0.,1.,0.));
#1970=DIRECTION('ref_axis',(0.,0.,-1.));
#1971=DIRECTION('center_axis',(0.,0.,-1.));
#1972=DIRECTION('ref_axis',(1.,0.,0.));
#1973=DIRECTION('center_axis',(0.,0.,1.));
#1974=DIRECTION('ref_axis',(1.,0.,0.));
#1975=DIRECTION('',(0.,0.,1.));
#1976=DIRECTION('center_axis',(0.,0.,1.));
#1977=DIRECTION('ref_axis',(1.,0.,0.));
#1978=DIRECTION('center_axis',(0.,0.,-1.));
#1979=DIRECTION('ref_axis',(1.,0.,0.));
#1980=DIRECTION('center_axis',(0.,0.,1.));
#1981=DIRECTION('ref_axis',(1.,0.,0.));
#1982=DIRECTION('',(0.,0.,1.));
#1983=DIRECTION('center_axis',(0.,0.,1.));
#1984=DIRECTION('ref_axis',(1.,0.,0.));
#1985=DIRECTION('center_axis',(0.,1.,0.));
#1986=DIRECTION('ref_axis',(1.,0.,0.));
#1987=DIRECTION('',(-1.,0.,0.));
#1988=DIRECTION('',(0.,0.,-1.));
#1989=DIRECTION('',(1.,0.,0.));
#1990=DIRECTION('',(0.,0.,-1.));
#1991=DIRECTION('center_axis',(-1.,0.,0.));
#1992=DIRECTION('ref_axis',(0.,1.,0.));
#1993=DIRECTION('',(0.,-1.,0.));
#1994=DIRECTION('',(0.,1.,0.));
#1995=DIRECTION('',(0.,0.,-1.));
#1996=DIRECTION('center_axis',(0.,-1.,0.));
#1997=DIRECTION('ref_axis',(-1.,0.,0.));
#1998=DIRECTION('',(1.,0.,0.));
#1999=DIRECTION('',(-1.,0.,0.));
#2000=DIRECTION('',(0.,0.,-1.));
#2001=DIRECTION('center_axis',(1.,0.,0.));
#2002=DIRECTION('ref_axis',(0.,-1.,0.));
#2003=DIRECTION('',(0.,1.,0.));
#2004=DIRECTION('',(0.,-1.,0.));
#2005=DIRECTION('center_axis',(0.,0.,-1.));
#2006=DIRECTION('ref_axis',(0.,-1.,0.));
#2007=DIRECTION('center_axis',(0.,0.,-1.));
#2008=DIRECTION('ref_axis',(0.,-1.,0.));
#2009=DIRECTION('center_axis',(0.,0.,-1.));
#2010=DIRECTION('ref_axis',(1.,0.,0.));
#2011=DIRECTION('center_axis',(0.,0.,1.));
#2012=DIRECTION('ref_axis',(1.,0.,0.));
#2013=DIRECTION('',(0.,0.,1.));
#2014=DIRECTION('center_axis',(0.,0.,1.));
#2015=DIRECTION('ref_axis',(1.,0.,0.));
#2016=DIRECTION('center_axis',(0.,0.,-1.));
#2017=DIRECTION('ref_axis',(-1.,0.,0.));
#2018=DIRECTION('center_axis',(0.,0.,1.));
#2019=DIRECTION('ref_axis',(-1.,0.,0.));
#2020=DIRECTION('',(0.,0.,1.));
#2021=DIRECTION('center_axis',(0.,0.,1.));
#2022=DIRECTION('ref_axis',(-1.,0.,0.));
#2023=DIRECTION('center_axis',(0.,1.,0.));
#2024=DIRECTION('ref_axis',(1.,0.,0.));
#2025=DIRECTION('',(-1.,0.,0.));
#2026=DIRECTION('',(0.,0.,-1.));
#2027=DIRECTION('',(1.,0.,0.));
#2028=DIRECTION('',(0.,0.,-1.));
#2029=DIRECTION('center_axis',(-1.,0.,0.));
#2030=DIRECTION('ref_axis',(0.,1.,0.));
#2031=DIRECTION('',(0.,1.,0.));
#2032=DIRECTION('',(0.,1.,0.));
#2033=DIRECTION('',(0.,0.,-1.));
#2034=DIRECTION('center_axis',(0.,-1.,0.));
#2035=DIRECTION('ref_axis',(-1.,0.,0.));
#2036=DIRECTION('',(1.,0.,0.));
#2037=DIRECTION('',(-1.,0.,0.));
#2038=DIRECTION('',(0.,0.,-1.));
#2039=DIRECTION('center_axis',(1.,0.,0.));
#2040=DIRECTION('ref_axis',(0.,-1.,0.));
#2041=DIRECTION('',(0.,1.,0.));
#2042=DIRECTION('',(0.,-1.,0.));
#2043=DIRECTION('center_axis',(0.,0.,-1.));
#2044=DIRECTION('ref_axis',(0.,-1.,0.));
#2045=DIRECTION('center_axis',(0.,0.,-1.));
#2046=DIRECTION('ref_axis',(0.,-1.,0.));
#2047=CARTESIAN_POINT('',(0.,0.,0.));
#2048=CARTESIAN_POINT('Origin',(0.,18.6568547263295,13.1837329864502));
#2049=CARTESIAN_POINT('',(0.,18.6568547263295,17.1837329864502));
#2050=CARTESIAN_POINT('',(0.,15.8284276015834,16.0121601111964));
#2051=CARTESIAN_POINT('Origin',(0.,18.6568547263295,13.1837329864502));
#2052=CARTESIAN_POINT('',(-25.,15.8284276015834,16.0121601111964));
#2053=CARTESIAN_POINT('',(0.,15.8284276015834,16.0121601111964));
#2054=CARTESIAN_POINT('',(-25.,18.6568547263295,17.1837329864502));
#2055=CARTESIAN_POINT('Origin',(-25.,18.6568547263295,13.1837329864502));
#2056=CARTESIAN_POINT('',(0.,18.6568547263295,17.1837329864502));
#2057=CARTESIAN_POINT('Origin',(0.,17.0000004768372,17.1837329864502));
#2058=CARTESIAN_POINT('',(0.,15.171573352091,15.355305861704));
#2059=CARTESIAN_POINT('',(0.,12.0000004768372,12.1837329864502));
#2060=CARTESIAN_POINT('',(-25.,15.171573352091,15.355305861704));
#2061=CARTESIAN_POINT('',(0.,15.171573352091,15.355305861704));
#2062=CARTESIAN_POINT('',(-25.,12.0000004768372,12.1837329864502));
#2063=CARTESIAN_POINT('Origin',(0.,18.0000004768372,12.5268787369578));
#2064=CARTESIAN_POINT('',(0.,14.0000004768372,12.5268787369578));
#2065=CARTESIAN_POINT('Origin',(0.,18.0000004768372,12.5268787369578));
#2066=CARTESIAN_POINT('',(-25.,14.0000004768372,12.5268787369578));
#2067=CARTESIAN_POINT('',(0.,14.0000004768372,12.5268787369578));
#2068=CARTESIAN_POINT('Origin',(-25.,18.0000004768372,12.5268787369578));
#2069=CARTESIAN_POINT('Origin',(0.,14.0000004768372,12.1837329864502));
#2070=CARTESIAN_POINT('',(0.,14.0000004768372,0.));
#2071=CARTESIAN_POINT('',(0.,14.0000004768372,12.1837329864502));
#2072=CARTESIAN_POINT('',(-25.,14.0000004768372,0.));
#2073=CARTESIAN_POINT('',(0.,14.0000004768372,0.));
#2074=CARTESIAN_POINT('',(-25.,14.0000004768372,0.));
#2075=CARTESIAN_POINT('Origin',(0.,105.999785900116,12.5268787369578));
#2076=CARTESIAN_POINT('',(-25.,108.828213024862,15.355305861704));
#2077=CARTESIAN_POINT('',(-25.,109.999785900116,12.5268787369578));
#2078=CARTESIAN_POINT('Origin',(-25.,105.999785900116,12.5268787369578));
#2079=CARTESIAN_POINT('',(0.,109.999785900116,12.5268787369578));
#2080=CARTESIAN_POINT('',(0.,109.999785900116,12.5268787369578));
#2081=CARTESIAN_POINT('',(0.,108.828213024862,15.355305861704));
#2082=CARTESIAN_POINT('Origin',(0.,105.999785900116,12.5268787369578));
#2083=CARTESIAN_POINT('',(0.,108.828213024862,15.355305861704));
#2084=CARTESIAN_POINT('Origin',(0.,109.999785900116,0.));
#2085=CARTESIAN_POINT('',(-25.,109.999785900116,0.));
#2086=CARTESIAN_POINT('',(-25.,109.999785900116,12.1837329864502));
#2087=CARTESIAN_POINT('',(0.,109.999785900116,0.));
#2088=CARTESIAN_POINT('',(0.,109.999785900116,0.));
#2089=CARTESIAN_POINT('',(0.,109.999785900116,0.));
#2090=CARTESIAN_POINT('Origin',(0.,105.342931650624,13.1837329864502));
#2091=CARTESIAN_POINT('',(0.,108.17135877537,16.0121601111964));
#2092=CARTESIAN_POINT('',(0.,105.342931650624,17.1837329864502));
#2093=CARTESIAN_POINT('Origin',(0.,105.342931650624,13.1837329864502));
#2094=CARTESIAN_POINT('',(-25.,105.342931650624,17.1837329864502));
#2095=CARTESIAN_POINT('',(0.,105.342931650624,17.1837329864502));
#2096=CARTESIAN_POINT('',(-25.,108.17135877537,16.0121601111964));
#2097=CARTESIAN_POINT('Origin',(-25.,105.342931650624,13.1837329864502));
#2098=CARTESIAN_POINT('',(0.,108.17135877537,16.0121601111964));
#2099=CARTESIAN_POINT('Origin',(0.,106.999785900116,17.1837329864502));
#2100=CARTESIAN_POINT('',(-25.,17.0000004768372,17.1837329864502));
#2101=CARTESIAN_POINT('',(0.,17.0000004768372,17.1837329864502));
#2102=CARTESIAN_POINT('',(-15.4444811837373,56.8999973776795,17.1837329864502));
#2103=CARTESIAN_POINT('',(-9.55550772410212,56.9000010872178,17.1837329864502));
#2104=CARTESIAN_POINT('',(-7.72222481262923,56.9000022420256,17.1837329864502));
#2105=CARTESIAN_POINT('',(-6.61102420683887,62.0000010872177,17.1837329864502));
#2106=CARTESIAN_POINT('',(2.4858453371092,77.7562566077975,17.1837329864502));
#2107=CARTESIAN_POINT('',(-9.55551200750788,67.0999986141923,17.1837329864502));
#2108=CARTESIAN_POINT('',(-15.5273889063545,77.4435827881849,17.1837329864502));
#2109=CARTESIAN_POINT('',(-15.4444833254401,67.0999961411668,17.1837329864502));
#2110=CARTESIAN_POINT('',(-4.77774762595966,67.1000006205755,17.1837329864502));
#2111=CARTESIAN_POINT('',(-18.3889668427034,61.9999961411668,17.1837329864502));
#2112=CARTESIAN_POINT('',(-4.87537202286046,85.4062516617465,17.1837329864502));
#2113=CARTESIAN_POINT('',(-25.8330862614177,74.89358919199,17.1837329864502));
#2114=CARTESIAN_POINT('Origin',(0.,11.2426406871193,26.1837310791016));
#2115=CARTESIAN_POINT('',(-25.,11.2426406871193,29.1837310791016));
#2116=CARTESIAN_POINT('',(-25.,9.12132034355964,28.3050514226612));
#2117=CARTESIAN_POINT('Origin',(-25.,11.2426406871193,26.1837310791016));
#2118=CARTESIAN_POINT('',(0.,9.12132034355964,28.3050514226612));
#2119=CARTESIAN_POINT('',(0.,9.12132034355965,28.3050514226612));
#2120=CARTESIAN_POINT('',(0.,11.2426406871193,29.1837310791016));
#2121=CARTESIAN_POINT('Origin',(0.,11.2426406871193,26.1837310791016));
#2122=CARTESIAN_POINT('',(0.,11.2426406871193,29.1837310791016));
#2123=CARTESIAN_POINT('Origin',(0.,0.,19.1837310791016));
#2124=CARTESIAN_POINT('',(-25.,-3.12132034355964,16.0624107355419));
#2125=CARTESIAN_POINT('',(-25.,0.,19.1837310791016));
#2126=CARTESIAN_POINT('',(0.,-3.12132034355964,16.0624107355419));
#2127=CARTESIAN_POINT('',(0.,-3.12132034355964,16.0624107355419));
#2128=CARTESIAN_POINT('',(0.,0.,19.1837310791016));
#2129=CARTESIAN_POINT('Origin',(-25.,61.9998919963837,14.5918655395508));
#2130=CARTESIAN_POINT('',(-25.,112.757143305648,29.1837310791016));
#2131=CARTESIAN_POINT('',(-25.,10.,29.1837310791016));
#2132=CARTESIAN_POINT('',(-25.,114.878463649208,28.3050514226612));
#2133=CARTESIAN_POINT('Origin',(-25.,112.757143305648,26.1837310791016));
#2134=CARTESIAN_POINT('',(-25.,127.121104336327,16.0624107355419));
#2135=CARTESIAN_POINT('',(-25.,113.999783992767,29.1837310791016));
#2136=CARTESIAN_POINT('',(-25.,127.999783992767,13.9410903919823));
#2137=CARTESIAN_POINT('Origin',(-25.,124.999783992767,13.9410903919823));
#2138=CARTESIAN_POINT('',(-25.,127.999783992767,0.));
#2139=CARTESIAN_POINT('',(-25.,127.999783992767,16.8877983093262));
#2140=CARTESIAN_POINT('',(-25.,111.999785900116,0.));
#2141=CARTESIAN_POINT('',(-25.,106.999785900116,17.1837329864502));
#2142=CARTESIAN_POINT('',(-25.,-4.,0.));
#2143=CARTESIAN_POINT('',(-25.,12.0000004768372,0.));
#2144=CARTESIAN_POINT('',(-25.,-4.,13.9410903919823));
#2145=CARTESIAN_POINT('',(-25.,-4.,7.29593276977539));
#2146=CARTESIAN_POINT('Origin',(-25.,-1.,13.9410903919823));
#2147=CARTESIAN_POINT('',(-25.,11.099997214973,6.));
#2148=CARTESIAN_POINT('',(-25.,11.099997214973,12.));
#2149=CARTESIAN_POINT('',(-25.,11.099997214973,10.2959327697754));
#2150=CARTESIAN_POINT('',(-25.,0.899997062981118,12.));
#2151=CARTESIAN_POINT('',(-25.,33.9999445676804,12.));
#2152=CARTESIAN_POINT('',(-25.,0.899997062981118,6.));
#2153=CARTESIAN_POINT('',(-25.,0.899997062981122,10.2959327697754));
#2154=CARTESIAN_POINT('',(-25.,33.9999445676804,6.));
#2155=CARTESIAN_POINT('',(-25.,123.099997214973,6.));
#2156=CARTESIAN_POINT('',(-25.,123.099997214973,12.));
#2157=CARTESIAN_POINT('',(-25.,123.099997214973,10.2959327697754));
#2158=CARTESIAN_POINT('',(-25.,112.899997062981,12.));
#2159=CARTESIAN_POINT('',(-25.,89.9999445676804,12.));
#2160=CARTESIAN_POINT('',(-25.,112.899997062981,6.));
#2161=CARTESIAN_POINT('',(-25.,112.899997062981,10.2959327697754));
#2162=CARTESIAN_POINT('',(-25.,89.9999445676804,6.));
#2163=CARTESIAN_POINT('Origin',(0.,112.757143305648,26.1837310791016));
#2164=CARTESIAN_POINT('',(0.,112.757143305648,29.1837310791016));
#2165=CARTESIAN_POINT('',(0.,112.757143305648,29.1837310791016));
#2166=CARTESIAN_POINT('',(0.,114.878463649208,28.3050514226612));
#2167=CARTESIAN_POINT('Origin',(0.,112.757143305648,26.1837310791016));
#2168=CARTESIAN_POINT('',(0.,114.878463649208,28.3050514226612));
#2169=CARTESIAN_POINT('Origin',(0.,113.999783992767,29.1837310791016));
#2170=CARTESIAN_POINT('',(0.,127.121104336327,16.0624107355419));
#2171=CARTESIAN_POINT('',(0.,113.999783992767,29.1837310791016));
#2172=CARTESIAN_POINT('',(0.,127.121104336327,16.0624107355419));
#2173=CARTESIAN_POINT('Origin',(0.,124.999783992767,13.9410903919823));
#2174=CARTESIAN_POINT('',(0.,127.999783992767,13.9410903919823));
#2175=CARTESIAN_POINT('Origin',(0.,124.999783992767,13.9410903919823));
#2176=CARTESIAN_POINT('',(0.,127.999783992767,13.9410903919823));
#2177=CARTESIAN_POINT('Origin',(0.,-1.,13.9410903919823));
#2178=CARTESIAN_POINT('',(0.,-4.,13.9410903919823));
#2179=CARTESIAN_POINT('',(0.,-4.,13.9410903919823));
#2180=CARTESIAN_POINT('Origin',(0.,-1.,13.9410903919823));
#2181=CARTESIAN_POINT('Origin',(0.,61.9998919963837,14.5918655395508));
#2182=CARTESIAN_POINT('',(0.,-4.,0.));
#2183=CARTESIAN_POINT('',(0.,-4.,7.29593276977539));
#2184=CARTESIAN_POINT('',(0.,0.,0.));
#2185=CARTESIAN_POINT('',(0.,106.999785900116,17.1837329864502));
#2186=CARTESIAN_POINT('',(0.,127.999783992767,0.));
#2187=CARTESIAN_POINT('',(0.,111.999785900116,0.));
#2188=CARTESIAN_POINT('',(0.,127.999783992767,16.8877983093262));
#2189=CARTESIAN_POINT('',(0.,10.,29.1837310791016));
#2190=CARTESIAN_POINT('',(0.,0.900000013411043,6.));
#2191=CARTESIAN_POINT('',(0.,0.900000013411043,12.));
#2192=CARTESIAN_POINT('',(0.,0.900000013411042,10.2959327697754));
#2193=CARTESIAN_POINT('',(0.,11.1000001654029,12.));
#2194=CARTESIAN_POINT('',(0.,33.9999460428953,12.));
#2195=CARTESIAN_POINT('',(0.,11.1000001654029,6.));
#2196=CARTESIAN_POINT('',(0.,11.1000001654029,10.2959327697754));
#2197=CARTESIAN_POINT('',(0.,33.9999460428953,6.));
#2198=CARTESIAN_POINT('',(0.,123.100000132024,12.));
#2199=CARTESIAN_POINT('',(0.,123.100000132024,6.));
#2200=CARTESIAN_POINT('',(0.,123.100000132024,10.2959327697754));
#2201=CARTESIAN_POINT('',(0.,112.899999980032,6.));
#2202=CARTESIAN_POINT('',(0.,89.999946026206,6.));
#2203=CARTESIAN_POINT('',(0.,112.899999980032,12.));
#2204=CARTESIAN_POINT('',(0.,112.899999980032,10.2959327697754));
#2205=CARTESIAN_POINT('',(0.,89.999946026206,12.));
#2206=CARTESIAN_POINT('Origin',(0.,111.999785900116,12.1837329864502));
#2207=CARTESIAN_POINT('Origin',(-18.9999993517995,5.9999954366684,0.));
#2208=CARTESIAN_POINT('',(-15.7499993517995,5.9999954366684,12.));
#2209=CARTESIAN_POINT('Origin',(-18.9999993517995,5.9999954366684,12.));
#2210=CARTESIAN_POINT('',(-15.7499993517995,5.9999954366684,20.));
#2211=CARTESIAN_POINT('',(-15.7499993517995,5.9999954366684,0.));
#2212=CARTESIAN_POINT('Origin',(-18.9999993517995,5.9999954366684,20.));
#2213=CARTESIAN_POINT('Origin',(-18.9999993517995,5.9999954366684,0.));
#2214=CARTESIAN_POINT('',(-15.7499993517995,5.9999954366684,0.));
#2215=CARTESIAN_POINT('Origin',(-18.9999993517995,5.9999954366684,0.));
#2216=CARTESIAN_POINT('',(-15.7499993517995,5.9999954366684,6.));
#2217=CARTESIAN_POINT('',(-15.7499993517995,5.9999954366684,0.));
#2218=CARTESIAN_POINT('Origin',(-18.9999993517995,5.9999954366684,6.));
#2219=CARTESIAN_POINT('Origin',(-18.9999993517995,5.9999954366684,20.));
#2220=CARTESIAN_POINT('Origin',(-6.00000008940697,118.000001758337,0.));
#2221=CARTESIAN_POINT('',(-9.25000008940697,118.000001758337,0.));
#2222=CARTESIAN_POINT('Origin',(-6.00000008940697,118.000001758337,0.));
#2223=CARTESIAN_POINT('',(-9.25000008940697,118.000001758337,6.));
#2224=CARTESIAN_POINT('',(-9.25000008940697,118.000001758337,0.));
#2225=CARTESIAN_POINT('Origin',(-6.00000008940697,118.000001758337,6.));
#2226=CARTESIAN_POINT('Origin',(-6.00000008940697,118.000001758337,0.));
#2227=CARTESIAN_POINT('',(-9.25000008940697,118.000001758337,12.));
#2228=CARTESIAN_POINT('Origin',(-6.00000008940697,118.000001758337,12.));
#2229=CARTESIAN_POINT('',(-9.25000008940697,118.000001758337,20.));
#2230=CARTESIAN_POINT('',(-9.25000008940697,118.000001758337,0.));
#2231=CARTESIAN_POINT('Origin',(-6.00000008940697,118.000001758337,20.));
#2232=CARTESIAN_POINT('Origin',(-6.00000008940697,118.000001758337,20.));
#2233=CARTESIAN_POINT('Origin',(-6.00000008940697,6.00000008940697,0.));
#2234=CARTESIAN_POINT('',(-9.25000008940697,6.00000008940697,12.));
#2235=CARTESIAN_POINT('Origin',(-6.00000008940697,6.00000008940697,12.));
#2236=CARTESIAN_POINT('',(-9.25000008940697,6.00000008940697,20.));
#2237=CARTESIAN_POINT('',(-9.25000008940697,6.00000008940697,0.));
#2238=CARTESIAN_POINT('Origin',(-6.00000008940697,6.00000008940697,20.));
#2239=CARTESIAN_POINT('Origin',(-6.00000008940697,6.00000008940697,0.));
#2240=CARTESIAN_POINT('',(-9.25000008940697,6.00000008940697,0.));
#2241=CARTESIAN_POINT('Origin',(-6.00000008940697,6.00000008940697,0.));
#2242=CARTESIAN_POINT('',(-9.25000008940697,6.00000008940697,6.));
#2243=CARTESIAN_POINT('',(-9.25000008940697,6.00000008940697,0.));
#2244=CARTESIAN_POINT('Origin',(-6.00000008940697,6.00000008940697,6.));
#2245=CARTESIAN_POINT('Origin',(-6.00000008940697,6.00000008940697,20.));
#2246=CARTESIAN_POINT('Origin',(-19.0000003017485,118.000001850724,0.));
#2247=CARTESIAN_POINT('',(-22.2500003017485,118.000001850724,12.));
#2248=CARTESIAN_POINT('Origin',(-19.0000003017485,118.000001850724,12.));
#2249=CARTESIAN_POINT('',(-22.2500003017485,118.000001850724,20.));
#2250=CARTESIAN_POINT('',(-22.2500003017485,118.000001850724,0.));
#2251=CARTESIAN_POINT('Origin',(-19.0000003017485,118.000001850724,20.));
#2252=CARTESIAN_POINT('Origin',(-19.0000003017485,118.000001850724,0.));
#2253=CARTESIAN_POINT('',(-22.2500003017485,118.000001850724,0.));
#2254=CARTESIAN_POINT('Origin',(-19.0000003017485,118.000001850724,0.));
#2255=CARTESIAN_POINT('',(-22.2500003017485,118.000001850724,6.));
#2256=CARTESIAN_POINT('',(-22.2500003017485,118.000001850724,0.));
#2257=CARTESIAN_POINT('Origin',(-19.0000003017485,118.000001850724,6.));
#2258=CARTESIAN_POINT('Origin',(-19.0000003017485,118.000001850724,20.));
#2259=CARTESIAN_POINT('Origin',(1.14000001698733,11.1000001654029,6.));
#2260=CARTESIAN_POINT('',(-8.94448650615032,11.1000001654029,12.));
#2261=CARTESIAN_POINT('',(1.14000001698733,11.1000001654029,12.));
#2262=CARTESIAN_POINT('',(-8.94448650615032,11.1000001654029,6.));
#2263=CARTESIAN_POINT('',(-8.94448650615032,11.1000001654029,6.));
#2264=CARTESIAN_POINT('',(1.14000001698733,11.1000001654029,6.));
#2265=CARTESIAN_POINT('Origin',(-5.37448645295317,6.00000008940697,6.));
#2266=CARTESIAN_POINT('',(-11.8889729228937,6.00000008940697,6.));
#2267=CARTESIAN_POINT('',(-8.94448650615032,11.1000001654029,6.));
#2268=CARTESIAN_POINT('',(-8.94448650615032,0.900000013411048,6.));
#2269=CARTESIAN_POINT('',(-11.8889729228937,6.00000008940697,6.));
#2270=CARTESIAN_POINT('',(-3.05551367266361,0.900000013411045,6.));
#2271=CARTESIAN_POINT('Origin',(-11.8889729228937,6.00000008940697,6.));
#2272=CARTESIAN_POINT('',(-11.8889729228937,6.00000008940697,12.));
#2273=CARTESIAN_POINT('',(-11.8889729228937,6.00000008940697,6.));
#2274=CARTESIAN_POINT('',(-8.94448650615032,0.900000013411049,12.));
#2275=CARTESIAN_POINT('',(-11.8889729228937,6.00000008940697,12.));
#2276=CARTESIAN_POINT('',(-8.94448650615032,0.900000013411048,6.));
#2277=CARTESIAN_POINT('Origin',(-8.94448650615032,11.1000001654029,6.));
#2278=CARTESIAN_POINT('',(-8.94448650615032,11.1000001654029,12.));
#2279=CARTESIAN_POINT('Origin',(-8.94448650615033,0.900000013411048,6.));
#2280=CARTESIAN_POINT('',(-3.05551367266361,0.900000013411045,12.));
#2281=CARTESIAN_POINT('Origin',(-5.37448645295317,6.00000008940697,12.));
#2282=CARTESIAN_POINT('Origin',(-26.1399994581938,112.899997062981,6.));
#2283=CARTESIAN_POINT('',(-16.0555129350561,112.899997062981,12.));
#2284=CARTESIAN_POINT('',(-26.1399994581938,112.899997062981,12.));
#2285=CARTESIAN_POINT('',(-16.0555129350561,112.899997062981,6.));
#2286=CARTESIAN_POINT('',(-16.0555129350561,112.899997062981,6.));
#2287=CARTESIAN_POINT('',(-26.1399994581938,112.899997062981,6.));
#2288=CARTESIAN_POINT('Origin',(-19.6255129882533,117.999997138977,6.));
#2289=CARTESIAN_POINT('',(-13.1110265183128,117.999997138977,6.));
#2290=CARTESIAN_POINT('',(-16.0555129350561,112.899997062981,6.));
#2291=CARTESIAN_POINT('',(-16.0555129350561,123.099997214973,6.));
#2292=CARTESIAN_POINT('',(-13.1110265183128,117.999997138977,6.));
#2293=CARTESIAN_POINT('',(-16.0555129350561,123.099997214973,6.));
#2294=CARTESIAN_POINT('Origin',(-16.0555129350561,123.099997214973,6.));
#2295=CARTESIAN_POINT('',(-16.0555129350561,123.099997214973,12.));
#2296=CARTESIAN_POINT('',(-16.0555129350561,123.099997214973,6.));
#2297=CARTESIAN_POINT('',(-16.0555129350561,123.099997214973,12.));
#2298=CARTESIAN_POINT('Origin',(-13.1110265183128,117.999997138977,6.));
#2299=CARTESIAN_POINT('',(-13.1110265183128,117.999997138977,12.));
#2300=CARTESIAN_POINT('',(-13.1110265183128,117.999997138977,6.));
#2301=CARTESIAN_POINT('',(-13.1110265183128,117.999997138977,12.));
#2302=CARTESIAN_POINT('Origin',(-16.0555129350561,112.899997062981,6.));
#2303=CARTESIAN_POINT('',(-16.0555129350561,112.899997062981,12.));
#2304=CARTESIAN_POINT('Origin',(-19.6255129882533,117.999997138977,12.));
#2305=CARTESIAN_POINT('Origin',(-26.1399994581938,0.899997062981118,6.));
#2306=CARTESIAN_POINT('',(-16.0555129350561,0.899997062981118,12.));
#2307=CARTESIAN_POINT('',(-26.1399994581938,0.899997062981118,12.));
#2308=CARTESIAN_POINT('',(-16.0555129350561,0.899997062981118,6.));
#2309=CARTESIAN_POINT('',(-16.0555129350561,0.899997062981118,6.));
#2310=CARTESIAN_POINT('',(-26.1399994581938,0.899997062981118,6.));
#2311=CARTESIAN_POINT('Origin',(-19.6255129882533,5.99999713897704,6.));
#2312=CARTESIAN_POINT('',(-13.1110265183128,5.99999713897704,6.));
#2313=CARTESIAN_POINT('',(-16.0555129350561,0.899997062981118,6.));
#2314=CARTESIAN_POINT('',(-16.0555129350561,11.099997214973,6.));
#2315=CARTESIAN_POINT('',(-13.1110265183128,5.99999713897704,6.));
#2316=CARTESIAN_POINT('',(-16.0555129350561,11.099997214973,6.));
#2317=CARTESIAN_POINT('Origin',(-16.0555129350561,11.099997214973,6.));
#2318=CARTESIAN_POINT('',(-16.0555129350561,11.099997214973,12.));
#2319=CARTESIAN_POINT('',(-16.0555129350561,11.099997214973,6.));
#2320=CARTESIAN_POINT('',(-16.0555129350561,11.099997214973,12.));
#2321=CARTESIAN_POINT('Origin',(-13.1110265183128,5.99999713897704,6.));
#2322=CARTESIAN_POINT('',(-13.1110265183128,5.99999713897704,12.));
#2323=CARTESIAN_POINT('',(-13.1110265183128,5.99999713897704,6.));
#2324=CARTESIAN_POINT('',(-13.1110265183128,5.99999713897704,12.));
#2325=CARTESIAN_POINT('Origin',(-16.0555129350561,0.899997062981118,6.));
#2326=CARTESIAN_POINT('',(-16.0555129350561,0.899997062981118,12.));
#2327=CARTESIAN_POINT('Origin',(-19.6255129882533,5.99999713897704,12.));
#2328=CARTESIAN_POINT('Origin',(-8.94448650615032,112.899999980032,6.));
#2329=CARTESIAN_POINT('',(-8.94448650615032,112.899999980032,6.));
#2330=CARTESIAN_POINT('',(-8.94448650615032,112.899999980032,6.));
#2331=CARTESIAN_POINT('',(-8.94448650615032,112.899999980032,12.));
#2332=CARTESIAN_POINT('',(-8.94448650615032,112.899999980032,6.));
#2333=CARTESIAN_POINT('',(-8.94448650615032,112.899999980032,12.));
#2334=CARTESIAN_POINT('Origin',(-5.30337618866412,118.000000056028,12.));
#2335=CARTESIAN_POINT('',(-11.7467523943156,118.000000114369,12.));
#2336=CARTESIAN_POINT('',(-11.7467523943156,118.000000114369,12.));
#2337=CARTESIAN_POINT('',(-8.94448650615032,123.100000132024,12.));
#2338=CARTESIAN_POINT('',(-8.94448650615032,123.100000132024,12.));
#2339=CARTESIAN_POINT('',(1.14000001698733,123.100000132024,12.));
#2340=CARTESIAN_POINT('Origin',(-11.7467523943156,118.000000114369,6.));
#2341=CARTESIAN_POINT('',(-11.7467523943156,118.000000114369,6.));
#2342=CARTESIAN_POINT('',(-11.7467523943156,118.000000114369,6.));
#2343=CARTESIAN_POINT('',(-11.7467523943156,118.000000114369,6.));
#2344=CARTESIAN_POINT('Origin',(-8.94448650615032,123.100000132024,6.));
#2345=CARTESIAN_POINT('',(-8.94448650615032,123.100000132024,6.));
#2346=CARTESIAN_POINT('',(-8.94448650615032,123.100000132024,6.));
#2347=CARTESIAN_POINT('',(-8.94448650615032,123.100000132024,6.));
#2348=CARTESIAN_POINT('Origin',(1.14000001698733,123.100000132024,6.));
#2349=CARTESIAN_POINT('',(1.14000001698733,123.100000132024,6.));
#2350=CARTESIAN_POINT('Origin',(-5.30337618866412,118.000000056028,6.));
#2351=CARTESIAN_POINT('Origin',(-15.4444811837373,56.8999973776796,17.1837329864502));
#2352=CARTESIAN_POINT('',(-15.4444811837373,56.8999973776795,22.1837329864502));
#2353=CARTESIAN_POINT('',(-15.4444811837373,56.8999973776795,17.1837329864502));
#2354=CARTESIAN_POINT('',(-9.55550772410212,56.9000010872178,22.1837329864502));
#2355=CARTESIAN_POINT('',(-13.9722367479776,56.8999983050648,22.1837329864502));
#2356=CARTESIAN_POINT('',(-9.55550772410212,56.9000010872178,17.1837329864502));
#2357=CARTESIAN_POINT('Origin',(-18.3889668427034,61.9999961411668,17.1837329864502));
#2358=CARTESIAN_POINT('',(-18.3889668427034,61.9999961411668,22.1837329864502));
#2359=CARTESIAN_POINT('',(-18.3889668427034,61.9999961411668,17.1837329864502));
#2360=CARTESIAN_POINT('',(-17.6528458295311,60.7249971458334,22.1837329864502));
#2361=CARTESIAN_POINT('Origin',(-15.4444833254401,67.0999961411668,17.1837329864502));
#2362=CARTESIAN_POINT('',(-15.4444833254401,67.0999961411668,22.1837329864502));
#2363=CARTESIAN_POINT('',(-15.4444833254401,67.0999961411668,17.1837329864502));
#2364=CARTESIAN_POINT('',(-16.1806043386123,65.8249959093205,22.1837329864502));
#2365=CARTESIAN_POINT('Origin',(-9.55551200750788,67.0999986141923,17.1837329864502));
#2366=CARTESIAN_POINT('',(-9.55551200750788,67.0999986141923,22.1837329864502));
#2367=CARTESIAN_POINT('',(-9.55551200750788,67.0999986141923,17.1837329864502));
#2368=CARTESIAN_POINT('',(-11.0277548369911,67.0999979959359,22.1837329864502));
#2369=CARTESIAN_POINT('Origin',(-6.61102420683887,62.0000010872177,17.1837329864502));
#2370=CARTESIAN_POINT('',(-6.61102420683887,62.0000010872177,22.1837329864502));
#2371=CARTESIAN_POINT('',(-6.61102420683887,62.0000010872177,17.1837329864502));
#2372=CARTESIAN_POINT('',(-7.34714602314963,63.2750002371154,22.1837329864502));
#2373=CARTESIAN_POINT('Origin',(-9.55550772410212,56.9000010872178,17.1837329864502));
#2374=CARTESIAN_POINT('',(-8.81938697864267,58.1750008553715,22.1837329864502));
#2375=CARTESIAN_POINT('Origin',(-12.4999955247711,61.9999979959359,22.1837329864502));
#2376=CARTESIAN_POINT('',(-15.3145780870706,60.3749986141923,22.1837329864502));
#2377=CARTESIAN_POINT('Origin',(-12.4999955247711,61.9999986141923,22.1837329864502));
#2378=CARTESIAN_POINT('Origin',(-12.4999955247711,61.9999986141923,0.));
#2379=CARTESIAN_POINT('',(-15.3145780870706,60.3749986141923,29.1837310791016));
#2380=CARTESIAN_POINT('',(-15.3145780870706,60.3749986141923,0.));
#2381=CARTESIAN_POINT('Origin',(-12.4999955247711,61.9999986141923,29.1837310791016));
#2382=CARTESIAN_POINT('Origin',(0.,10.,29.1837310791016));
#2383=CARTESIAN_POINT('Origin',(0.,-4.,0.));
#2384=CARTESIAN_POINT('',(0.,-4.,0.));
#2385=CARTESIAN_POINT('Origin',(0.,12.0000004768372,0.));
#2386=CARTESIAN_POINT('Origin',(0.,123.999783992767,0.));
#2387=CARTESIAN_POINT('',(0.,127.999783992767,0.));
#2388=CARTESIAN_POINT('Origin',(0.,127.999783992767,19.1837310791016));
#2389=CARTESIAN_POINT('Origin',(-19.0000003017485,118.000001850724,-5.));
#2390=CARTESIAN_POINT('',(-22.2500003017485,118.000001850724,-8.));
#2391=CARTESIAN_POINT('Origin',(-19.0000003017485,118.000001850724,-8.));
#2392=CARTESIAN_POINT('',(-22.2500003017485,118.000001850724,-5.));
#2393=CARTESIAN_POINT('',(-22.2500003017485,118.000001850724,-5.));
#2394=CARTESIAN_POINT('Origin',(-19.0000003017485,118.000001850724,-5.));
#2395=CARTESIAN_POINT('Origin',(-6.00000008940697,118.000001758337,-5.));
#2396=CARTESIAN_POINT('',(-9.25000008940697,118.000001758337,-8.));
#2397=CARTESIAN_POINT('Origin',(-6.00000008940697,118.000001758337,-8.));
#2398=CARTESIAN_POINT('',(-9.25000008940697,118.000001758337,-5.));
#2399=CARTESIAN_POINT('',(-9.25000008940697,118.000001758337,-5.));
#2400=CARTESIAN_POINT('Origin',(-6.00000008940697,118.000001758337,-5.));
#2401=CARTESIAN_POINT('Origin',(-25.,127.999783992767,-5.));
#2402=CARTESIAN_POINT('',(0.,127.999783992767,-5.));
#2403=CARTESIAN_POINT('',(-25.,127.999783992767,-5.));
#2404=CARTESIAN_POINT('',(0.,127.999783992767,-5.));
#2405=CARTESIAN_POINT('',(0.,127.999783992767,-8.));
#2406=CARTESIAN_POINT('',(0.,127.999783992767,-5.));
#2407=CARTESIAN_POINT('',(-25.,127.999783992767,-8.));
#2408=CARTESIAN_POINT('',(0.,127.999783992767,-8.));
#2409=CARTESIAN_POINT('',(-25.,127.999783992767,-5.));
#2410=CARTESIAN_POINT('Origin',(-25.,109.999785900116,-5.));
#2411=CARTESIAN_POINT('',(-25.,109.999785900116,-5.));
#2412=CARTESIAN_POINT('',(-25.,111.999785900116,-5.));
#2413=CARTESIAN_POINT('',(-25.,109.999785900116,-8.));
#2414=CARTESIAN_POINT('',(-25.,111.999785900116,-8.));
#2415=CARTESIAN_POINT('',(-25.,109.999785900116,-5.));
#2416=CARTESIAN_POINT('Origin',(0.,109.999785900116,-5.));
#2417=CARTESIAN_POINT('',(0.,109.999785900116,-5.));
#2418=CARTESIAN_POINT('',(0.,109.999785900116,-5.));
#2419=CARTESIAN_POINT('',(0.,109.999785900116,-8.));
#2420=CARTESIAN_POINT('',(0.,109.999785900116,-8.));
#2421=CARTESIAN_POINT('',(0.,109.999785900116,-5.));
#2422=CARTESIAN_POINT('Origin',(0.,127.999783992767,-5.));
#2423=CARTESIAN_POINT('',(0.,111.999785900116,-5.));
#2424=CARTESIAN_POINT('',(0.,111.999785900116,-8.));
#2425=CARTESIAN_POINT('Origin',(0.,123.999783992767,-8.));
#2426=CARTESIAN_POINT('Origin',(0.,123.999783992767,-5.));
#2427=CARTESIAN_POINT('Origin',(-6.00000008940697,6.00000008940697,-5.));
#2428=CARTESIAN_POINT('',(-9.25000008940697,6.00000008940697,-8.));
#2429=CARTESIAN_POINT('Origin',(-6.00000008940697,6.00000008940697,-8.));
#2430=CARTESIAN_POINT('',(-9.25000008940697,6.00000008940697,-5.));
#2431=CARTESIAN_POINT('',(-9.25000008940697,6.00000008940697,-5.));
#2432=CARTESIAN_POINT('Origin',(-6.00000008940697,6.00000008940697,-5.));
#2433=CARTESIAN_POINT('Origin',(-18.9999993517995,5.9999954366684,-5.));
#2434=CARTESIAN_POINT('',(-15.7499993517995,5.9999954366684,-8.));
#2435=CARTESIAN_POINT('Origin',(-18.9999993517995,5.9999954366684,-8.));
#2436=CARTESIAN_POINT('',(-15.7499993517995,5.9999954366684,-5.));
#2437=CARTESIAN_POINT('',(-15.7499993517995,5.9999954366684,-5.));
#2438=CARTESIAN_POINT('Origin',(-18.9999993517995,5.9999954366684,-5.));
#2439=CARTESIAN_POINT('Origin',(-25.,14.0000004768372,-5.));
#2440=CARTESIAN_POINT('',(0.,14.0000004768372,-5.));
#2441=CARTESIAN_POINT('',(-25.,14.0000004768372,-5.));
#2442=CARTESIAN_POINT('',(0.,14.0000004768372,-5.));
#2443=CARTESIAN_POINT('',(0.,14.0000004768372,-8.));
#2444=CARTESIAN_POINT('',(0.,14.0000004768372,-5.));
#2445=CARTESIAN_POINT('',(-25.,14.0000004768372,-8.));
#2446=CARTESIAN_POINT('',(0.,14.0000004768372,-8.));
#2447=CARTESIAN_POINT('',(-25.,14.0000004768372,-5.));
#2448=CARTESIAN_POINT('Origin',(-25.,-4.,-5.));
#2449=CARTESIAN_POINT('',(-25.,-4.,-5.));
#2450=CARTESIAN_POINT('',(-25.,12.0000004768372,-5.));
#2451=CARTESIAN_POINT('',(-25.,-4.,-8.));
#2452=CARTESIAN_POINT('',(-25.,12.0000004768372,-8.));
#2453=CARTESIAN_POINT('',(-25.,-4.,-5.));
#2454=CARTESIAN_POINT('Origin',(0.,-4.,-5.));
#2455=CARTESIAN_POINT('',(0.,-4.,-5.));
#2456=CARTESIAN_POINT('',(0.,-4.,-5.));
#2457=CARTESIAN_POINT('',(0.,-4.,-8.));
#2458=CARTESIAN_POINT('',(0.,-4.,-8.));
#2459=CARTESIAN_POINT('',(0.,-4.,-5.));
#2460=CARTESIAN_POINT('Origin',(0.,14.0000004768372,-5.));
#2461=CARTESIAN_POINT('',(0.,0.,-5.));
#2462=CARTESIAN_POINT('',(0.,0.,-8.));
#2463=CARTESIAN_POINT('Origin',(0.,12.0000004768372,-8.));
#2464=CARTESIAN_POINT('Origin',(0.,12.0000004768372,-5.));
#2465=UNCERTAINTY_MEASURE_WITH_UNIT(LENGTH_MEASURE(0.01),#2469,
'DISTANCE_ACCURACY_VALUE',
'Maximum model space distance between geometric entities at asserted c
onnectivities');
#2466=UNCERTAINTY_MEASURE_WITH_UNIT(LENGTH_MEASURE(0.01),#2469,
'DISTANCE_ACCURACY_VALUE',
'Maximum model space distance between geometric entities at asserted c
onnectivities');
#2467=(
GEOMETRIC_REPRESENTATION_CONTEXT(3)
GLOBAL_UNCERTAINTY_ASSIGNED_CONTEXT((#2465))
GLOBAL_UNIT_ASSIGNED_CONTEXT((#2469,#2471,#2472))
REPRESENTATION_CONTEXT('','3D')
);
#2468=(
GEOMETRIC_REPRESENTATION_CONTEXT(3)
GLOBAL_UNCERTAINTY_ASSIGNED_CONTEXT((#2466))
GLOBAL_UNIT_ASSIGNED_CONTEXT((#2469,#2471,#2472))
REPRESENTATION_CONTEXT('','3D')
);
#2469=(
LENGTH_UNIT()
NAMED_UNIT(*)
SI_UNIT(.MILLI.,.METRE.)
);
#2470=(
LENGTH_UNIT()
NAMED_UNIT(*)
SI_UNIT($,.METRE.)
);
#2471=(
NAMED_UNIT(*)
PLANE_ANGLE_UNIT()
SI_UNIT($,.RADIAN.)
);
#2472=(
NAMED_UNIT(*)
SI_UNIT($,.STERADIAN.)
SOLID_ANGLE_UNIT()
);
#2473=SHAPE_DEFINITION_REPRESENTATION(#2474,#2475);
#2474=PRODUCT_DEFINITION_SHAPE('',$,#2477);
#2475=SHAPE_REPRESENTATION('',(#1513),#2467);
#2476=PRODUCT_DEFINITION_CONTEXT('part definition',#2481,'design');
#2477=PRODUCT_DEFINITION('Support Bridge','Support Bridge v6',#2478,#2476);
#2478=PRODUCT_DEFINITION_FORMATION('',$,#2483);
#2479=PRODUCT_RELATED_PRODUCT_CATEGORY('Support Bridge v6',
'Support Bridge v6',(#2483));
#2480=APPLICATION_PROTOCOL_DEFINITION('international standard',
'automotive_design',2009,#2481);
#2481=APPLICATION_CONTEXT(
'Core Data for Automotive Mechanical Design Process');
#2482=PRODUCT_CONTEXT('part definition',#2481,'mechanical');
#2483=PRODUCT('Support Bridge','Support Bridge v6',$,(#2482));
#2484=PRESENTATION_STYLE_ASSIGNMENT((#2485));
#2485=SURFACE_STYLE_USAGE(.BOTH.,#2486);
#2486=SURFACE_SIDE_STYLE('',(#2487));
#2487=SURFACE_STYLE_FILL_AREA(#2488);
#2488=FILL_AREA_STYLE('Steel - Satin',(#2489));
#2489=FILL_AREA_STYLE_COLOUR('Steel - Satin',#2490);
#2490=COLOUR_RGB('Steel - Satin',0.627450980392157,0.627450980392157,0.627450980392157);
ENDSEC;
END-ISO-10303-21;
